time="2026-08-26T03:17:29+02:00" level=debug msg="###################################### "
time="2026-08-26T03:17:29+02:00" level=debug msg="OPA-PDP: Starting initialisation "
time="2026-08-26T03:17:29+02:00" level=debug msg="###################################### "
time="2026-08-26T03:17:29+02:00" level=warning msg="LOG_LEVEL not defined, using default value"
time="2026-08-26T03:17:29+02:00" level=warning msg="KAFKA_URL not defined, using default value"
time="2026-08-26T03:17:29+02:00" level=warning msg="PAP_TOPIC not defined, using default value"
time="2026-08-26T03:17:29+02:00" level=warning msg="PATCH_TOPIC not defined, using default value"
time="2026-08-26T03:17:29+02:00" level=warning msg="GROUPID not defined, using default value"
time="2026-08-26T03:17:29+02:00" level=warning msg="PATCH_GROUPID not defined, using default value"
time="2026-08-26T03:17:29+02:00" level=warning msg="API_USER not defined, using default value"
time="2026-08-26T03:17:29+02:00" level=warning msg="API_PASSWORD not defined, using default value"
time="2026-08-26T03:17:29+02:00" level=warning msg="UseSASLForKAFKA not defined, using default value"
time="2026-08-26T03:17:29+02:00" level=warning msg="JAASLOGIN not defined, using default value"
time="2026-08-26T03:17:29+02:00" level=warning msg="USE_KAFKA_FOR_PATCH not defined, using default value: false"
time="2026-08-26T03:17:29+02:00" level=debug msg="Configuration module: environment initialised"
=== RUN   TestHandleShutdown
2026/08/26 03:17:30 KafkaProducer or producer is nil, skipping Close.
--- PASS: TestHandleShutdown (0.50s)
=== RUN   TestKafkaConsumerInitializationFailure
flag provided but not defined: -test.testlogfile
Usage of opa-pdp:
  -healthcheck
    	probe the local healthcheck endpoint and exit
[36mINFO[0m[2026-08-26T03:17:30.0355+02:00] HTTP server started                          
Failed to write to log, can't make directories for new logfile: mkdir /var/logs: permission denied
[33mWARN[0m[2026-08-26T03:17:30.0361+02:00] Kafka consumer initialization failed: assert.AnError general error for testing 
Failed to write to log, can't make directories for new logfile: mkdir /var/logs: permission denied
--- PASS: TestKafkaConsumerInitializationFailure (0.01s)
=== RUN   TestKafkaConsumerInitializationSuccess
flag provided but not defined: -test.testlogfile
Usage of opa-pdp:
  -healthcheck
    	probe the local healthcheck endpoint and exit
[36mINFO[0m[2026-08-26T03:17:30.0488+02:00] HTTP server started                          
Failed to write to log, can't make directories for new logfile: mkdir /var/logs: permission denied
--- PASS: TestKafkaConsumerInitializationSuccess (0.01s)
=== RUN   TestKafkaNilConsumerInitialization
flag provided but not defined: -test.testlogfile
Usage of opa-pdp:
  -healthcheck
    	probe the local healthcheck endpoint and exit
[36mINFO[0m[2026-08-26T03:17:30.0632+02:00] HTTP server started                          
Failed to write to log, can't make directories for new logfile: mkdir /var/logs: permission denied
[33mWARN[0m[2026-08-26T03:17:30.0634+02:00] Kafka consumer initialization failed: <nil>  
Failed to write to log, can't make directories for new logfile: mkdir /var/logs: permission denied
--- PASS: TestKafkaNilConsumerInitialization (0.01s)
=== RUN   TestStartHTTPServer
--- PASS: TestStartHTTPServer (1.00s)
=== RUN   TestInitializeOPA
--- PASS: TestInitializeOPA (0.05s)
=== RUN   TestWaitForServer
--- PASS: TestWaitForServer (5.00s)
=== RUN   TestInitializeHandlers
--- PASS: TestInitializeHandlers (0.00s)
=== RUN   TestStartAndShutDownHTTPServer
[31mERRO[0m[2026-08-26T03:17:36.1234+02:00] Server error: listen tcp :8282: bind: address already in use 
Failed to write to log, can't make directories for new logfile: mkdir /var/logs: permission denied
--- PASS: TestStartAndShutDownHTTPServer (1.00s)
=== RUN   TestMainFunction_Failure
flag provided but not defined: -test.testlogfile
Usage of opa-pdp:
  -healthcheck
    	probe the local healthcheck endpoint and exit
[36mINFO[0m[2026-08-26T03:17:37.1754+02:00] HTTP server started                          
Failed to write to log, can't make directories for new logfile: mkdir /var/logs: permission denied
[31mERRO[0m[2026-08-26T03:17:37.1758+02:00] OPA initialization failed: OPA initialization failed 
Failed to write to log, can't make directories for new logfile: mkdir /var/logs: permission denied
--- PASS: TestMainFunction_Failure (0.05s)
=== RUN   TestHandleShutdown_ErrorScenario
2026/08/26 03:17:37 KafkaProducer or producer is nil, skipping Close.
[33mWARN[0m[2026-08-26T03:17:37.2782+02:00] Failed to unsubscribe consumer: unsubscribe error 
Failed to write to log, can't make directories for new logfile: mkdir /var/logs: permission denied
--- PASS: TestHandleShutdown_ErrorScenario (0.10s)
=== RUN   TestShutdownHTTPServer_Error
    opa-pdp_test.go:397: Expected error during shutdown: shutdown error
--- PASS: TestShutdownHTTPServer_Error (0.00s)
=== RUN   TestShutdownHTTPServerSucessful
=== RUN   TestShutdownHTTPServerSucessful/SuccessfulShutdown
=== RUN   TestShutdownHTTPServerSucessful/ShutdownWithError
--- PASS: TestShutdownHTTPServerSucessful (0.00s)
    --- PASS: TestShutdownHTTPServerSucessful/SuccessfulShutdown (0.00s)
    --- PASS: TestShutdownHTTPServerSucessful/ShutdownWithError (0.00s)
=== RUN   TestHandleMessages
--- PASS: TestHandleMessages (0.00s)
=== RUN   TestHandlePatchMessages
--- PASS: TestHandlePatchMessages (0.00s)
[33mWARN[0m[2026-08-26T03:17:37.2838+02:00] Not a valid Opa Pdp Message                  
Failed to write to log, can't make directories for new logfile: mkdir /var/logs: permission denied
[33mWARN[0m[2026-08-26T03:17:37.2841+02:00] Not a valid Opa Pdp Message                  
Failed to write to log, can't make directories for new logfile: mkdir /var/logs: permission denied
[33mWARN[0m[2026-08-26T03:17:37.2844+02:00] Ignoring message with unexpected type:       
=== RUN   TestMain_KafkaInitializationFailure
Failed to write to log, can't make directories for new logfile: mkdir /var/logs: permission denied
flag provided but not defined: -test.testlogfile
Usage of opa-pdp:
  -healthcheck
    	probe the local healthcheck endpoint and exit
[33mWARN[0m[2026-08-26T03:17:37.2849+02:00] Ignoring message with unexpected type:       
Failed to write to log, can't make directories for new logfile: mkdir /var/logs: permission denied
[33mWARN[0m[2026-08-26T03:17:37.2845+02:00] Not a valid Opa Pdp Message                  
Failed to write to log, can't make directories for new logfile: mkdir /var/logs: permission denied
[33mWARN[0m[2026-08-26T03:17:37.2854+02:00] Ignoring message with unexpected type:       
Failed to write to log, can't make directories for new logfile: mkdir /var/logs: permission denied
[33mWARN[0m[2026-08-26T03:17:37.2868+02:00] Ignoring message with unexpected type:       
Failed to write to log, can't make directories for new logfile: mkdir /var/logs: permission denied
[33mWARN[0m[2026-08-26T03:17:37.2872+02:00] Ignoring message with unexpected type:       
Failed to write to log, can't make directories for new logfile: mkdir /var/logs: permission denied
[33mWARN[0m[2026-08-26T03:17:37.2875+02:00] Ignoring message with unexpected type:       
Failed to write to log, can't make directories for new logfile: mkdir /var/logs: permission denied
[33mWARN[0m[2026-08-26T03:17:37.2878+02:00] Ignoring message with unexpected type:       
Failed to write to log, can't make directories for new logfile: mkdir /var/logs: permission denied
[33mWARN[0m[2026-08-26T03:17:37.2882+02:00] Ignoring message with unexpected type:       
Failed to write to log, can't make directories for new logfile: mkdir /var/logs: permission denied
[33mWARN[0m[2026-08-26T03:17:37.2884+02:00] Not a valid Opa Pdp Message                  
Failed to write to log, can't make directories for new logfile: mkdir /var/logs: permission denied
[33mWARN[0m[2026-08-26T03:17:37.2895+02:00] Not a valid Opa Pdp Message                  
Failed to write to log, can't make directories for new logfile: mkdir /var/logs: permission denied
[33mWARN[0m[2026-08-26T03:17:37.2897+02:00] Not a valid Opa Pdp Message                  
Failed to write to log, can't make directories for new logfile: mkdir /var/logs: permission denied
[33mWARN[0m[2026-08-26T03:17:37.2900+02:00] Not a valid Opa Pdp Message                  
Failed to write to log, can't make directories for new logfile: mkdir /var/logs: permission denied
[33mWARN[0m[2026-08-26T03:17:37.2904+02:00] Not a valid Opa Pdp Message                  
Failed to write to log, can't make directories for new logfile: mkdir /var/logs: permission denied
[33mWARN[0m[2026-08-26T03:17:37.2911+02:00] Not a valid Opa Pdp Message                  
Failed to write to log, can't make directories for new logfile: mkdir /var/logs: permission denied
[33mWARN[0m[2026-08-26T03:17:37.2914+02:00] Not a valid Opa Pdp Message                  
Failed to write to log, can't make directories for new logfile: mkdir /var/logs: permission denied
[33mWARN[0m[2026-08-26T03:17:37.2916+02:00] Ignoring message with unexpected type:       
Failed to write to log, can't make directories for new logfile: mkdir /var/logs: permission denied
[33mWARN[0m[2026-08-26T03:17:37.2918+02:00] Not a valid Opa Pdp Message                  
Failed to write to log, can't make directories for new logfile: mkdir /var/logs: permission denied
[33mWARN[0m[2026-08-26T03:17:37.2926+02:00] Not a valid Opa Pdp Message                  
Failed to write to log, can't make directories for new logfile: mkdir /var/logs: permission denied
[33mWARN[0m[2026-08-26T03:17:37.2929+02:00] Not a valid Opa Pdp Message                  
Failed to write to log, can't make directories for new logfile: mkdir /var/logs: permission denied
[33mWARN[0m[2026-08-26T03:17:37.2932+02:00] Not a valid Opa Pdp Message                  
Failed to write to log, can't make directories for new logfile: mkdir /var/logs: permission denied
[33mWARN[0m[2026-08-26T03:17:37.2941+02:00] Not a valid Opa Pdp Message                  
Failed to write to log, can't make directories for new logfile: mkdir /var/logs: permission denied
[33mWARN[0m[2026-08-26T03:17:37.2951+02:00] Not a valid Opa Pdp Message                  
Failed to write to log, can't make directories for new logfile: mkdir /var/logs: permission denied
[33mWARN[0m[2026-08-26T03:17:37.2955+02:00] Not a valid Opa Pdp Message                  
Failed to write to log, can't make directories for new logfile: mkdir /var/logs: permission denied
[33mWARN[0m[2026-08-26T03:17:37.2958+02:00] Not a valid Opa Pdp Message                  
Failed to write to log, can't make directories for new logfile: mkdir /var/logs: permission denied
[33mWARN[0m[2026-08-26T03:17:37.2926+02:00] Ignoring message with unexpected type:       
Failed to write to log, can't make directories for new logfile: mkdir /var/logs: permission denied
[33mWARN[0m[2026-08-26T03:17:37.2965+02:00] Ignoring message with unexpected type:       
Failed to write to log, can't make directories for new logfile: mkdir /var/logs: permission denied
[33mWARN[0m[2026-08-26T03:17:37.2968+02:00] Ignoring message with unexpected type:       
Failed to write to log, can't make directories for new logfile: mkdir /var/logs: permission denied
[33mWARN[0m[2026-08-26T03:17:37.2974+02:00] Ignoring message with unexpected type:       
Failed to write to log, can't make directories for new logfile: mkdir /var/logs: permission denied
[33mWARN[0m[2026-08-26T03:17:37.2978+02:00] Ignoring message with unexpected type:       
Failed to write to log, can't make directories for new logfile: mkdir /var/logs: permission denied
[33mWARN[0m[2026-08-26T03:17:37.2983+02:00] Not a valid Opa Pdp Message                  
Failed to write to log, can't make directories for new logfile: mkdir /var/logs: permission denied
[33mWARN[0m[2026-08-26T03:17:37.2983+02:00] Ignoring message with unexpected type:       
Failed to write to log, can't make directories for new logfile: mkdir /var/logs: permission denied
[33mWARN[0m[2026-08-26T03:17:37.2986+02:00] Not a valid Opa Pdp Message                  
Failed to write to log, can't make directories for new logfile: mkdir /var/logs: permission denied
[33mWARN[0m[2026-08-26T03:17:37.2993+02:00] Not a valid Opa Pdp Message                  
Failed to write to log, can't make directories for new logfile: mkdir /var/logs: permission denied
[33mWARN[0m[2026-08-26T03:17:37.2995+02:00] Not a valid Opa Pdp Message                  
Failed to write to log, can't make directories for new logfile: mkdir /var/logs: permission denied
[33mWARN[0m[2026-08-26T03:17:37.2997+02:00] Not a valid Opa Pdp Message                  
Failed to write to log, can't make directories for new logfile: mkdir /var/logs: permission denied
[33mWARN[0m[2026-08-26T03:17:37.2991+02:00] Ignoring message with unexpected type:       
Failed to write to log, can't make directories for new logfile: mkdir /var/logs: permission denied
[33mWARN[0m[2026-08-26T03:17:37.2999+02:00] Not a valid Opa Pdp Message                  
Failed to write to log, can't make directories for new logfile: mkdir /var/logs: permission denied
[33mWARN[0m[2026-08-26T03:17:37.3001+02:00] Not a valid Opa Pdp Message                  
Failed to write to log, can't make directories for new logfile: mkdir /var/logs: permission denied
[33mWARN[0m[2026-08-26T03:17:37.3002+02:00] Ignoring message with unexpected type:       
Failed to write to log, can't make directories for new logfile: mkdir /var/logs: permission denied
[33mWARN[0m[2026-08-26T03:17:37.3007+02:00] Ignoring message with unexpected type:       
Failed to write to log, can't make directories for new logfile: mkdir /var/logs: permission denied
[33mWARN[0m[2026-08-26T03:17:37.3009+02:00] Not a valid Opa Pdp Message                  
Failed to write to log, can't make directories for new logfile: mkdir /var/logs: permission denied
[33mWARN[0m[2026-08-26T03:17:37.3012+02:00] Ignoring message with unexpected type:       
Failed to write to log, can't make directories for new logfile: mkdir /var/logs: permission denied
[33mWARN[0m[2026-08-26T03:17:37.3014+02:00] Not a valid Opa Pdp Message                  
Failed to write to log, can't make directories for new logfile: mkdir /var/logs: permission denied
[33mWARN[0m[2026-08-26T03:17:37.3019+02:00] Ignoring message with unexpected type:       
Failed to write to log, can't make directories for new logfile: mkdir /var/logs: permission denied
[33mWARN[0m[2026-08-26T03:17:37.3023+02:00] Not a valid Opa Pdp Message                  
Failed to write to log, can't make directories for new logfile: mkdir /var/logs: permission denied
[33mWARN[0m[2026-08-26T03:17:37.3024+02:00] Ignoring message with unexpected type:       
Failed to write to log, can't make directories for new logfile: mkdir /var/logs: permission denied
[33mWARN[0m[2026-08-26T03:17:37.3027+02:00] Not a valid Opa Pdp Message                  
Failed to write to log, can't make directories for new logfile: mkdir /var/logs: permission denied
[33mWARN[0m[2026-08-26T03:17:37.3029+02:00] Ignoring message with unexpected type:       
Failed to write to log, can't make directories for new logfile: mkdir /var/logs: permission denied
[33mWARN[0m[2026-08-26T03:17:37.3031+02:00] Not a valid Opa Pdp Message                  
Failed to write to log, can't make directories for new logfile: mkdir /var/logs: permission denied
[33mWARN[0m[2026-08-26T03:17:37.3035+02:00] Not a valid Opa Pdp Message                  
Failed to write to log, can't make directories for new logfile: mkdir /var/logs: permission denied
[33mWARN[0m[2026-08-26T03:17:37.3038+02:00] Not a valid Opa Pdp Message                  
Failed to write to log, can't make directories for new logfile: mkdir /var/logs: permission denied
[33mWARN[0m[2026-08-26T03:17:37.3031+02:00] Ignoring message with unexpected type:       
Failed to write to log, can't make directories for new logfile: mkdir /var/logs: permission denied
[33mWARN[0m[2026-08-26T03:17:37.3042+02:00] Not a valid Opa Pdp Message                  
Failed to write to log, can't make directories for new logfile: mkdir /var/logs: permission denied
[33mWARN[0m[2026-08-26T03:17:37.3043+02:00] Ignoring message with unexpected type:       
Failed to write to log, can't make directories for new logfile: mkdir /var/logs: permission denied
[33mWARN[0m[2026-08-26T03:17:37.3046+02:00] Not a valid Opa Pdp Message                  
Failed to write to log, can't make directories for new logfile: mkdir /var/logs: permission denied
[33mWARN[0m[2026-08-26T03:17:37.3054+02:00] Ignoring message with unexpected type:       
Failed to write to log, can't make directories for new logfile: mkdir /var/logs: permission denied
[33mWARN[0m[2026-08-26T03:17:37.3055+02:00] Not a valid Opa Pdp Message                  
Failed to write to log, can't make directories for new logfile: mkdir /var/logs: permission denied
[33mWARN[0m[2026-08-26T03:17:37.3059+02:00] Not a valid Opa Pdp Message                  
Failed to write to log, can't make directories for new logfile: mkdir /var/logs: permission denied
[33mWARN[0m[2026-08-26T03:17:37.3061+02:00] Not a valid Opa Pdp Message                  
Failed to write to log, can't make directories for new logfile: mkdir /var/logs: permission denied
[33mWARN[0m[2026-08-26T03:17:37.3057+02:00] Ignoring message with unexpected type:       
Failed to write to log, can't make directories for new logfile: mkdir /var/logs: permission denied
[33mWARN[0m[2026-08-26T03:17:37.3063+02:00] Not a valid Opa Pdp Message                  
Failed to write to log, can't make directories for new logfile: mkdir /var/logs: permission denied
[33mWARN[0m[2026-08-26T03:17:37.3065+02:00] Ignoring message with unexpected type:       
Failed to write to log, can't make directories for new logfile: mkdir /var/logs: permission denied
[33mWARN[0m[2026-08-26T03:17:37.3066+02:00] Not a valid Opa Pdp Message                  
Failed to write to log, can't make directories for new logfile: mkdir /var/logs: permission denied
[33mWARN[0m[2026-08-26T03:17:37.3069+02:00] Not a valid Opa Pdp Message                  
Failed to write to log, can't make directories for new logfile: mkdir /var/logs: permission denied
[33mWARN[0m[2026-08-26T03:17:37.3072+02:00] Not a valid Opa Pdp Message                  
Failed to write to log, can't make directories for new logfile: mkdir /var/logs: permission denied
[33mWARN[0m[2026-08-26T03:17:37.3075+02:00] Not a valid Opa Pdp Message                  
Failed to write to log, can't make directories for new logfile: mkdir /var/logs: permission denied
[33mWARN[0m[2026-08-26T03:17:37.3068+02:00] Ignoring message with unexpected type:       
Failed to write to log, can't make directories for new logfile: mkdir /var/logs: permission denied
[33mWARN[0m[2026-08-26T03:17:37.3077+02:00] Not a valid Opa Pdp Message                  
Failed to write to log, can't make directories for new logfile: mkdir /var/logs: permission denied
[33mWARN[0m[2026-08-26T03:17:37.3080+02:00] Not a valid Opa Pdp Message                  
Failed to write to log, can't make directories for new logfile: mkdir /var/logs: permission denied
[33mWARN[0m[2026-08-26T03:17:37.3079+02:00] Ignoring message with unexpected type:       
Failed to write to log, can't make directories for new logfile: mkdir /var/logs: permission denied
[33mWARN[0m[2026-08-26T03:17:37.3082+02:00] Not a valid Opa Pdp Message                  
Failed to write to log, can't make directories for new logfile: mkdir /var/logs: permission denied
[33mWARN[0m[2026-08-26T03:17:37.3085+02:00] Not a valid Opa Pdp Message                  
Failed to write to log, can't make directories for new logfile: mkdir /var/logs: permission denied
[33mWARN[0m[2026-08-26T03:17:37.3087+02:00] Not a valid Opa Pdp Message                  
Failed to write to log, can't make directories for new logfile: mkdir /var/logs: permission denied
[33mWARN[0m[2026-08-26T03:17:37.3090+02:00] Not a valid Opa Pdp Message                  
Failed to write to log, can't make directories for new logfile: mkdir /var/logs: permission denied
[33mWARN[0m[2026-08-26T03:17:37.3084+02:00] Ignoring message with unexpected type:       
Failed to write to log, can't make directories for new logfile: mkdir /var/logs: permission denied
[33mWARN[0m[2026-08-26T03:17:37.3092+02:00] Not a valid Opa Pdp Message                  
Failed to write to log, can't make directories for new logfile: mkdir /var/logs: permission denied
[33mWARN[0m[2026-08-26T03:17:37.3094+02:00] Ignoring message with unexpected type:       
Failed to write to log, can't make directories for new logfile: mkdir /var/logs: permission denied
[33mWARN[0m[2026-08-26T03:17:37.3097+02:00] Not a valid Opa Pdp Message                  
Failed to write to log, can't make directories for new logfile: mkdir /var/logs: permission denied
[33mWARN[0m[2026-08-26T03:17:37.3103+02:00] Ignoring message with unexpected type:       
Failed to write to log, can't make directories for new logfile: mkdir /var/logs: permission denied
[33mWARN[0m[2026-08-26T03:17:37.3103+02:00] Not a valid Opa Pdp Message                  
Failed to write to log, can't make directories for new logfile: mkdir /var/logs: permission denied
[33mWARN[0m[2026-08-26T03:17:37.3111+02:00] Not a valid Opa Pdp Message                  
Failed to write to log, can't make directories for new logfile: mkdir /var/logs: permission denied
[33mWARN[0m[2026-08-26T03:17:37.3112+02:00] Ignoring message with unexpected type:       
Failed to write to log, can't make directories for new logfile: mkdir /var/logs: permission denied
[33mWARN[0m[2026-08-26T03:17:37.3114+02:00] Not a valid Opa Pdp Message                  
Failed to write to log, can't make directories for new logfile: mkdir /var/logs: permission denied
[33mWARN[0m[2026-08-26T03:17:37.3119+02:00] Ignoring message with unexpected type:       
Failed to write to log, can't make directories for new logfile: mkdir /var/logs: permission denied
[33mWARN[0m[2026-08-26T03:17:37.3120+02:00] Not a valid Opa Pdp Message                  
Failed to write to log, can't make directories for new logfile: mkdir /var/logs: permission denied
[33mWARN[0m[2026-08-26T03:17:37.3122+02:00] Ignoring message with unexpected type:       
Failed to write to log, can't make directories for new logfile: mkdir /var/logs: permission denied
[33mWARN[0m[2026-08-26T03:17:37.3122+02:00] Not a valid Opa Pdp Message                  
Failed to write to log, can't make directories for new logfile: mkdir /var/logs: permission denied
[33mWARN[0m[2026-08-26T03:17:37.3124+02:00] Ignoring message with unexpected type:       
Failed to write to log, can't make directories for new logfile: mkdir /var/logs: permission denied
[33mWARN[0m[2026-08-26T03:17:37.3126+02:00] Not a valid Opa Pdp Message                  
Failed to write to log, can't make directories for new logfile: mkdir /var/logs: permission denied
[33mWARN[0m[2026-08-26T03:17:37.3133+02:00] Not a valid Opa Pdp Message                  
Failed to write to log, can't make directories for new logfile: mkdir /var/logs: permission denied
[33mWARN[0m[2026-08-26T03:17:37.3135+02:00] Not a valid Opa Pdp Message                  
Failed to write to log, can't make directories for new logfile: mkdir /var/logs: permission denied
[33mWARN[0m[2026-08-26T03:17:37.3137+02:00] Not a valid Opa Pdp Message                  
Failed to write to log, can't make directories for new logfile: mkdir /var/logs: permission denied
[33mWARN[0m[2026-08-26T03:17:37.3140+02:00] Ignoring message with unexpected type:       
Failed to write to log, can't make directories for new logfile: mkdir /var/logs: permission denied
[33mWARN[0m[2026-08-26T03:17:37.3140+02:00] Not a valid Opa Pdp Message                  
Failed to write to log, can't make directories for new logfile: mkdir /var/logs: permission denied
[33mWARN[0m[2026-08-26T03:17:37.3146+02:00] Not a valid Opa Pdp Message                  
Failed to write to log, can't make directories for new logfile: mkdir /var/logs: permission denied
[33mWARN[0m[2026-08-26T03:17:37.3144+02:00] Ignoring message with unexpected type:       
Failed to write to log, can't make directories for new logfile: mkdir /var/logs: permission denied
[33mWARN[0m[2026-08-26T03:17:37.3148+02:00] Not a valid Opa Pdp Message                  
Failed to write to log, can't make directories for new logfile: mkdir /var/logs: permission denied
[33mWARN[0m[2026-08-26T03:17:37.3150+02:00] Ignoring message with unexpected type:       
Failed to write to log, can't make directories for new logfile: mkdir /var/logs: permission denied
[33mWARN[0m[2026-08-26T03:17:37.3166+02:00] Ignoring message with unexpected type:       
Failed to write to log, can't make directories for new logfile: mkdir /var/logs: permission denied
[33mWARN[0m[2026-08-26T03:17:37.3168+02:00] Ignoring message with unexpected type:       
Failed to write to log, can't make directories for new logfile: mkdir /var/logs: permission denied
[33mWARN[0m[2026-08-26T03:17:37.3172+02:00] Ignoring message with unexpected type:       
Failed to write to log, can't make directories for new logfile: mkdir /var/logs: permission denied
[33mWARN[0m[2026-08-26T03:17:37.3170+02:00] Not a valid Opa Pdp Message                  
Failed to write to log, can't make directories for new logfile: mkdir /var/logs: permission denied
[33mWARN[0m[2026-08-26T03:17:37.3179+02:00] Ignoring message with unexpected type:       
Failed to write to log, can't make directories for new logfile: mkdir /var/logs: permission denied
[33mWARN[0m[2026-08-26T03:17:37.3182+02:00] Ignoring message with unexpected type:       
Failed to write to log, can't make directories for new logfile: mkdir /var/logs: permission denied
[33mWARN[0m[2026-08-26T03:17:37.3184+02:00] Ignoring message with unexpected type:       
Failed to write to log, can't make directories for new logfile: mkdir /var/logs: permission denied
[33mWARN[0m[2026-08-26T03:17:37.3186+02:00] Ignoring message with unexpected type:       
Failed to write to log, can't make directories for new logfile: mkdir /var/logs: permission denied
[33mWARN[0m[2026-08-26T03:17:37.3183+02:00] Not a valid Opa Pdp Message                  
Failed to write to log, can't make directories for new logfile: mkdir /var/logs: permission denied
[33mWARN[0m[2026-08-26T03:17:37.3191+02:00] Not a valid Opa Pdp Message                  
Failed to write to log, can't make directories for new logfile: mkdir /var/logs: permission denied
[33mWARN[0m[2026-08-26T03:17:37.3192+02:00] Not a valid Opa Pdp Message                  
Failed to write to log, can't make directories for new logfile: mkdir /var/logs: permission denied
[33mWARN[0m[2026-08-26T03:17:37.3194+02:00] Not a valid Opa Pdp Message                  
Failed to write to log, can't make directories for new logfile: mkdir /var/logs: permission denied
[33mWARN[0m[2026-08-26T03:17:37.3197+02:00] Not a valid Opa Pdp Message                  
Failed to write to log, can't make directories for new logfile: mkdir /var/logs: permission denied
[33mWARN[0m[2026-08-26T03:17:37.3200+02:00] Not a valid Opa Pdp Message                  
Failed to write to log, can't make directories for new logfile: mkdir /var/logs: permission denied
[33mWARN[0m[2026-08-26T03:17:37.3202+02:00] Not a valid Opa Pdp Message                  
Failed to write to log, can't make directories for new logfile: mkdir /var/logs: permission denied
[33mWARN[0m[2026-08-26T03:17:37.3222+02:00] Not a valid Opa Pdp Message                  
Failed to write to log, can't make directories for new logfile: mkdir /var/logs: permission denied
[33mWARN[0m[2026-08-26T03:17:37.3188+02:00] Ignoring message with unexpected type:       
Failed to write to log, can't make directories for new logfile: mkdir /var/logs: permission denied
[33mWARN[0m[2026-08-26T03:17:37.3229+02:00] Not a valid Opa Pdp Message                  
Failed to write to log, can't make directories for new logfile: mkdir /var/logs: permission denied
[33mWARN[0m[2026-08-26T03:17:37.3230+02:00] Ignoring message with unexpected type:       
Failed to write to log, can't make directories for new logfile: mkdir /var/logs: permission denied
[33mWARN[0m[2026-08-26T03:17:37.3236+02:00] Not a valid Opa Pdp Message                  
Failed to write to log, can't make directories for new logfile: mkdir /var/logs: permission denied
[33mWARN[0m[2026-08-26T03:17:37.3237+02:00] Ignoring message with unexpected type:       
Failed to write to log, can't make directories for new logfile: mkdir /var/logs: permission denied
[33mWARN[0m[2026-08-26T03:17:37.3241+02:00] Not a valid Opa Pdp Message                  
Failed to write to log, can't make directories for new logfile: mkdir /var/logs: permission denied
[33mWARN[0m[2026-08-26T03:17:37.3242+02:00] Ignoring message with unexpected type:       
Failed to write to log, can't make directories for new logfile: mkdir /var/logs: permission denied
[33mWARN[0m[2026-08-26T03:17:37.3248+02:00] Not a valid Opa Pdp Message                  
Failed to write to log, can't make directories for new logfile: mkdir /var/logs: permission denied
[33mWARN[0m[2026-08-26T03:17:37.3251+02:00] Ignoring message with unexpected type:       
Failed to write to log, can't make directories for new logfile: mkdir /var/logs: permission denied
[33mWARN[0m[2026-08-26T03:17:37.3252+02:00] Not a valid Opa Pdp Message                  
Failed to write to log, can't make directories for new logfile: mkdir /var/logs: permission denied
[33mWARN[0m[2026-08-26T03:17:37.3265+02:00] Not a valid Opa Pdp Message                  
Failed to write to log, can't make directories for new logfile: mkdir /var/logs: permission denied
[33mWARN[0m[2026-08-26T03:17:37.3268+02:00] Not a valid Opa Pdp Message                  
Failed to write to log, can't make directories for new logfile: mkdir /var/logs: permission denied
[33mWARN[0m[2026-08-26T03:17:37.3271+02:00] Not a valid Opa Pdp Message                  
Failed to write to log, can't make directories for new logfile: mkdir /var/logs: permission denied
[33mWARN[0m[2026-08-26T03:17:37.3273+02:00] Not a valid Opa Pdp Message                  
Failed to write to log, can't make directories for new logfile: mkdir /var/logs: permission denied
[33mWARN[0m[2026-08-26T03:17:37.3275+02:00] Not a valid Opa Pdp Message                  
Failed to write to log, can't make directories for new logfile: mkdir /var/logs: permission denied
[33mWARN[0m[2026-08-26T03:17:37.3277+02:00] Not a valid Opa Pdp Message                  
Failed to write to log, can't make directories for new logfile: mkdir /var/logs: permission denied
[33mWARN[0m[2026-08-26T03:17:37.3278+02:00] Not a valid Opa Pdp Message                  
Failed to write to log, can't make directories for new logfile: mkdir /var/logs: permission denied
[33mWARN[0m[2026-08-26T03:17:37.3280+02:00] Not a valid Opa Pdp Message                  
Failed to write to log, can't make directories for new logfile: mkdir /var/logs: permission denied
[33mWARN[0m[2026-08-26T03:17:37.3282+02:00] Not a valid Opa Pdp Message                  
Failed to write to log, can't make directories for new logfile: mkdir /var/logs: permission denied
[33mWARN[0m[2026-08-26T03:17:37.3254+02:00] Ignoring message with unexpected type:       
Failed to write to log, can't make directories for new logfile: mkdir /var/logs: permission denied
[33mWARN[0m[2026-08-26T03:17:37.3319+02:00] Ignoring message with unexpected type:       
Failed to write to log, can't make directories for new logfile: mkdir /var/logs: permission denied
[33mWARN[0m[2026-08-26T03:17:37.3325+02:00] Not a valid Opa Pdp Message                  
Failed to write to log, can't make directories for new logfile: mkdir /var/logs: permission denied
[33mWARN[0m[2026-08-26T03:17:37.3325+02:00] Ignoring message with unexpected type:       
Failed to write to log, can't make directories for new logfile: mkdir /var/logs: permission denied
[33mWARN[0m[2026-08-26T03:17:37.3341+02:00] Not a valid Opa Pdp Message                  
Failed to write to log, can't make directories for new logfile: mkdir /var/logs: permission denied
[33mWARN[0m[2026-08-26T03:17:37.3345+02:00] Ignoring message with unexpected type:       
Failed to write to log, can't make directories for new logfile: mkdir /var/logs: permission denied
[33mWARN[0m[2026-08-26T03:17:37.3349+02:00] Ignoring message with unexpected type:       
Failed to write to log, can't make directories for new logfile: mkdir /var/logs: permission denied
[33mWARN[0m[2026-08-26T03:17:37.3351+02:00] Ignoring message with unexpected type:       
Failed to write to log, can't make directories for new logfile: mkdir /var/logs: permission denied
[33mWARN[0m[2026-08-26T03:17:37.3353+02:00] Ignoring message with unexpected type:       
Failed to write to log, can't make directories for new logfile: mkdir /var/logs: permission denied
[33mWARN[0m[2026-08-26T03:17:37.3347+02:00] Not a valid Opa Pdp Message                  
Failed to write to log, can't make directories for new logfile: mkdir /var/logs: permission denied
[33mWARN[0m[2026-08-26T03:17:37.3357+02:00] Ignoring message with unexpected type:       
Failed to write to log, can't make directories for new logfile: mkdir /var/logs: permission denied
[33mWARN[0m[2026-08-26T03:17:37.3360+02:00] Not a valid Opa Pdp Message                  
Failed to write to log, can't make directories for new logfile: mkdir /var/logs: permission denied
[33mWARN[0m[2026-08-26T03:17:37.3363+02:00] Not a valid Opa Pdp Message                  
Failed to write to log, can't make directories for new logfile: mkdir /var/logs: permission denied
[33mWARN[0m[2026-08-26T03:17:37.3363+02:00] Ignoring message with unexpected type:       
Failed to write to log, can't make directories for new logfile: mkdir /var/logs: permission denied
[33mWARN[0m[2026-08-26T03:17:37.3365+02:00] Not a valid Opa Pdp Message                  
Failed to write to log, can't make directories for new logfile: mkdir /var/logs: permission denied
[33mWARN[0m[2026-08-26T03:17:37.3366+02:00] Ignoring message with unexpected type:       
Failed to write to log, can't make directories for new logfile: mkdir /var/logs: permission denied
[33mWARN[0m[2026-08-26T03:17:37.3369+02:00] Not a valid Opa Pdp Message                  
Failed to write to log, can't make directories for new logfile: mkdir /var/logs: permission denied
[33mWARN[0m[2026-08-26T03:17:37.3369+02:00] Ignoring message with unexpected type:       
Failed to write to log, can't make directories for new logfile: mkdir /var/logs: permission denied
[33mWARN[0m[2026-08-26T03:17:37.3374+02:00] Not a valid Opa Pdp Message                  
Failed to write to log, can't make directories for new logfile: mkdir /var/logs: permission denied
[33mWARN[0m[2026-08-26T03:17:37.3376+02:00] Not a valid Opa Pdp Message                  
Failed to write to log, can't make directories for new logfile: mkdir /var/logs: permission denied
[33mWARN[0m[2026-08-26T03:17:37.3376+02:00] Ignoring message with unexpected type:       
Failed to write to log, can't make directories for new logfile: mkdir /var/logs: permission denied
[33mWARN[0m[2026-08-26T03:17:37.3379+02:00] Not a valid Opa Pdp Message                  
Failed to write to log, can't make directories for new logfile: mkdir /var/logs: permission denied
[33mWARN[0m[2026-08-26T03:17:37.3382+02:00] Ignoring message with unexpected type:       
Failed to write to log, can't make directories for new logfile: mkdir /var/logs: permission denied
[33mWARN[0m[2026-08-26T03:17:37.3384+02:00] Not a valid Opa Pdp Message                  
Failed to write to log, can't make directories for new logfile: mkdir /var/logs: permission denied
[33mWARN[0m[2026-08-26T03:17:37.3384+02:00] Ignoring message with unexpected type:       
Failed to write to log, can't make directories for new logfile: mkdir /var/logs: permission denied
[33mWARN[0m[2026-08-26T03:17:37.3386+02:00] Not a valid Opa Pdp Message                  
Failed to write to log, can't make directories for new logfile: mkdir /var/logs: permission denied
[33mWARN[0m[2026-08-26T03:17:37.3387+02:00] Ignoring message with unexpected type:       
Failed to write to log, can't make directories for new logfile: mkdir /var/logs: permission denied
[33mWARN[0m[2026-08-26T03:17:37.3388+02:00] Not a valid Opa Pdp Message                  
Failed to write to log, can't make directories for new logfile: mkdir /var/logs: permission denied
[33mWARN[0m[2026-08-26T03:17:37.3392+02:00] Ignoring message with unexpected type:       
Failed to write to log, can't make directories for new logfile: mkdir /var/logs: permission denied
[33mWARN[0m[2026-08-26T03:17:37.3393+02:00] Not a valid Opa Pdp Message                  
Failed to write to log, can't make directories for new logfile: mkdir /var/logs: permission denied
[33mWARN[0m[2026-08-26T03:17:37.3397+02:00] Ignoring message with unexpected type:       
Failed to write to log, can't make directories for new logfile: mkdir /var/logs: permission denied
[33mWARN[0m[2026-08-26T03:17:37.3399+02:00] Not a valid Opa Pdp Message                  
Failed to write to log, can't make directories for new logfile: mkdir /var/logs: permission denied
[33mWARN[0m[2026-08-26T03:17:37.3400+02:00] Ignoring message with unexpected type:       
Failed to write to log, can't make directories for new logfile: mkdir /var/logs: permission denied
[33mWARN[0m[2026-08-26T03:17:37.3402+02:00] Not a valid Opa Pdp Message                  
Failed to write to log, can't make directories for new logfile: mkdir /var/logs: permission denied
[33mWARN[0m[2026-08-26T03:17:37.3406+02:00] Not a valid Opa Pdp Message                  
Failed to write to log, can't make directories for new logfile: mkdir /var/logs: permission denied
[33mWARN[0m[2026-08-26T03:17:37.3407+02:00] Ignoring message with unexpected type:       
Failed to write to log, can't make directories for new logfile: mkdir /var/logs: permission denied
[33mWARN[0m[2026-08-26T03:17:37.3408+02:00] Not a valid Opa Pdp Message                  
Failed to write to log, can't make directories for new logfile: mkdir /var/logs: permission denied
[33mWARN[0m[2026-08-26T03:17:37.3412+02:00] Ignoring message with unexpected type:       
Failed to write to log, can't make directories for new logfile: mkdir /var/logs: permission denied
[36mINFO[0m[2026-08-26T03:17:37.3357+02:00] HTTP server started                          
Failed to write to log, can't make directories for new logfile: mkdir /var/logs: permission denied
[31mERRO[0m[2026-08-26T03:17:37.3416+02:00] OPA initialization failed: OPA initialization failed 
Failed to write to log, can't make directories for new logfile: mkdir /var/logs: permission denied
[33mWARN[0m[2026-08-26T03:17:37.3413+02:00] Not a valid Opa Pdp Message                  
--- PASS: TestMain_KafkaInitializationFailure (0.06s)
Failed to write to log, can't make directories for new logfile: mkdir /var/logs: permission denied
=== RUN   TestMain_HandleShutdownWithSignals
[33mWARN[0m[2026-08-26T03:17:37.3422+02:00] Not a valid Opa Pdp Message                  
flag provided but not defined: -test.testlogfile
Usage of opa-pdp:
  -healthcheck
    	probe the local healthcheck endpoint and exit
Failed to write to log, can't make directories for new logfile: mkdir /var/logs: permission denied
[33mWARN[0m[2026-08-26T03:17:37.3415+02:00] Ignoring message with unexpected type:       
Failed to write to log, can't make directories for new logfile: mkdir /var/logs: permission denied
[33mWARN[0m[2026-08-26T03:17:37.3427+02:00] Not a valid Opa Pdp Message                  
Failed to write to log, can't make directories for new logfile: mkdir /var/logs: permission denied
[33mWARN[0m[2026-08-26T03:17:37.3431+02:00] Ignoring message with unexpected type:       
Failed to write to log, can't make directories for new logfile: mkdir /var/logs: permission denied
[33mWARN[0m[2026-08-26T03:17:37.3431+02:00] Not a valid Opa Pdp Message                  
Failed to write to log, can't make directories for new logfile: mkdir /var/logs: permission denied
[33mWARN[0m[2026-08-26T03:17:37.3435+02:00] Ignoring message with unexpected type:       
Failed to write to log, can't make directories for new logfile: mkdir /var/logs: permission denied
[33mWARN[0m[2026-08-26T03:17:37.3435+02:00] Not a valid Opa Pdp Message                  
Failed to write to log, can't make directories for new logfile: mkdir /var/logs: permission denied
[33mWARN[0m[2026-08-26T03:17:37.3438+02:00] Ignoring message with unexpected type:       
Failed to write to log, can't make directories for new logfile: mkdir /var/logs: permission denied
[33mWARN[0m[2026-08-26T03:17:37.3440+02:00] Not a valid Opa Pdp Message                  
Failed to write to log, can't make directories for new logfile: mkdir /var/logs: permission denied
[33mWARN[0m[2026-08-26T03:17:37.3441+02:00] Ignoring message with unexpected type:       
Failed to write to log, can't make directories for new logfile: mkdir /var/logs: permission denied
[33mWARN[0m[2026-08-26T03:17:37.3443+02:00] Not a valid Opa Pdp Message                  
Failed to write to log, can't make directories for new logfile: mkdir /var/logs: permission denied
[33mWARN[0m[2026-08-26T03:17:37.3448+02:00] Ignoring message with unexpected type:       
Failed to write to log, can't make directories for new logfile: mkdir /var/logs: permission denied
[33mWARN[0m[2026-08-26T03:17:37.3449+02:00] Not a valid Opa Pdp Message                  
Failed to write to log, can't make directories for new logfile: mkdir /var/logs: permission denied
[33mWARN[0m[2026-08-26T03:17:37.3450+02:00] Ignoring message with unexpected type:       
Failed to write to log, can't make directories for new logfile: mkdir /var/logs: permission denied
[33mWARN[0m[2026-08-26T03:17:37.3451+02:00] Not a valid Opa Pdp Message                  
Failed to write to log, can't make directories for new logfile: mkdir /var/logs: permission denied
[33mWARN[0m[2026-08-26T03:17:37.3453+02:00] Not a valid Opa Pdp Message                  
Failed to write to log, can't make directories for new logfile: mkdir /var/logs: permission denied
[33mWARN[0m[2026-08-26T03:17:37.3456+02:00] Not a valid Opa Pdp Message                  
Failed to write to log, can't make directories for new logfile: mkdir /var/logs: permission denied
[33mWARN[0m[2026-08-26T03:17:37.3457+02:00] Not a valid Opa Pdp Message                  
Failed to write to log, can't make directories for new logfile: mkdir /var/logs: permission denied
[33mWARN[0m[2026-08-26T03:17:37.3453+02:00] Ignoring message with unexpected type:       
Failed to write to log, can't make directories for new logfile: mkdir /var/logs: permission denied
[33mWARN[0m[2026-08-26T03:17:37.3460+02:00] Not a valid Opa Pdp Message                  
Failed to write to log, can't make directories for new logfile: mkdir /var/logs: permission denied
[33mWARN[0m[2026-08-26T03:17:37.3464+02:00] Ignoring message with unexpected type:       
Failed to write to log, can't make directories for new logfile: mkdir /var/logs: permission denied
[33mWARN[0m[2026-08-26T03:17:37.3465+02:00] Not a valid Opa Pdp Message                  
Failed to write to log, can't make directories for new logfile: mkdir /var/logs: permission denied
[33mWARN[0m[2026-08-26T03:17:37.3470+02:00] Not a valid Opa Pdp Message                  
Failed to write to log, can't make directories for new logfile: mkdir /var/logs: permission denied
[33mWARN[0m[2026-08-26T03:17:37.3467+02:00] Ignoring message with unexpected type:       
Failed to write to log, can't make directories for new logfile: mkdir /var/logs: permission denied
[33mWARN[0m[2026-08-26T03:17:37.3473+02:00] Not a valid Opa Pdp Message                  
Failed to write to log, can't make directories for new logfile: mkdir /var/logs: permission denied
[33mWARN[0m[2026-08-26T03:17:37.3478+02:00] Not a valid Opa Pdp Message                  
Failed to write to log, can't make directories for new logfile: mkdir /var/logs: permission denied
[33mWARN[0m[2026-08-26T03:17:37.3476+02:00] Ignoring message with unexpected type:       
Failed to write to log, can't make directories for new logfile: mkdir /var/logs: permission denied
[33mWARN[0m[2026-08-26T03:17:37.3480+02:00] Not a valid Opa Pdp Message                  
Failed to write to log, can't make directories for new logfile: mkdir /var/logs: permission denied
[33mWARN[0m[2026-08-26T03:17:37.3485+02:00] Ignoring message with unexpected type:       
Failed to write to log, can't make directories for new logfile: mkdir /var/logs: permission denied
[33mWARN[0m[2026-08-26T03:17:37.3485+02:00] Not a valid Opa Pdp Message                  
Failed to write to log, can't make directories for new logfile: mkdir /var/logs: permission denied
[33mWARN[0m[2026-08-26T03:17:37.3489+02:00] Ignoring message with unexpected type:       
Failed to write to log, can't make directories for new logfile: mkdir /var/logs: permission denied
[33mWARN[0m[2026-08-26T03:17:37.3492+02:00] Not a valid Opa Pdp Message                  
Failed to write to log, can't make directories for new logfile: mkdir /var/logs: permission denied
[33mWARN[0m[2026-08-26T03:17:37.3495+02:00] Ignoring message with unexpected type:       
Failed to write to log, can't make directories for new logfile: mkdir /var/logs: permission denied
[33mWARN[0m[2026-08-26T03:17:37.3495+02:00] Not a valid Opa Pdp Message                  
Failed to write to log, can't make directories for new logfile: mkdir /var/logs: permission denied
[33mWARN[0m[2026-08-26T03:17:37.3500+02:00] Not a valid Opa Pdp Message                  
Failed to write to log, can't make directories for new logfile: mkdir /var/logs: permission denied
[33mWARN[0m[2026-08-26T03:17:37.3498+02:00] Ignoring message with unexpected type:       
Failed to write to log, can't make directories for new logfile: mkdir /var/logs: permission denied
[33mWARN[0m[2026-08-26T03:17:37.3504+02:00] Not a valid Opa Pdp Message                  
Failed to write to log, can't make directories for new logfile: mkdir /var/logs: permission denied
[33mWARN[0m[2026-08-26T03:17:37.3507+02:00] Ignoring message with unexpected type:       
Failed to write to log, can't make directories for new logfile: mkdir /var/logs: permission denied
[33mWARN[0m[2026-08-26T03:17:37.3507+02:00] Not a valid Opa Pdp Message                  
Failed to write to log, can't make directories for new logfile: mkdir /var/logs: permission denied
[33mWARN[0m[2026-08-26T03:17:37.3512+02:00] Not a valid Opa Pdp Message                  
Failed to write to log, can't make directories for new logfile: mkdir /var/logs: permission denied
[33mWARN[0m[2026-08-26T03:17:37.3511+02:00] Ignoring message with unexpected type:       
Failed to write to log, can't make directories for new logfile: mkdir /var/logs: permission denied
[33mWARN[0m[2026-08-26T03:17:37.3515+02:00] Not a valid Opa Pdp Message                  
Failed to write to log, can't make directories for new logfile: mkdir /var/logs: permission denied
[33mWARN[0m[2026-08-26T03:17:37.3519+02:00] Ignoring message with unexpected type:       
Failed to write to log, can't make directories for new logfile: mkdir /var/logs: permission denied
[33mWARN[0m[2026-08-26T03:17:37.3521+02:00] Not a valid Opa Pdp Message                  
Failed to write to log, can't make directories for new logfile: mkdir /var/logs: permission denied
[33mWARN[0m[2026-08-26T03:17:37.3525+02:00] Ignoring message with unexpected type:       
Failed to write to log, can't make directories for new logfile: mkdir /var/logs: permission denied
[33mWARN[0m[2026-08-26T03:17:37.3527+02:00] Not a valid Opa Pdp Message                  
Failed to write to log, can't make directories for new logfile: mkdir /var/logs: permission denied
[33mWARN[0m[2026-08-26T03:17:37.3530+02:00] Ignoring message with unexpected type:       
Failed to write to log, can't make directories for new logfile: mkdir /var/logs: permission denied
[33mWARN[0m[2026-08-26T03:17:37.3531+02:00] Not a valid Opa Pdp Message                  
Failed to write to log, can't make directories for new logfile: mkdir /var/logs: permission denied
[33mWARN[0m[2026-08-26T03:17:37.3534+02:00] Ignoring message with unexpected type:       
Failed to write to log, can't make directories for new logfile: mkdir /var/logs: permission denied
[33mWARN[0m[2026-08-26T03:17:37.3536+02:00] Not a valid Opa Pdp Message                  
Failed to write to log, can't make directories for new logfile: mkdir /var/logs: permission denied
[33mWARN[0m[2026-08-26T03:17:37.3540+02:00] Ignoring message with unexpected type:       
Failed to write to log, can't make directories for new logfile: mkdir /var/logs: permission denied
[33mWARN[0m[2026-08-26T03:17:37.3542+02:00] Not a valid Opa Pdp Message                  
Failed to write to log, can't make directories for new logfile: mkdir /var/logs: permission denied
[33mWARN[0m[2026-08-26T03:17:37.3543+02:00] Ignoring message with unexpected type:       
Failed to write to log, can't make directories for new logfile: mkdir /var/logs: permission denied
[33mWARN[0m[2026-08-26T03:17:37.3544+02:00] Not a valid Opa Pdp Message                  
Failed to write to log, can't make directories for new logfile: mkdir /var/logs: permission denied
[33mWARN[0m[2026-08-26T03:17:37.3545+02:00] Ignoring message with unexpected type:       
Failed to write to log, can't make directories for new logfile: mkdir /var/logs: permission denied
[33mWARN[0m[2026-08-26T03:17:37.3547+02:00] Ignoring message with unexpected type:       
Failed to write to log, can't make directories for new logfile: mkdir /var/logs: permission denied
[33mWARN[0m[2026-08-26T03:17:37.3545+02:00] Not a valid Opa Pdp Message                  
Failed to write to log, can't make directories for new logfile: mkdir /var/logs: permission denied
[33mWARN[0m[2026-08-26T03:17:37.3551+02:00] Ignoring message with unexpected type:       
Failed to write to log, can't make directories for new logfile: mkdir /var/logs: permission denied
[33mWARN[0m[2026-08-26T03:17:37.3553+02:00] Not a valid Opa Pdp Message                  
Failed to write to log, can't make directories for new logfile: mkdir /var/logs: permission denied
[33mWARN[0m[2026-08-26T03:17:37.3557+02:00] Ignoring message with unexpected type:       
Failed to write to log, can't make directories for new logfile: mkdir /var/logs: permission denied
[33mWARN[0m[2026-08-26T03:17:37.3560+02:00] Ignoring message with unexpected type:       
Failed to write to log, can't make directories for new logfile: mkdir /var/logs: permission denied
[33mWARN[0m[2026-08-26T03:17:37.3558+02:00] Not a valid Opa Pdp Message                  
Failed to write to log, can't make directories for new logfile: mkdir /var/logs: permission denied
[33mWARN[0m[2026-08-26T03:17:37.3562+02:00] Ignoring message with unexpected type:       
Failed to write to log, can't make directories for new logfile: mkdir /var/logs: permission denied
[33mWARN[0m[2026-08-26T03:17:37.3565+02:00] Not a valid Opa Pdp Message                  
Failed to write to log, can't make directories for new logfile: mkdir /var/logs: permission denied
[33mWARN[0m[2026-08-26T03:17:37.3569+02:00] Ignoring message with unexpected type:       
Failed to write to log, can't make directories for new logfile: mkdir /var/logs: permission denied
[33mWARN[0m[2026-08-26T03:17:37.3570+02:00] Not a valid Opa Pdp Message                  
Failed to write to log, can't make directories for new logfile: mkdir /var/logs: permission denied
[33mWARN[0m[2026-08-26T03:17:37.3571+02:00] Ignoring message with unexpected type:       
Failed to write to log, can't make directories for new logfile: mkdir /var/logs: permission denied
[33mWARN[0m[2026-08-26T03:17:37.3572+02:00] Not a valid Opa Pdp Message                  
Failed to write to log, can't make directories for new logfile: mkdir /var/logs: permission denied
[33mWARN[0m[2026-08-26T03:17:37.3574+02:00] Ignoring message with unexpected type:       
Failed to write to log, can't make directories for new logfile: mkdir /var/logs: permission denied
[33mWARN[0m[2026-08-26T03:17:37.3574+02:00] Not a valid Opa Pdp Message                  
Failed to write to log, can't make directories for new logfile: mkdir /var/logs: permission denied
[33mWARN[0m[2026-08-26T03:17:37.3578+02:00] Not a valid Opa Pdp Message                  
Failed to write to log, can't make directories for new logfile: mkdir /var/logs: permission denied
[33mWARN[0m[2026-08-26T03:17:37.3579+02:00] Ignoring message with unexpected type:       
Failed to write to log, can't make directories for new logfile: mkdir /var/logs: permission denied
[33mWARN[0m[2026-08-26T03:17:37.3582+02:00] Not a valid Opa Pdp Message                  
Failed to write to log, can't make directories for new logfile: mkdir /var/logs: permission denied
[33mWARN[0m[2026-08-26T03:17:37.3585+02:00] Ignoring message with unexpected type:       
Failed to write to log, can't make directories for new logfile: mkdir /var/logs: permission denied
[33mWARN[0m[2026-08-26T03:17:37.3586+02:00] Not a valid Opa Pdp Message                  
Failed to write to log, can't make directories for new logfile: mkdir /var/logs: permission denied
[33mWARN[0m[2026-08-26T03:17:37.3587+02:00] Ignoring message with unexpected type:       
Failed to write to log, can't make directories for new logfile: mkdir /var/logs: permission denied
[33mWARN[0m[2026-08-26T03:17:37.3588+02:00] Not a valid Opa Pdp Message                  
Failed to write to log, can't make directories for new logfile: mkdir /var/logs: permission denied
[33mWARN[0m[2026-08-26T03:17:37.3590+02:00] Ignoring message with unexpected type:       
Failed to write to log, can't make directories for new logfile: mkdir /var/logs: permission denied
[33mWARN[0m[2026-08-26T03:17:37.3590+02:00] Not a valid Opa Pdp Message                  
Failed to write to log, can't make directories for new logfile: mkdir /var/logs: permission denied
[33mWARN[0m[2026-08-26T03:17:37.3593+02:00] Not a valid Opa Pdp Message                  
Failed to write to log, can't make directories for new logfile: mkdir /var/logs: permission denied
[33mWARN[0m[2026-08-26T03:17:37.3592+02:00] Ignoring message with unexpected type:       
Failed to write to log, can't make directories for new logfile: mkdir /var/logs: permission denied
[33mWARN[0m[2026-08-26T03:17:37.3595+02:00] Not a valid Opa Pdp Message                  
Failed to write to log, can't make directories for new logfile: mkdir /var/logs: permission denied
[33mWARN[0m[2026-08-26T03:17:37.3600+02:00] Ignoring message with unexpected type:       
Failed to write to log, can't make directories for new logfile: mkdir /var/logs: permission denied
[33mWARN[0m[2026-08-26T03:17:37.3600+02:00] Not a valid Opa Pdp Message                  
Failed to write to log, can't make directories for new logfile: mkdir /var/logs: permission denied
[33mWARN[0m[2026-08-26T03:17:37.3606+02:00] Not a valid Opa Pdp Message                  
Failed to write to log, can't make directories for new logfile: mkdir /var/logs: permission denied
[33mWARN[0m[2026-08-26T03:17:37.3604+02:00] Ignoring message with unexpected type:       
Failed to write to log, can't make directories for new logfile: mkdir /var/logs: permission denied
[33mWARN[0m[2026-08-26T03:17:37.3615+02:00] Not a valid Opa Pdp Message                  
Failed to write to log, can't make directories for new logfile: mkdir /var/logs: permission denied
[33mWARN[0m[2026-08-26T03:17:37.3617+02:00] Ignoring message with unexpected type:       
Failed to write to log, can't make directories for new logfile: mkdir /var/logs: permission denied
[33mWARN[0m[2026-08-26T03:17:37.3624+02:00] Ignoring message with unexpected type:       
Failed to write to log, can't make directories for new logfile: mkdir /var/logs: permission denied
[33mWARN[0m[2026-08-26T03:17:37.3626+02:00] Ignoring message with unexpected type:       
Failed to write to log, can't make directories for new logfile: mkdir /var/logs: permission denied
[33mWARN[0m[2026-08-26T03:17:37.3631+02:00] Ignoring message with unexpected type:       
Failed to write to log, can't make directories for new logfile: mkdir /var/logs: permission denied
[33mWARN[0m[2026-08-26T03:17:37.3620+02:00] Not a valid Opa Pdp Message                  
Failed to write to log, can't make directories for new logfile: mkdir /var/logs: permission denied
[33mWARN[0m[2026-08-26T03:17:37.3637+02:00] Ignoring message with unexpected type:       
Failed to write to log, can't make directories for new logfile: mkdir /var/logs: permission denied
[33mWARN[0m[2026-08-26T03:17:37.3638+02:00] Not a valid Opa Pdp Message                  
Failed to write to log, can't make directories for new logfile: mkdir /var/logs: permission denied
[33mWARN[0m[2026-08-26T03:17:37.3645+02:00] Not a valid Opa Pdp Message                  
Failed to write to log, can't make directories for new logfile: mkdir /var/logs: permission denied
[33mWARN[0m[2026-08-26T03:17:37.3647+02:00] Not a valid Opa Pdp Message                  
Failed to write to log, can't make directories for new logfile: mkdir /var/logs: permission denied
[33mWARN[0m[2026-08-26T03:17:37.3651+02:00] Not a valid Opa Pdp Message                  
Failed to write to log, can't make directories for new logfile: mkdir /var/logs: permission denied
[33mWARN[0m[2026-08-26T03:17:37.3643+02:00] Ignoring message with unexpected type:       
Failed to write to log, can't make directories for new logfile: mkdir /var/logs: permission denied
[33mWARN[0m[2026-08-26T03:17:37.3666+02:00] Ignoring message with unexpected type:       
Failed to write to log, can't make directories for new logfile: mkdir /var/logs: permission denied
[33mWARN[0m[2026-08-26T03:17:37.3669+02:00] Ignoring message with unexpected type:       
Failed to write to log, can't make directories for new logfile: mkdir /var/logs: permission denied
[33mWARN[0m[2026-08-26T03:17:37.3671+02:00] Not a valid Opa Pdp Message                  
Failed to write to log, can't make directories for new logfile: mkdir /var/logs: permission denied
[33mWARN[0m[2026-08-26T03:17:37.3674+02:00] Ignoring message with unexpected type:       
Failed to write to log, can't make directories for new logfile: mkdir /var/logs: permission denied
[33mWARN[0m[2026-08-26T03:17:37.3674+02:00] Not a valid Opa Pdp Message                  
Failed to write to log, can't make directories for new logfile: mkdir /var/logs: permission denied
[33mWARN[0m[2026-08-26T03:17:37.3679+02:00] Ignoring message with unexpected type:       
Failed to write to log, can't make directories for new logfile: mkdir /var/logs: permission denied
[33mWARN[0m[2026-08-26T03:17:37.3681+02:00] Not a valid Opa Pdp Message                  
Failed to write to log, can't make directories for new logfile: mkdir /var/logs: permission denied
[33mWARN[0m[2026-08-26T03:17:37.3683+02:00] Ignoring message with unexpected type:       
Failed to write to log, can't make directories for new logfile: mkdir /var/logs: permission denied
[33mWARN[0m[2026-08-26T03:17:37.3685+02:00] Not a valid Opa Pdp Message                  
Failed to write to log, can't make directories for new logfile: mkdir /var/logs: permission denied
[33mWARN[0m[2026-08-26T03:17:37.3690+02:00] Ignoring message with unexpected type:       
Failed to write to log, can't make directories for new logfile: mkdir /var/logs: permission denied
[33mWARN[0m[2026-08-26T03:17:37.3690+02:00] Not a valid Opa Pdp Message                  
Failed to write to log, can't make directories for new logfile: mkdir /var/logs: permission denied
[33mWARN[0m[2026-08-26T03:17:37.3695+02:00] Ignoring message with unexpected type:       
Failed to write to log, can't make directories for new logfile: mkdir /var/logs: permission denied
[33mWARN[0m[2026-08-26T03:17:37.3697+02:00] Not a valid Opa Pdp Message                  
Failed to write to log, can't make directories for new logfile: mkdir /var/logs: permission denied
[33mWARN[0m[2026-08-26T03:17:37.3699+02:00] Ignoring message with unexpected type:       
Failed to write to log, can't make directories for new logfile: mkdir /var/logs: permission denied
[33mWARN[0m[2026-08-26T03:17:37.3700+02:00] Not a valid Opa Pdp Message                  
Failed to write to log, can't make directories for new logfile: mkdir /var/logs: permission denied
[33mWARN[0m[2026-08-26T03:17:37.3703+02:00] Not a valid Opa Pdp Message                  
Failed to write to log, can't make directories for new logfile: mkdir /var/logs: permission denied
[33mWARN[0m[2026-08-26T03:17:37.3705+02:00] Not a valid Opa Pdp Message                  
Failed to write to log, can't make directories for new logfile: mkdir /var/logs: permission denied
[33mWARN[0m[2026-08-26T03:17:37.3707+02:00] Not a valid Opa Pdp Message                  
Failed to write to log, can't make directories for new logfile: mkdir /var/logs: permission denied
[33mWARN[0m[2026-08-26T03:17:37.3702+02:00] Ignoring message with unexpected type:       
Failed to write to log, can't make directories for new logfile: mkdir /var/logs: permission denied
[33mWARN[0m[2026-08-26T03:17:37.3709+02:00] Not a valid Opa Pdp Message                  
Failed to write to log, can't make directories for new logfile: mkdir /var/logs: permission denied
[33mWARN[0m[2026-08-26T03:17:37.3712+02:00] Ignoring message with unexpected type:       
Failed to write to log, can't make directories for new logfile: mkdir /var/logs: permission denied
[33mWARN[0m[2026-08-26T03:17:37.3713+02:00] Not a valid Opa Pdp Message                  
Failed to write to log, can't make directories for new logfile: mkdir /var/logs: permission denied
[33mWARN[0m[2026-08-26T03:17:37.3715+02:00] Ignoring message with unexpected type:       
Failed to write to log, can't make directories for new logfile: mkdir /var/logs: permission denied
[33mWARN[0m[2026-08-26T03:17:37.3718+02:00] Not a valid Opa Pdp Message                  
Failed to write to log, can't make directories for new logfile: mkdir /var/logs: permission denied
[33mWARN[0m[2026-08-26T03:17:37.3721+02:00] Ignoring message with unexpected type:       
Failed to write to log, can't make directories for new logfile: mkdir /var/logs: permission denied
[33mWARN[0m[2026-08-26T03:17:37.3725+02:00] Not a valid Opa Pdp Message                  
Failed to write to log, can't make directories for new logfile: mkdir /var/logs: permission denied
[33mWARN[0m[2026-08-26T03:17:37.3726+02:00] Ignoring message with unexpected type:       
Failed to write to log, can't make directories for new logfile: mkdir /var/logs: permission denied
[33mWARN[0m[2026-08-26T03:17:37.3727+02:00] Not a valid Opa Pdp Message                  
Failed to write to log, can't make directories for new logfile: mkdir /var/logs: permission denied
[33mWARN[0m[2026-08-26T03:17:37.3730+02:00] Ignoring message with unexpected type:       
Failed to write to log, can't make directories for new logfile: mkdir /var/logs: permission denied
[33mWARN[0m[2026-08-26T03:17:37.3731+02:00] Not a valid Opa Pdp Message                  
Failed to write to log, can't make directories for new logfile: mkdir /var/logs: permission denied
[33mWARN[0m[2026-08-26T03:17:37.3732+02:00] Ignoring message with unexpected type:       
Failed to write to log, can't make directories for new logfile: mkdir /var/logs: permission denied
[33mWARN[0m[2026-08-26T03:17:37.3732+02:00] Not a valid Opa Pdp Message                  
Failed to write to log, can't make directories for new logfile: mkdir /var/logs: permission denied
[33mWARN[0m[2026-08-26T03:17:37.3734+02:00] Ignoring message with unexpected type:       
Failed to write to log, can't make directories for new logfile: mkdir /var/logs: permission denied
[33mWARN[0m[2026-08-26T03:17:37.3736+02:00] Not a valid Opa Pdp Message                  
Failed to write to log, can't make directories for new logfile: mkdir /var/logs: permission denied
[33mWARN[0m[2026-08-26T03:17:37.3737+02:00] Ignoring message with unexpected type:       
Failed to write to log, can't make directories for new logfile: mkdir /var/logs: permission denied
[33mWARN[0m[2026-08-26T03:17:37.3737+02:00] Not a valid Opa Pdp Message                  
Failed to write to log, can't make directories for new logfile: mkdir /var/logs: permission denied
[33mWARN[0m[2026-08-26T03:17:37.3741+02:00] Not a valid Opa Pdp Message                  
Failed to write to log, can't make directories for new logfile: mkdir /var/logs: permission denied
[33mWARN[0m[2026-08-26T03:17:37.3739+02:00] Ignoring message with unexpected type:       
Failed to write to log, can't make directories for new logfile: mkdir /var/logs: permission denied
[33mWARN[0m[2026-08-26T03:17:37.3745+02:00] Not a valid Opa Pdp Message                  
Failed to write to log, can't make directories for new logfile: mkdir /var/logs: permission denied
[33mWARN[0m[2026-08-26T03:17:37.3750+02:00] Not a valid Opa Pdp Message                  
Failed to write to log, can't make directories for new logfile: mkdir /var/logs: permission denied
[33mWARN[0m[2026-08-26T03:17:37.3750+02:00] Ignoring message with unexpected type:       
Failed to write to log, can't make directories for new logfile: mkdir /var/logs: permission denied
[33mWARN[0m[2026-08-26T03:17:37.3753+02:00] Not a valid Opa Pdp Message                  
Failed to write to log, can't make directories for new logfile: mkdir /var/logs: permission denied
[33mWARN[0m[2026-08-26T03:17:37.3757+02:00] Ignoring message with unexpected type:       
Failed to write to log, can't make directories for new logfile: mkdir /var/logs: permission denied
[33mWARN[0m[2026-08-26T03:17:37.3760+02:00] Not a valid Opa Pdp Message                  
Failed to write to log, can't make directories for new logfile: mkdir /var/logs: permission denied
[33mWARN[0m[2026-08-26T03:17:37.3762+02:00] Ignoring message with unexpected type:       
Failed to write to log, can't make directories for new logfile: mkdir /var/logs: permission denied
[33mWARN[0m[2026-08-26T03:17:37.3762+02:00] Not a valid Opa Pdp Message                  
Failed to write to log, can't make directories for new logfile: mkdir /var/logs: permission denied
[33mWARN[0m[2026-08-26T03:17:37.3764+02:00] Ignoring message with unexpected type:       
Failed to write to log, can't make directories for new logfile: mkdir /var/logs: permission denied
[33mWARN[0m[2026-08-26T03:17:37.3765+02:00] Not a valid Opa Pdp Message                  
Failed to write to log, can't make directories for new logfile: mkdir /var/logs: permission denied
[33mWARN[0m[2026-08-26T03:17:37.3766+02:00] Ignoring message with unexpected type:       
Failed to write to log, can't make directories for new logfile: mkdir /var/logs: permission denied
[33mWARN[0m[2026-08-26T03:17:37.3767+02:00] Not a valid Opa Pdp Message                  
Failed to write to log, can't make directories for new logfile: mkdir /var/logs: permission denied
[33mWARN[0m[2026-08-26T03:17:37.3769+02:00] Ignoring message with unexpected type:       
Failed to write to log, can't make directories for new logfile: mkdir /var/logs: permission denied
[33mWARN[0m[2026-08-26T03:17:37.3769+02:00] Not a valid Opa Pdp Message                  
Failed to write to log, can't make directories for new logfile: mkdir /var/logs: permission denied
[33mWARN[0m[2026-08-26T03:17:37.3771+02:00] Ignoring message with unexpected type:       
Failed to write to log, can't make directories for new logfile: mkdir /var/logs: permission denied
[33mWARN[0m[2026-08-26T03:17:37.3775+02:00] Not a valid Opa Pdp Message                  
Failed to write to log, can't make directories for new logfile: mkdir /var/logs: permission denied
[33mWARN[0m[2026-08-26T03:17:37.3778+02:00] Not a valid Opa Pdp Message                  
Failed to write to log, can't make directories for new logfile: mkdir /var/logs: permission denied
[33mWARN[0m[2026-08-26T03:17:37.3778+02:00] Ignoring message with unexpected type:       
Failed to write to log, can't make directories for new logfile: mkdir /var/logs: permission denied
[33mWARN[0m[2026-08-26T03:17:37.3780+02:00] Not a valid Opa Pdp Message                  
Failed to write to log, can't make directories for new logfile: mkdir /var/logs: permission denied
[33mWARN[0m[2026-08-26T03:17:37.3785+02:00] Not a valid Opa Pdp Message                  
Failed to write to log, can't make directories for new logfile: mkdir /var/logs: permission denied
[33mWARN[0m[2026-08-26T03:17:37.3787+02:00] Not a valid Opa Pdp Message                  
Failed to write to log, can't make directories for new logfile: mkdir /var/logs: permission denied
[33mWARN[0m[2026-08-26T03:17:37.3788+02:00] Ignoring message with unexpected type:       
Failed to write to log, can't make directories for new logfile: mkdir /var/logs: permission denied
[33mWARN[0m[2026-08-26T03:17:37.3789+02:00] Not a valid Opa Pdp Message                  
Failed to write to log, can't make directories for new logfile: mkdir /var/logs: permission denied
[33mWARN[0m[2026-08-26T03:17:37.3792+02:00] Ignoring message with unexpected type:       
Failed to write to log, can't make directories for new logfile: mkdir /var/logs: permission denied
[33mWARN[0m[2026-08-26T03:17:37.3795+02:00] Not a valid Opa Pdp Message                  
Failed to write to log, can't make directories for new logfile: mkdir /var/logs: permission denied
[33mWARN[0m[2026-08-26T03:17:37.3800+02:00] Not a valid Opa Pdp Message                  
Failed to write to log, can't make directories for new logfile: mkdir /var/logs: permission denied
[33mWARN[0m[2026-08-26T03:17:37.3801+02:00] Ignoring message with unexpected type:       
Failed to write to log, can't make directories for new logfile: mkdir /var/logs: permission denied
[33mWARN[0m[2026-08-26T03:17:37.3802+02:00] Not a valid Opa Pdp Message                  
Failed to write to log, can't make directories for new logfile: mkdir /var/logs: permission denied
[33mWARN[0m[2026-08-26T03:17:37.3806+02:00] Ignoring message with unexpected type:       
Failed to write to log, can't make directories for new logfile: mkdir /var/logs: permission denied
[33mWARN[0m[2026-08-26T03:17:37.3807+02:00] Not a valid Opa Pdp Message                  
Failed to write to log, can't make directories for new logfile: mkdir /var/logs: permission denied
[33mWARN[0m[2026-08-26T03:17:37.3809+02:00] Ignoring message with unexpected type:       
Failed to write to log, can't make directories for new logfile: mkdir /var/logs: permission denied
[33mWARN[0m[2026-08-26T03:17:37.3809+02:00] Not a valid Opa Pdp Message                  
Failed to write to log, can't make directories for new logfile: mkdir /var/logs: permission denied
[33mWARN[0m[2026-08-26T03:17:37.3811+02:00] Ignoring message with unexpected type:       
Failed to write to log, can't make directories for new logfile: mkdir /var/logs: permission denied
[33mWARN[0m[2026-08-26T03:17:37.3812+02:00] Not a valid Opa Pdp Message                  
Failed to write to log, can't make directories for new logfile: mkdir /var/logs: permission denied
[33mWARN[0m[2026-08-26T03:17:37.3814+02:00] Ignoring message with unexpected type:       
Failed to write to log, can't make directories for new logfile: mkdir /var/logs: permission denied
[33mWARN[0m[2026-08-26T03:17:37.3815+02:00] Not a valid Opa Pdp Message                  
Failed to write to log, can't make directories for new logfile: mkdir /var/logs: permission denied
[33mWARN[0m[2026-08-26T03:17:37.3818+02:00] Ignoring message with unexpected type:       
Failed to write to log, can't make directories for new logfile: mkdir /var/logs: permission denied
[33mWARN[0m[2026-08-26T03:17:37.3820+02:00] Not a valid Opa Pdp Message                  
Failed to write to log, can't make directories for new logfile: mkdir /var/logs: permission denied
[33mWARN[0m[2026-08-26T03:17:37.3822+02:00] Ignoring message with unexpected type:       
Failed to write to log, can't make directories for new logfile: mkdir /var/logs: permission denied
[33mWARN[0m[2026-08-26T03:17:37.3824+02:00] Ignoring message with unexpected type:       
Failed to write to log, can't make directories for new logfile: mkdir /var/logs: permission denied
[33mWARN[0m[2026-08-26T03:17:37.3823+02:00] Not a valid Opa Pdp Message                  
Failed to write to log, can't make directories for new logfile: mkdir /var/logs: permission denied
[33mWARN[0m[2026-08-26T03:17:37.3826+02:00] Ignoring message with unexpected type:       
Failed to write to log, can't make directories for new logfile: mkdir /var/logs: permission denied
[33mWARN[0m[2026-08-26T03:17:37.3827+02:00] Not a valid Opa Pdp Message                  
Failed to write to log, can't make directories for new logfile: mkdir /var/logs: permission denied
[33mWARN[0m[2026-08-26T03:17:37.3828+02:00] Ignoring message with unexpected type:       
Failed to write to log, can't make directories for new logfile: mkdir /var/logs: permission denied
[33mWARN[0m[2026-08-26T03:17:37.3829+02:00] Not a valid Opa Pdp Message                  
Failed to write to log, can't make directories for new logfile: mkdir /var/logs: permission denied
[33mWARN[0m[2026-08-26T03:17:37.3831+02:00] Ignoring message with unexpected type:       
Failed to write to log, can't make directories for new logfile: mkdir /var/logs: permission denied
[33mWARN[0m[2026-08-26T03:17:37.3831+02:00] Not a valid Opa Pdp Message                  
Failed to write to log, can't make directories for new logfile: mkdir /var/logs: permission denied
[33mWARN[0m[2026-08-26T03:17:37.3833+02:00] Ignoring message with unexpected type:       
Failed to write to log, can't make directories for new logfile: mkdir /var/logs: permission denied
[33mWARN[0m[2026-08-26T03:17:37.3837+02:00] Ignoring message with unexpected type:       
Failed to write to log, can't make directories for new logfile: mkdir /var/logs: permission denied
[33mWARN[0m[2026-08-26T03:17:37.3837+02:00] Not a valid Opa Pdp Message                  
Failed to write to log, can't make directories for new logfile: mkdir /var/logs: permission denied
[33mWARN[0m[2026-08-26T03:17:37.3841+02:00] Ignoring message with unexpected type:       
Failed to write to log, can't make directories for new logfile: mkdir /var/logs: permission denied
[33mWARN[0m[2026-08-26T03:17:37.3843+02:00] Not a valid Opa Pdp Message                  
Failed to write to log, can't make directories for new logfile: mkdir /var/logs: permission denied
[33mWARN[0m[2026-08-26T03:17:37.3845+02:00] Ignoring message with unexpected type:       
Failed to write to log, can't make directories for new logfile: mkdir /var/logs: permission denied
[33mWARN[0m[2026-08-26T03:17:37.3846+02:00] Not a valid Opa Pdp Message                  
Failed to write to log, can't make directories for new logfile: mkdir /var/logs: permission denied
[33mWARN[0m[2026-08-26T03:17:37.3848+02:00] Ignoring message with unexpected type:       
Failed to write to log, can't make directories for new logfile: mkdir /var/logs: permission denied
[33mWARN[0m[2026-08-26T03:17:37.3853+02:00] Not a valid Opa Pdp Message                  
Failed to write to log, can't make directories for new logfile: mkdir /var/logs: permission denied
[33mWARN[0m[2026-08-26T03:17:37.3854+02:00] Ignoring message with unexpected type:       
Failed to write to log, can't make directories for new logfile: mkdir /var/logs: permission denied
[33mWARN[0m[2026-08-26T03:17:37.3858+02:00] Not a valid Opa Pdp Message                  
Failed to write to log, can't make directories for new logfile: mkdir /var/logs: permission denied
[33mWARN[0m[2026-08-26T03:17:37.3860+02:00] Ignoring message with unexpected type:       
Failed to write to log, can't make directories for new logfile: mkdir /var/logs: permission denied
[33mWARN[0m[2026-08-26T03:17:37.3861+02:00] Not a valid Opa Pdp Message                  
Failed to write to log, can't make directories for new logfile: mkdir /var/logs: permission denied
[33mWARN[0m[2026-08-26T03:17:37.3862+02:00] Ignoring message with unexpected type:       
Failed to write to log, can't make directories for new logfile: mkdir /var/logs: permission denied
[33mWARN[0m[2026-08-26T03:17:37.3863+02:00] Not a valid Opa Pdp Message                  
Failed to write to log, can't make directories for new logfile: mkdir /var/logs: permission denied
[33mWARN[0m[2026-08-26T03:17:37.3865+02:00] Ignoring message with unexpected type:       
Failed to write to log, can't make directories for new logfile: mkdir /var/logs: permission denied
[33mWARN[0m[2026-08-26T03:17:37.3869+02:00] Not a valid Opa Pdp Message                  
Failed to write to log, can't make directories for new logfile: mkdir /var/logs: permission denied
[33mWARN[0m[2026-08-26T03:17:37.3870+02:00] Ignoring message with unexpected type:       
Failed to write to log, can't make directories for new logfile: mkdir /var/logs: permission denied
[33mWARN[0m[2026-08-26T03:17:37.3872+02:00] Not a valid Opa Pdp Message                  
Failed to write to log, can't make directories for new logfile: mkdir /var/logs: permission denied
[33mWARN[0m[2026-08-26T03:17:37.3873+02:00] Ignoring message with unexpected type:       
Failed to write to log, can't make directories for new logfile: mkdir /var/logs: permission denied
[33mWARN[0m[2026-08-26T03:17:37.3875+02:00] Not a valid Opa Pdp Message                  
Failed to write to log, can't make directories for new logfile: mkdir /var/logs: permission denied
[33mWARN[0m[2026-08-26T03:17:37.3876+02:00] Ignoring message with unexpected type:       
Failed to write to log, can't make directories for new logfile: mkdir /var/logs: permission denied
[33mWARN[0m[2026-08-26T03:17:37.3876+02:00] Not a valid Opa Pdp Message                  
Failed to write to log, can't make directories for new logfile: mkdir /var/logs: permission denied
[33mWARN[0m[2026-08-26T03:17:37.3878+02:00] Ignoring message with unexpected type:       
Failed to write to log, can't make directories for new logfile: mkdir /var/logs: permission denied
[33mWARN[0m[2026-08-26T03:17:37.3879+02:00] Not a valid Opa Pdp Message                  
Failed to write to log, can't make directories for new logfile: mkdir /var/logs: permission denied
[33mWARN[0m[2026-08-26T03:17:37.3881+02:00] Ignoring message with unexpected type:       
Failed to write to log, can't make directories for new logfile: mkdir /var/logs: permission denied
[33mWARN[0m[2026-08-26T03:17:37.3885+02:00] Not a valid Opa Pdp Message                  
Failed to write to log, can't make directories for new logfile: mkdir /var/logs: permission denied
[33mWARN[0m[2026-08-26T03:17:37.3886+02:00] Ignoring message with unexpected type:       
Failed to write to log, can't make directories for new logfile: mkdir /var/logs: permission denied
[33mWARN[0m[2026-08-26T03:17:37.3892+02:00] Ignoring message with unexpected type:       
Failed to write to log, can't make directories for new logfile: mkdir /var/logs: permission denied
[33mWARN[0m[2026-08-26T03:17:37.3889+02:00] Not a valid Opa Pdp Message                  
Failed to write to log, can't make directories for new logfile: mkdir /var/logs: permission denied
[33mWARN[0m[2026-08-26T03:17:37.3895+02:00] Ignoring message with unexpected type:       
Failed to write to log, can't make directories for new logfile: mkdir /var/logs: permission denied
[33mWARN[0m[2026-08-26T03:17:37.3896+02:00] Not a valid Opa Pdp Message                  
Failed to write to log, can't make directories for new logfile: mkdir /var/logs: permission denied
[33mWARN[0m[2026-08-26T03:17:37.3897+02:00] Ignoring message with unexpected type:       
Failed to write to log, can't make directories for new logfile: mkdir /var/logs: permission denied
[33mWARN[0m[2026-08-26T03:17:37.3897+02:00] Not a valid Opa Pdp Message                  
Failed to write to log, can't make directories for new logfile: mkdir /var/logs: permission denied
[33mWARN[0m[2026-08-26T03:17:37.3900+02:00] Ignoring message with unexpected type:       
Failed to write to log, can't make directories for new logfile: mkdir /var/logs: permission denied
[33mWARN[0m[2026-08-26T03:17:37.3900+02:00] Not a valid Opa Pdp Message                  
Failed to write to log, can't make directories for new logfile: mkdir /var/logs: permission denied
[33mWARN[0m[2026-08-26T03:17:37.3904+02:00] Ignoring message with unexpected type:       
Failed to write to log, can't make directories for new logfile: mkdir /var/logs: permission denied
[33mWARN[0m[2026-08-26T03:17:37.3907+02:00] Not a valid Opa Pdp Message                  
Failed to write to log, can't make directories for new logfile: mkdir /var/logs: permission denied
[33mWARN[0m[2026-08-26T03:17:37.3907+02:00] Ignoring message with unexpected type:       
Failed to write to log, can't make directories for new logfile: mkdir /var/logs: permission denied
[33mWARN[0m[2026-08-26T03:17:37.3911+02:00] Not a valid Opa Pdp Message                  
Failed to write to log, can't make directories for new logfile: mkdir /var/logs: permission denied
[33mWARN[0m[2026-08-26T03:17:37.3914+02:00] Ignoring message with unexpected type:       
Failed to write to log, can't make directories for new logfile: mkdir /var/logs: permission denied
[33mWARN[0m[2026-08-26T03:17:37.3914+02:00] Not a valid Opa Pdp Message                  
Failed to write to log, can't make directories for new logfile: mkdir /var/logs: permission denied
[33mWARN[0m[2026-08-26T03:17:37.3916+02:00] Ignoring message with unexpected type:       
Failed to write to log, can't make directories for new logfile: mkdir /var/logs: permission denied
[33mWARN[0m[2026-08-26T03:17:37.3917+02:00] Not a valid Opa Pdp Message                  
Failed to write to log, can't make directories for new logfile: mkdir /var/logs: permission denied
[33mWARN[0m[2026-08-26T03:17:37.3920+02:00] Ignoring message with unexpected type:       
Failed to write to log, can't make directories for new logfile: mkdir /var/logs: permission denied
[33mWARN[0m[2026-08-26T03:17:37.3920+02:00] Not a valid Opa Pdp Message                  
Failed to write to log, can't make directories for new logfile: mkdir /var/logs: permission denied
[33mWARN[0m[2026-08-26T03:17:37.3922+02:00] Ignoring message with unexpected type:       
Failed to write to log, can't make directories for new logfile: mkdir /var/logs: permission denied
[33mWARN[0m[2026-08-26T03:17:37.3929+02:00] Not a valid Opa Pdp Message                  
Failed to write to log, can't make directories for new logfile: mkdir /var/logs: permission denied
[33mWARN[0m[2026-08-26T03:17:37.3932+02:00] Ignoring message with unexpected type:       
Failed to write to log, can't make directories for new logfile: mkdir /var/logs: permission denied
[33mWARN[0m[2026-08-26T03:17:37.3935+02:00] Not a valid Opa Pdp Message                  
Failed to write to log, can't make directories for new logfile: mkdir /var/logs: permission denied
[33mWARN[0m[2026-08-26T03:17:37.3937+02:00] Ignoring message with unexpected type:       
Failed to write to log, can't make directories for new logfile: mkdir /var/logs: permission denied
[33mWARN[0m[2026-08-26T03:17:37.3937+02:00] Not a valid Opa Pdp Message                  
Failed to write to log, can't make directories for new logfile: mkdir /var/logs: permission denied
[33mWARN[0m[2026-08-26T03:17:37.3945+02:00] Not a valid Opa Pdp Message                  
Failed to write to log, can't make directories for new logfile: mkdir /var/logs: permission denied
[36mINFO[0m[2026-08-26T03:17:37.3947+02:00] HTTP server started                          
Failed to write to log, can't make directories for new logfile: mkdir /var/logs: permission denied
[31mERRO[0m[2026-08-26T03:17:37.3948+02:00] OPA initialization failed: OPA initialization failed 
Failed to write to log, can't make directories for new logfile: mkdir /var/logs: permission denied
[33mWARN[0m[2026-08-26T03:17:37.3947+02:00] Not a valid Opa Pdp Message                  
Failed to write to log, can't make directories for new logfile: mkdir /var/logs: permission denied
--- PASS: TestMain_HandleShutdownWithSignals (0.05s)
=== RUN   TestStartKafkaConsumerFailure
=== RUN   TestStartKafkaConsumerFailure/Kafka_consumer_creation_failure
[33mWARN[0m[2026-08-26T03:17:37.3952+02:00] Not a valid Opa Pdp Message                  
Failed to write to log, can't make directories for new logfile: mkdir /var/logs: permission denied
[33mWARN[0m[2026-08-26T03:17:37.3958+02:00] Not a valid Opa Pdp Message                  
Failed to write to log, can't make directories for new logfile: mkdir /var/logs: permission denied
[33mWARN[0m[2026-08-26T03:17:37.3960+02:00] Not a valid Opa Pdp Message                  
Failed to write to log, can't make directories for new logfile: mkdir /var/logs: permission denied
[33mWARN[0m[2026-08-26T03:17:37.3964+02:00] Not a valid Opa Pdp Message                  
Failed to write to log, can't make directories for new logfile: mkdir /var/logs: permission denied
[33mWARN[0m[2026-08-26T03:17:37.3955+02:00] Failed to create Kafka consumer: Kafka consumer creation error 
Failed to write to log, can't make directories for new logfile: mkdir /var/logs: permission denied
--- PASS: TestStartKafkaConsumerFailure (0.00s)
    --- PASS: TestStartKafkaConsumerFailure/Kafka_consumer_creation_failure (0.00s)
[33mWARN[0m[2026-08-26T03:17:37.3968+02:00] Not a valid Opa Pdp Message                  
=== RUN   TestStartKafkaProducerFailure
=== RUN   TestStartKafkaProducerFailure/Kafka_producer_creation_failure
Failed to write to log, can't make directories for new logfile: mkdir /var/logs: permission denied
[33mWARN[0m[2026-08-26T03:17:37.3982+02:00] Failed to create Kafka producer: Kafka producer creation error 
Failed to write to log, can't make directories for new logfile: mkdir /var/logs: permission denied
--- PASS: TestStartKafkaProducerFailure (0.00s)
    --- PASS: TestStartKafkaProducerFailure/Kafka_producer_creation_failure (0.00s)
[33mWARN[0m[2026-08-26T03:17:37.3946+02:00] Ignoring message with unexpected type:       
=== RUN   TestStartKafkaAndProdSuccess
Failed to write to log, can't make directories for new logfile: mkdir /var/logs: permission denied
[33mWARN[0m[2026-08-26T03:17:37.3997+02:00] Ignoring message with unexpected type:       
Failed to write to log, can't make directories for new logfile: mkdir /var/logs: permission denied
[33mWARN[0m[2026-08-26T03:17:37.4000+02:00] Ignoring message with unexpected type:       
Failed to write to log, can't make directories for new logfile: mkdir /var/logs: permission denied
[33mWARN[0m[2026-08-26T03:17:37.4003+02:00] Ignoring message with unexpected type:       
Failed to write to log, can't make directories for new logfile: mkdir /var/logs: permission denied
[33mWARN[0m[2026-08-26T03:17:37.4005+02:00] Ignoring message with unexpected type:       
Failed to write to log, can't make directories for new logfile: mkdir /var/logs: permission denied
[33mWARN[0m[2026-08-26T03:17:37.4008+02:00] Ignoring message with unexpected type:       
Failed to write to log, can't make directories for new logfile: mkdir /var/logs: permission denied
[33mWARN[0m[2026-08-26T03:17:37.4011+02:00] Ignoring message with unexpected type:       
Failed to write to log, can't make directories for new logfile: mkdir /var/logs: permission denied
=== RUN   TestStartKafkaAndProdSuccess/Kafka_consumer_and_producer_creation_success
--- PASS: TestStartKafkaAndProdSuccess (0.00s)
    --- PASS: TestStartKafkaAndProdSuccess/Kafka_consumer_and_producer_creation_success (0.00s)
=== RUN   TestHandleMessages_ErrorInPdpMessageHandler
--- PASS: TestHandleMessages_ErrorInPdpMessageHandler (0.00s)
[33mWARN[0m[2026-08-26T03:17:37.4016+02:00] Erro in PdpUpdate Message Handler: simulated error in PdpMessageHandler 
Failed to write to log, can't make directories for new logfile: mkdir /var/logs: permission denied
=== RUN   TestShutdownHTTPServer_Errors
[33mWARN[0m[2026-08-26T03:17:37.4019+02:00] Failed to gracefully shut down server: shutdown error 
Failed to write to log, can't make directories for new logfile: mkdir /var/logs: permission denied
--- PASS: TestShutdownHTTPServer_Errors (0.00s)
=== RUN   TestPatchStartKafkaAndProdSuccess
=== RUN   TestPatchStartKafkaAndProdSuccess/Kafka_consumer_and_producer_creation_success
--- PASS: TestPatchStartKafkaAndProdSuccess (0.00s)
    --- PASS: TestPatchStartKafkaAndProdSuccess/Kafka_consumer_and_producer_creation_success (0.00s)
=== RUN   TestPatchStartKafkaAndProdFailure
=== RUN   TestPatchStartKafkaAndProdFailure/Kafka_consumer_creation_failure
[33mWARN[0m[2026-08-26T03:17:37.4025+02:00] Failed to create Kafka consumer: consumer creation failed 
Failed to write to log, can't make directories for new logfile: mkdir /var/logs: permission denied
=== RUN   TestPatchStartKafkaAndProdFailure/Kafka_producer_creation_failure
[33mWARN[0m[2026-08-26T03:17:37.4027+02:00] Failed to create Kafka producer: producer creation failed 
Failed to write to log, can't make directories for new logfile: mkdir /var/logs: permission denied
--- PASS: TestPatchStartKafkaAndProdFailure (0.00s)
    --- PASS: TestPatchStartKafkaAndProdFailure/Kafka_consumer_creation_failure (0.00s)
    --- PASS: TestPatchStartKafkaAndProdFailure/Kafka_producer_creation_failure (0.00s)
=== RUN   TestInitializeOPA_KeepsInstanceForShutdown
--- PASS: TestInitializeOPA_KeepsInstanceForShutdown (0.00s)
=== RUN   TestPatchKafkaVars_NotShadowed
--- PASS: TestPatchKafkaVars_NotShadowed (0.00s)
=== RUN   TestInitializeOPA_ErrorPropagation
[33mWARN[0m[2026-08-26T03:17:37.4033+02:00] Ignoring message with unexpected type:       
Failed to write to log, can't make directories for new logfile: mkdir /var/logs: permission denied
[33mWARN[0m[2026-08-26T03:17:37.4036+02:00] Ignoring message with unexpected type:       
Failed to write to log, can't make directories for new logfile: mkdir /var/logs: permission denied
[33mWARN[0m[2026-08-26T03:17:37.4040+02:00] Ignoring message with unexpected type:       
Failed to write to log, can't make directories for new logfile: mkdir /var/logs: permission denied
--- PASS: TestInitializeOPA_ErrorPropagation (0.00s)
=== RUN   TestRunHealthCheck_Healthy
--- PASS: TestRunHealthCheck_Healthy (0.00s)
=== RUN   TestRunHealthCheck_Unhealthy
healthcheck failed: unreachable
--- PASS: TestRunHealthCheck_Unhealthy (0.00s)
=== RUN   TestRunHealthCheck_PassesConfiguredURLAndCreds
--- PASS: TestRunHealthCheck_PassesConfiguredURLAndCreds (0.00s)
PASS
[33mWARN[0m[2026-08-26T03:17:37.4042+02:00] Ignoring message with unexpected type:       
Failed to write to log, can't make directories for new logfile: mkdir /var/logs: permission denied
[33mWARN[0m[2026-08-26T03:17:37.4052+02:00] Ignoring message with unexpected type:       
Failed to write to log, can't make directories for new logfile: mkdir /var/logs: permission denied
[33mWARN[0m[2026-08-26T03:17:37.4055+02:00] Ignoring message with unexpected type:       
Failed to write to log, can't make directories for new logfile: mkdir /var/logs: permission denied
[33mWARN[0m[2026-08-26T03:17:37.4057+02:00] Ignoring message with unexpected type:       
Failed to write to log, can't make directories for new logfile: mkdir /var/logs: permission denied
[33mWARN[0m[2026-08-26T03:17:37.4059+02:00] Ignoring message with unexpected type:       
Failed to write to log, can't make directories for new logfile: mkdir /var/logs: permission denied
[33mWARN[0m[2026-08-26T03:17:37.4062+02:00] Ignoring message with unexpected type:       
Failed to write to log, can't make directories for new logfile: mkdir /var/logs: permission denied
[33mWARN[0m[2026-08-26T03:17:37.4065+02:00] Ignoring message with unexpected type:       
Failed to write to log, can't make directories for new logfile: mkdir /var/logs: permission denied
[33mWARN[0m[2026-08-26T03:17:37.4067+02:00] Ignoring message with unexpected type:       
Failed to write to log, can't make directories for new logfile: mkdir /var/logs: permission denied
[33mWARN[0m[2026-08-26T03:17:37.4069+02:00] Ignoring message with unexpected type:       
Failed to write to log, can't make directories for new logfile: mkdir /var/logs: permission denied
[33mWARN[0m[2026-08-26T03:17:37.4071+02:00] Ignoring message with unexpected type:       
Failed to write to log, can't make directories for new logfile: mkdir /var/logs: permission denied
[33mWARN[0m[2026-08-26T03:17:37.4074+02:00] Ignoring message with unexpected type:       
Failed to write to log, can't make directories for new logfile: mkdir /var/logs: permission denied
[33mWARN[0m[2026-08-26T03:17:37.4077+02:00] Ignoring message with unexpected type:       
Failed to write to log, can't make directories for new logfile: mkdir /var/logs: permission denied
[33mWARN[0m[2026-08-26T03:17:37.4079+02:00] Ignoring message with unexpected type:       
Failed to write to log, can't make directories for new logfile: mkdir /var/logs: permission denied
[33mWARN[0m[2026-08-26T03:17:37.4081+02:00] Ignoring message with unexpected type:       
Failed to write to log, can't make directories for new logfile: mkdir /var/logs: permission denied
[33mWARN[0m[2026-08-26T03:17:37.4084+02:00] Ignoring message with unexpected type:       
Failed to write to log, can't make directories for new logfile: mkdir /var/logs: permission denied
[33mWARN[0m[2026-08-26T03:17:37.4086+02:00] Ignoring message with unexpected type:       
Failed to write to log, can't make directories for new logfile: mkdir /var/logs: permission denied
[33mWARN[0m[2026-08-26T03:17:37.4088+02:00] Ignoring message with unexpected type:       
Failed to write to log, can't make directories for new logfile: mkdir /var/logs: permission denied
[33mWARN[0m[2026-08-26T03:17:37.4090+02:00] Ignoring message with unexpected type:       
Failed to write to log, can't make directories for new logfile: mkdir /var/logs: permission denied
[33mWARN[0m[2026-08-26T03:17:37.4093+02:00] Ignoring message with unexpected type:       
Failed to write to log, can't make directories for new logfile: mkdir /var/logs: permission denied
[33mWARN[0m[2026-08-26T03:17:37.4095+02:00] Ignoring message with unexpected type:       
Failed to write to log, can't make directories for new logfile: mkdir /var/logs: permission denied
[33mWARN[0m[2026-08-26T03:17:37.4097+02:00] Ignoring message with unexpected type:       
Failed to write to log, can't make directories for new logfile: mkdir /var/logs: permission denied
[33mWARN[0m[2026-08-26T03:17:37.4100+02:00] Ignoring message with unexpected type:       
Failed to write to log, can't make directories for new logfile: mkdir /var/logs: permission denied
[33mWARN[0m[2026-08-26T03:17:37.4102+02:00] Ignoring message with unexpected type:       
Failed to write to log, can't make directories for new logfile: mkdir /var/logs: permission denied
[33mWARN[0m[2026-08-26T03:17:37.4105+02:00] Ignoring message with unexpected type:       
Failed to write to log, can't make directories for new logfile: mkdir /var/logs: permission denied
[33mWARN[0m[2026-08-26T03:17:37.4107+02:00] Ignoring message with unexpected type:       
Failed to write to log, can't make directories for new logfile: mkdir /var/logs: permission denied
[33mWARN[0m[2026-08-26T03:17:37.4109+02:00] Ignoring message with unexpected type:       
Failed to write to log, can't make directories for new logfile: mkdir /var/logs: permission denied
[33mWARN[0m[2026-08-26T03:17:37.4112+02:00] Ignoring message with unexpected type:       
Failed to write to log, can't make directories for new logfile: mkdir /var/logs: permission denied
[33mWARN[0m[2026-08-26T03:17:37.4114+02:00] Ignoring message with unexpected type:       
Failed to write to log, can't make directories for new logfile: mkdir /var/logs: permission denied
[33mWARN[0m[2026-08-26T03:17:37.4116+02:00] Ignoring message with unexpected type:       
Failed to write to log, can't make directories for new logfile: mkdir /var/logs: permission denied
[33mWARN[0m[2026-08-26T03:17:37.3994+02:00] Not a valid Opa Pdp Message                  
Failed to write to log, can't make directories for new logfile: mkdir /var/logs: permission denied
[33mWARN[0m[2026-08-26T03:17:37.4121+02:00] Not a valid Opa Pdp Message                  
Failed to write to log, can't make directories for new logfile: mkdir /var/logs: permission denied
[33mWARN[0m[2026-08-26T03:17:37.4123+02:00] Not a valid Opa Pdp Message                  
Failed to write to log, can't make directories for new logfile: mkdir /var/logs: permission denied
[33mWARN[0m[2026-08-26T03:17:37.4125+02:00] Not a valid Opa Pdp Message                  
Failed to write to log, can't make directories for new logfile: mkdir /var/logs: permission denied
[33mWARN[0m[2026-08-26T03:17:37.4127+02:00] Not a valid Opa Pdp Message                  
Failed to write to log, can't make directories for new logfile: mkdir /var/logs: permission denied
[33mWARN[0m[2026-08-26T03:17:37.4128+02:00] Not a valid Opa Pdp Message                  
Failed to write to log, can't make directories for new logfile: mkdir /var/logs: permission denied
[33mWARN[0m[2026-08-26T03:17:37.4131+02:00] Not a valid Opa Pdp Message                  
Failed to write to log, can't make directories for new logfile: mkdir /var/logs: permission denied
[33mWARN[0m[2026-08-26T03:17:37.4133+02:00] Not a valid Opa Pdp Message                  
Failed to write to log, can't make directories for new logfile: mkdir /var/logs: permission denied
[33mWARN[0m[2026-08-26T03:17:37.4134+02:00] Not a valid Opa Pdp Message                  
Failed to write to log, can't make directories for new logfile: mkdir /var/logs: permission denied
[33mWARN[0m[2026-08-26T03:17:37.4136+02:00] Not a valid Opa Pdp Message                  
Failed to write to log, can't make directories for new logfile: mkdir /var/logs: permission denied
[33mWARN[0m[2026-08-26T03:17:37.4138+02:00] Not a valid Opa Pdp Message                  
Failed to write to log, can't make directories for new logfile: mkdir /var/logs: permission denied
[33mWARN[0m[2026-08-26T03:17:37.4141+02:00] Not a valid Opa Pdp Message                  
Failed to write to log, can't make directories for new logfile: mkdir /var/logs: permission denied
[33mWARN[0m[2026-08-26T03:17:37.4143+02:00] Not a valid Opa Pdp Message                  
Failed to write to log, can't make directories for new logfile: mkdir /var/logs: permission denied
[33mWARN[0m[2026-08-26T03:17:37.4145+02:00] Not a valid Opa Pdp Message                  
Failed to write to log, can't make directories for new logfile: mkdir /var/logs: permission denied
[33mWARN[0m[2026-08-26T03:17:37.4146+02:00] Not a valid Opa Pdp Message                  
Failed to write to log, can't make directories for new logfile: mkdir /var/logs: permission denied
[33mWARN[0m[2026-08-26T03:17:37.4148+02:00] Not a valid Opa Pdp Message                  
Failed to write to log, can't make directories for new logfile: mkdir /var/logs: permission denied
[33mWARN[0m[2026-08-26T03:17:37.4150+02:00] Not a valid Opa Pdp Message                  
Failed to write to log, can't make directories for new logfile: mkdir /var/logs: permission denied
[33mWARN[0m[2026-08-26T03:17:37.4152+02:00] Not a valid Opa Pdp Message                  
Failed to write to log, can't make directories for new logfile: mkdir /var/logs: permission denied
[33mWARN[0m[2026-08-26T03:17:37.4154+02:00] Not a valid Opa Pdp Message                  
Failed to write to log, can't make directories for new logfile: mkdir /var/logs: permission denied
[33mWARN[0m[2026-08-26T03:17:37.4155+02:00] Not a valid Opa Pdp Message                  
Failed to write to log, can't make directories for new logfile: mkdir /var/logs: permission denied
[33mWARN[0m[2026-08-26T03:17:37.4157+02:00] Not a valid Opa Pdp Message                  
Failed to write to log, can't make directories for new logfile: mkdir /var/logs: permission denied
[33mWARN[0m[2026-08-26T03:17:37.4159+02:00] Not a valid Opa Pdp Message                  
Failed to write to log, can't make directories for new logfile: mkdir /var/logs: permission denied
[33mWARN[0m[2026-08-26T03:17:37.4161+02:00] Not a valid Opa Pdp Message                  
Failed to write to log, can't make directories for new logfile: mkdir /var/logs: permission denied
[33mWARN[0m[2026-08-26T03:17:37.4163+02:00] Not a valid Opa Pdp Message                  
Failed to write to log, can't make directories for new logfile: mkdir /var/logs: permission denied
[33mWARN[0m[2026-08-26T03:17:37.4165+02:00] Not a valid Opa Pdp Message                  
Failed to write to log, can't make directories for new logfile: mkdir /var/logs: permission denied
[33mWARN[0m[2026-08-26T03:17:37.4166+02:00] Not a valid Opa Pdp Message                  
Failed to write to log, can't make directories for new logfile: mkdir /var/logs: permission denied
[33mWARN[0m[2026-08-26T03:17:37.4168+02:00] Not a valid Opa Pdp Message                  
Failed to write to log, can't make directories for new logfile: mkdir /var/logs: permission denied
[33mWARN[0m[2026-08-26T03:17:37.4170+02:00] Not a valid Opa Pdp Message                  
Failed to write to log, can't make directories for new logfile: mkdir /var/logs: permission denied
[33mWARN[0m[2026-08-26T03:17:37.4172+02:00] Not a valid Opa Pdp Message                  
Failed to write to log, can't make directories for new logfile: mkdir /var/logs: permission denied
[33mWARN[0m[2026-08-26T03:17:37.4174+02:00] Not a valid Opa Pdp Message                  
Failed to write to log, can't make directories for new logfile: mkdir /var/logs: permission denied
[33mWARN[0m[2026-08-26T03:17:37.4176+02:00] Not a valid Opa Pdp Message                  
Failed to write to log, can't make directories for new logfile: mkdir /var/logs: permission denied
[33mWARN[0m[2026-08-26T03:17:37.4177+02:00] Not a valid Opa Pdp Message                  
Failed to write to log, can't make directories for new logfile: mkdir /var/logs: permission denied
[33mWARN[0m[2026-08-26T03:17:37.4179+02:00] Not a valid Opa Pdp Message                  
Failed to write to log, can't make directories for new logfile: mkdir /var/logs: permission denied
[33mWARN[0m[2026-08-26T03:17:37.4181+02:00] Not a valid Opa Pdp Message                  
Failed to write to log, can't make directories for new logfile: mkdir /var/logs: permission denied
[33mWARN[0m[2026-08-26T03:17:37.4183+02:00] Not a valid Opa Pdp Message                  
Failed to write to log, can't make directories for new logfile: mkdir /var/logs: permission denied
[33mWARN[0m[2026-08-26T03:17:37.4185+02:00] Not a valid Opa Pdp Message                  
Failed to write to log, can't make directories for new logfile: mkdir /var/logs: permission denied
[33mWARN[0m[2026-08-26T03:17:37.4187+02:00] Not a valid Opa Pdp Message                  
Failed to write to log, can't make directories for new logfile: mkdir /var/logs: permission denied
[33mWARN[0m[2026-08-26T03:17:37.4189+02:00] Not a valid Opa Pdp Message                  
Failed to write to log, can't make directories for new logfile: mkdir /var/logs: permission denied
[33mWARN[0m[2026-08-26T03:17:37.4191+02:00] Not a valid Opa Pdp Message                  
Failed to write to log, can't make directories for new logfile: mkdir /var/logs: permission denied
[33mWARN[0m[2026-08-26T03:17:37.4193+02:00] Not a valid Opa Pdp Message                  
Failed to write to log, can't make directories for new logfile: mkdir /var/logs: permission denied
[33mWARN[0m[2026-08-26T03:17:37.4194+02:00] Not a valid Opa Pdp Message                  
Failed to write to log, can't make directories for new logfile: mkdir /var/logs: permission denied
[33mWARN[0m[2026-08-26T03:17:37.4196+02:00] Not a valid Opa Pdp Message                  
Failed to write to log, can't make directories for new logfile: mkdir /var/logs: permission denied
[33mWARN[0m[2026-08-26T03:17:37.4198+02:00] Not a valid Opa Pdp Message                  
Failed to write to log, can't make directories for new logfile: mkdir /var/logs: permission denied
[33mWARN[0m[2026-08-26T03:17:37.4200+02:00] Not a valid Opa Pdp Message                  
Failed to write to log, can't make directories for new logfile: mkdir /var/logs: permission denied
[33mWARN[0m[2026-08-26T03:17:37.4205+02:00] Not a valid Opa Pdp Message                  
Failed to write to log, can't make directories for new logfile: mkdir /var/logs: permission denied
[33mWARN[0m[2026-08-26T03:17:37.4207+02:00] Not a valid Opa Pdp Message                  
Failed to write to log, can't make directories for new logfile: mkdir /var/logs: permission denied
[33mWARN[0m[2026-08-26T03:17:37.4208+02:00] Not a valid Opa Pdp Message                  
Failed to write to log, can't make directories for new logfile: mkdir /var/logs: permission denied
[33mWARN[0m[2026-08-26T03:17:37.4210+02:00] Not a valid Opa Pdp Message                  
Failed to write to log, can't make directories for new logfile: mkdir /var/logs: permission denied
[33mWARN[0m[2026-08-26T03:17:37.4211+02:00] Not a valid Opa Pdp Message                  
Failed to write to log, can't make directories for new logfile: mkdir /var/logs: permission denied
[33mWARN[0m[2026-08-26T03:17:37.4214+02:00] Not a valid Opa Pdp Message                  
Failed to write to log, can't make directories for new logfile: mkdir /var/logs: permission denied
[33mWARN[0m[2026-08-26T03:17:37.4215+02:00] Not a valid Opa Pdp Message                  
Failed to write to log, can't make directories for new logfile: mkdir /var/logs: permission denied
[33mWARN[0m[2026-08-26T03:17:37.4217+02:00] Not a valid Opa Pdp Message                  
Failed to write to log, can't make directories for new logfile: mkdir /var/logs: permission denied
[33mWARN[0m[2026-08-26T03:17:37.4220+02:00] Not a valid Opa Pdp Message                  
Failed to write to log, can't make directories for new logfile: mkdir /var/logs: permission denied
[33mWARN[0m[2026-08-26T03:17:37.4223+02:00] Not a valid Opa Pdp Message                  
Failed to write to log, can't make directories for new logfile: mkdir /var/logs: permission denied
[33mWARN[0m[2026-08-26T03:17:37.4221+02:00] Ignoring message with unexpected type:       
Failed to write to log, can't make directories for new logfile: mkdir /var/logs: permission denied
[33mWARN[0m[2026-08-26T03:17:37.4227+02:00] Not a valid Opa Pdp Message                  
Failed to write to log, can't make directories for new logfile: mkdir /var/logs: permission denied
[33mWARN[0m[2026-08-26T03:17:37.4228+02:00] Ignoring message with unexpected type:       
Failed to write to log, can't make directories for new logfile: mkdir /var/logs: permission denied
[33mWARN[0m[2026-08-26T03:17:37.4229+02:00] Not a valid Opa Pdp Message                  
Failed to write to log, can't make directories for new logfile: mkdir /var/logs: permission denied
[33mWARN[0m[2026-08-26T03:17:37.4230+02:00] Ignoring message with unexpected type:       
Failed to write to log, can't make directories for new logfile: mkdir /var/logs: permission denied
[33mWARN[0m[2026-08-26T03:17:37.4231+02:00] Not a valid Opa Pdp Message                  
Failed to write to log, can't make directories for new logfile: mkdir /var/logs: permission denied
[33mWARN[0m[2026-08-26T03:17:37.4234+02:00] Not a valid Opa Pdp Message                  
Failed to write to log, can't make directories for new logfile: mkdir /var/logs: permission denied
[33mWARN[0m[2026-08-26T03:17:37.4236+02:00] Not a valid Opa Pdp Message                  
Failed to write to log, can't make directories for new logfile: mkdir /var/logs: permission denied
[33mWARN[0m[2026-08-26T03:17:37.4240+02:00] Not a valid Opa Pdp Message                  
Failed to write to log, can't make directories for new logfile: mkdir /var/logs: permission denied
[33mWARN[0m[2026-08-26T03:17:37.4243+02:00] Not a valid Opa Pdp Message                  
Failed to write to log, can't make directories for new logfile: mkdir /var/logs: permission denied
[33mWARN[0m[2026-08-26T03:17:37.4243+02:00] Ignoring message with unexpected type:       
Failed to write to log, can't make directories for new logfile: mkdir /var/logs: permission denied
[33mWARN[0m[2026-08-26T03:17:37.4245+02:00] Not a valid Opa Pdp Message                  
Failed to write to log, can't make directories for new logfile: mkdir /var/logs: permission denied
[33mWARN[0m[2026-08-26T03:17:37.4255+02:00] Not a valid Opa Pdp Message                  
Failed to write to log, can't make directories for new logfile: mkdir /var/logs: permission denied
[33mWARN[0m[2026-08-26T03:17:37.4258+02:00] Ignoring message with unexpected type:       
Failed to write to log, can't make directories for new logfile: mkdir /var/logs: permission denied
[33mWARN[0m[2026-08-26T03:17:37.4258+02:00] Not a valid Opa Pdp Message                  
Failed to write to log, can't make directories for new logfile: mkdir /var/logs: permission denied
[33mWARN[0m[2026-08-26T03:17:37.4265+02:00] Ignoring message with unexpected type:       
Failed to write to log, can't make directories for new logfile: mkdir /var/logs: permission denied
[33mWARN[0m[2026-08-26T03:17:37.4266+02:00] Not a valid Opa Pdp Message                  
Failed to write to log, can't make directories for new logfile: mkdir /var/logs: permission denied
[33mWARN[0m[2026-08-26T03:17:37.4267+02:00] Ignoring message with unexpected type:       
Failed to write to log, can't make directories for new logfile: mkdir /var/logs: permission denied
[33mWARN[0m[2026-08-26T03:17:37.4269+02:00] Not a valid Opa Pdp Message                  
Failed to write to log, can't make directories for new logfile: mkdir /var/logs: permission denied
[33mWARN[0m[2026-08-26T03:17:37.4270+02:00] Ignoring message with unexpected type:       
Failed to write to log, can't make directories for new logfile: mkdir /var/logs: permission denied
[33mWARN[0m[2026-08-26T03:17:37.4271+02:00] Not a valid Opa Pdp Message                  
Failed to write to log, can't make directories for new logfile: mkdir /var/logs: permission denied
[33mWARN[0m[2026-08-26T03:17:37.4274+02:00] Ignoring message with unexpected type:       
Failed to write to log, can't make directories for new logfile: mkdir /var/logs: permission denied
[33mWARN[0m[2026-08-26T03:17:37.4280+02:00] Ignoring message with unexpected type:       
Failed to write to log, can't make directories for new logfile: mkdir /var/logs: permission denied
[33mWARN[0m[2026-08-26T03:17:37.4274+02:00] Not a valid Opa Pdp Message                  
Failed to write to log, can't make directories for new logfile: mkdir /var/logs: permission denied
[33mWARN[0m[2026-08-26T03:17:37.4282+02:00] Ignoring message with unexpected type:       
Failed to write to log, can't make directories for new logfile: mkdir /var/logs: permission denied
[33mWARN[0m[2026-08-26T03:17:37.4286+02:00] Not a valid Opa Pdp Message                  
Failed to write to log, can't make directories for new logfile: mkdir /var/logs: permission denied
[33mWARN[0m[2026-08-26T03:17:37.4321+02:00] Not a valid Opa Pdp Message                  
Failed to write to log, can't make directories for new logfile: mkdir /var/logs: permission denied
[33mWARN[0m[2026-08-26T03:17:37.4305+02:00] Ignoring message with unexpected type:       
Failed to write to log, can't make directories for new logfile: mkdir /var/logs: permission denied
[33mWARN[0m[2026-08-26T03:17:37.4330+02:00] Not a valid Opa Pdp Message                  
Failed to write to log, can't make directories for new logfile: mkdir /var/logs: permission denied
[33mWARN[0m[2026-08-26T03:17:37.4333+02:00] Ignoring message with unexpected type:       
Failed to write to log, can't make directories for new logfile: mkdir /var/logs: permission denied
[33mWARN[0m[2026-08-26T03:17:37.4334+02:00] Not a valid Opa Pdp Message                  
Failed to write to log, can't make directories for new logfile: mkdir /var/logs: permission denied
[33mWARN[0m[2026-08-26T03:17:37.4338+02:00] Ignoring message with unexpected type:       
Failed to write to log, can't make directories for new logfile: mkdir /var/logs: permission denied
[33mWARN[0m[2026-08-26T03:17:37.4338+02:00] Not a valid Opa Pdp Message                  
Failed to write to log, can't make directories for new logfile: mkdir /var/logs: permission denied
[33mWARN[0m[2026-08-26T03:17:37.4344+02:00] Not a valid Opa Pdp Message                  
Failed to write to log, can't make directories for new logfile: mkdir /var/logs: permission denied
[33mWARN[0m[2026-08-26T03:17:37.4340+02:00] Ignoring message with unexpected type:       
Failed to write to log, can't make directories for new logfile: mkdir /var/logs: permission denied
[33mWARN[0m[2026-08-26T03:17:37.4346+02:00] Not a valid Opa Pdp Message                  
Failed to write to log, can't make directories for new logfile: mkdir /var/logs: permission denied
[33mWARN[0m[2026-08-26T03:17:37.4351+02:00] Not a valid Opa Pdp Message                  
Failed to write to log, can't make directories for new logfile: mkdir /var/logs: permission denied
[33mWARN[0m[2026-08-26T03:17:37.4349+02:00] Ignoring message with unexpected type:       
Failed to write to log, can't make directories for new logfile: mkdir /var/logs: permission denied
[33mWARN[0m[2026-08-26T03:17:37.4356+02:00] Not a valid Opa Pdp Message                  
Failed to write to log, can't make directories for new logfile: mkdir /var/logs: permission denied
[33mWARN[0m[2026-08-26T03:17:37.4359+02:00] Not a valid Opa Pdp Message                  
Failed to write to log, can't make directories for new logfile: mkdir /var/logs: permission denied
[33mWARN[0m[2026-08-26T03:17:37.4357+02:00] Ignoring message with unexpected type:       
Failed to write to log, can't make directories for new logfile: mkdir /var/logs: permission denied
[33mWARN[0m[2026-08-26T03:17:37.4362+02:00] Not a valid Opa Pdp Message                  
Failed to write to log, can't make directories for new logfile: mkdir /var/logs: permission denied
[33mWARN[0m[2026-08-26T03:17:37.4367+02:00] Ignoring message with unexpected type:       
Failed to write to log, can't make directories for new logfile: mkdir /var/logs: permission denied
[33mWARN[0m[2026-08-26T03:17:37.4368+02:00] Not a valid Opa Pdp Message                  
Failed to write to log, can't make directories for new logfile: mkdir /var/logs: permission denied
[33mWARN[0m[2026-08-26T03:17:37.4370+02:00] Ignoring message with unexpected type:       
Failed to write to log, can't make directories for new logfile: mkdir /var/logs: permission denied
[33mWARN[0m[2026-08-26T03:17:37.4374+02:00] Not a valid Opa Pdp Message                  
Failed to write to log, can't make directories for new logfile: mkdir /var/logs: permission denied
[33mWARN[0m[2026-08-26T03:17:37.4379+02:00] Ignoring message with unexpected type:       
Failed to write to log, can't make directories for new logfile: mkdir /var/logs: permission denied
[33mWARN[0m[2026-08-26T03:17:37.4383+02:00] Not a valid Opa Pdp Message                  
Failed to write to log, can't make directories for new logfile: mkdir /var/logs: permission denied
[33mWARN[0m[2026-08-26T03:17:37.4386+02:00] Not a valid Opa Pdp Message                  
Failed to write to log, can't make directories for new logfile: mkdir /var/logs: permission denied
[33mWARN[0m[2026-08-26T03:17:37.4384+02:00] Ignoring message with unexpected type:       
Failed to write to log, can't make directories for new logfile: mkdir /var/logs: permission denied
[33mWARN[0m[2026-08-26T03:17:37.4389+02:00] Not a valid Opa Pdp Message                  
Failed to write to log, can't make directories for new logfile: mkdir /var/logs: permission denied
[33mWARN[0m[2026-08-26T03:17:37.4392+02:00] Ignoring message with unexpected type:       
Failed to write to log, can't make directories for new logfile: mkdir /var/logs: permission denied
[33mWARN[0m[2026-08-26T03:17:37.4393+02:00] Not a valid Opa Pdp Message                  
Failed to write to log, can't make directories for new logfile: mkdir /var/logs: permission denied
[33mWARN[0m[2026-08-26T03:17:37.4403+02:00] Ignoring message with unexpected type:       
Failed to write to log, can't make directories for new logfile: mkdir /var/logs: permission denied
[33mWARN[0m[2026-08-26T03:17:37.4403+02:00] Not a valid Opa Pdp Message                  
Failed to write to log, can't make directories for new logfile: mkdir /var/logs: permission denied
[33mWARN[0m[2026-08-26T03:17:37.4406+02:00] Ignoring message with unexpected type:       
Failed to write to log, can't make directories for new logfile: mkdir /var/logs: permission denied
[33mWARN[0m[2026-08-26T03:17:37.4406+02:00] Not a valid Opa Pdp Message                  
Failed to write to log, can't make directories for new logfile: mkdir /var/logs: permission denied
[33mWARN[0m[2026-08-26T03:17:37.4410+02:00] Ignoring message with unexpected type:       
Failed to write to log, can't make directories for new logfile: mkdir /var/logs: permission denied
[33mWARN[0m[2026-08-26T03:17:37.4410+02:00] Not a valid Opa Pdp Message                  
Failed to write to log, can't make directories for new logfile: mkdir /var/logs: permission denied
[33mWARN[0m[2026-08-26T03:17:37.4414+02:00] Not a valid Opa Pdp Message                  
Failed to write to log, can't make directories for new logfile: mkdir /var/logs: permission denied
[33mWARN[0m[2026-08-26T03:17:37.4415+02:00] Not a valid Opa Pdp Message                  
Failed to write to log, can't make directories for new logfile: mkdir /var/logs: permission denied
[33mWARN[0m[2026-08-26T03:17:37.4417+02:00] Not a valid Opa Pdp Message                  
Failed to write to log, can't make directories for new logfile: mkdir /var/logs: permission denied
[33mWARN[0m[2026-08-26T03:17:37.4419+02:00] Not a valid Opa Pdp Message                  
Failed to write to log, can't make directories for new logfile: mkdir /var/logs: permission denied
[33mWARN[0m[2026-08-26T03:17:37.4421+02:00] Not a valid Opa Pdp Message                  
Failed to write to log, can't make directories for new logfile: mkdir /var/logs: permission denied
[33mWARN[0m[2026-08-26T03:17:37.4423+02:00] Not a valid Opa Pdp Message                  
Failed to write to log, can't make directories for new logfile: mkdir /var/logs: permission denied
[33mWARN[0m[2026-08-26T03:17:37.4425+02:00] Not a valid Opa Pdp Message                  
Failed to write to log, can't make directories for new logfile: mkdir /var/logs: permission denied
[33mWARN[0m[2026-08-26T03:17:37.4427+02:00] Not a valid Opa Pdp Message                  
Failed to write to log, can't make directories for new logfile: mkdir /var/logs: permission denied
[33mWARN[0m[2026-08-26T03:17:37.4430+02:00] Not a valid Opa Pdp Message                  
Failed to write to log, can't make directories for new logfile: mkdir /var/logs: permission denied
[33mWARN[0m[2026-08-26T03:17:37.4424+02:00] Ignoring message with unexpected type:       
Failed to write to log, can't make directories for new logfile: mkdir /var/logs: permission denied
[33mWARN[0m[2026-08-26T03:17:37.4433+02:00] Not a valid Opa Pdp Message                  
Failed to write to log, can't make directories for new logfile: mkdir /var/logs: permission denied
[33mWARN[0m[2026-08-26T03:17:37.4436+02:00] Ignoring message with unexpected type:       
Failed to write to log, can't make directories for new logfile: mkdir /var/logs: permission denied
[33mWARN[0m[2026-08-26T03:17:37.4437+02:00] Not a valid Opa Pdp Message                  
Failed to write to log, can't make directories for new logfile: mkdir /var/logs: permission denied
[33mWARN[0m[2026-08-26T03:17:37.4439+02:00] Ignoring message with unexpected type:       
Failed to write to log, can't make directories for new logfile: mkdir /var/logs: permission denied
[33mWARN[0m[2026-08-26T03:17:37.4440+02:00] Not a valid Opa Pdp Message                  
Failed to write to log, can't make directories for new logfile: mkdir /var/logs: permission denied
[33mWARN[0m[2026-08-26T03:17:37.4442+02:00] Ignoring message with unexpected type:       
Failed to write to log, can't make directories for new logfile: mkdir /var/logs: permission denied
[33mWARN[0m[2026-08-26T03:17:37.4443+02:00] Not a valid Opa Pdp Message                  
Failed to write to log, can't make directories for new logfile: mkdir /var/logs: permission denied
[33mWARN[0m[2026-08-26T03:17:37.4444+02:00] Ignoring message with unexpected type:       
Failed to write to log, can't make directories for new logfile: mkdir /var/logs: permission denied
[33mWARN[0m[2026-08-26T03:17:37.4445+02:00] Not a valid Opa Pdp Message                  
Failed to write to log, can't make directories for new logfile: mkdir /var/logs: permission denied
[33mWARN[0m[2026-08-26T03:17:37.4446+02:00] Ignoring message with unexpected type:       
Failed to write to log, can't make directories for new logfile: mkdir /var/logs: permission denied
[33mWARN[0m[2026-08-26T03:17:37.4447+02:00] Not a valid Opa Pdp Message                  
Failed to write to log, can't make directories for new logfile: mkdir /var/logs: permission denied
[33mWARN[0m[2026-08-26T03:17:37.4448+02:00] Ignoring message with unexpected type:       
Failed to write to log, can't make directories for new logfile: mkdir /var/logs: permission denied
[33mWARN[0m[2026-08-26T03:17:37.4449+02:00] Not a valid Opa Pdp Message                  
Failed to write to log, can't make directories for new logfile: mkdir /var/logs: permission denied
[33mWARN[0m[2026-08-26T03:17:37.4451+02:00] Ignoring message with unexpected type:       
Failed to write to log, can't make directories for new logfile: mkdir /var/logs: permission denied
[33mWARN[0m[2026-08-26T03:17:37.4451+02:00] Not a valid Opa Pdp Message                  
Failed to write to log, can't make directories for new logfile: mkdir /var/logs: permission denied
[33mWARN[0m[2026-08-26T03:17:37.4454+02:00] Not a valid Opa Pdp Message                  
Failed to write to log, can't make directories for new logfile: mkdir /var/logs: permission denied
[33mWARN[0m[2026-08-26T03:17:37.4455+02:00] Not a valid Opa Pdp Message                  
Failed to write to log, can't make directories for new logfile: mkdir /var/logs: permission denied
[33mWARN[0m[2026-08-26T03:17:37.4459+02:00] Not a valid Opa Pdp Message                  
Failed to write to log, can't make directories for new logfile: mkdir /var/logs: permission denied
[33mWARN[0m[2026-08-26T03:17:37.4461+02:00] Not a valid Opa Pdp Message                  
Failed to write to log, can't make directories for new logfile: mkdir /var/logs: permission denied
[33mWARN[0m[2026-08-26T03:17:37.4463+02:00] Not a valid Opa Pdp Message                  
Failed to write to log, can't make directories for new logfile: mkdir /var/logs: permission denied
[33mWARN[0m[2026-08-26T03:17:37.4464+02:00] Not a valid Opa Pdp Message                  
Failed to write to log, can't make directories for new logfile: mkdir /var/logs: permission denied
[33mWARN[0m[2026-08-26T03:17:37.4467+02:00] Not a valid Opa Pdp Message                  
Failed to write to log, can't make directories for new logfile: mkdir /var/logs: permission denied
[33mWARN[0m[2026-08-26T03:17:37.4469+02:00] Not a valid Opa Pdp Message                  
Failed to write to log, can't make directories for new logfile: mkdir /var/logs: permission denied
[33mWARN[0m[2026-08-26T03:17:37.4470+02:00] Ignoring message with unexpected type:       
Failed to write to log, can't make directories for new logfile: mkdir /var/logs: permission denied
[33mWARN[0m[2026-08-26T03:17:37.4471+02:00] Not a valid Opa Pdp Message                  
Failed to write to log, can't make directories for new logfile: mkdir /var/logs: permission denied
[33mWARN[0m[2026-08-26T03:17:37.4473+02:00] Ignoring message with unexpected type:       
Failed to write to log, can't make directories for new logfile: mkdir /var/logs: permission denied
[33mWARN[0m[2026-08-26T03:17:37.4473+02:00] Not a valid Opa Pdp Message                  
Failed to write to log, can't make directories for new logfile: mkdir /var/logs: permission denied
[33mWARN[0m[2026-08-26T03:17:37.4477+02:00] Not a valid Opa Pdp Message                  
Failed to write to log, can't make directories for new logfile: mkdir /var/logs: permission denied
[33mWARN[0m[2026-08-26T03:17:37.4479+02:00] Not a valid Opa Pdp Message                  
Failed to write to log, can't make directories for new logfile: mkdir /var/logs: permission denied
[33mWARN[0m[2026-08-26T03:17:37.4476+02:00] Ignoring message with unexpected type:       
Failed to write to log, can't make directories for new logfile: mkdir /var/logs: permission denied
[33mWARN[0m[2026-08-26T03:17:37.4481+02:00] Not a valid Opa Pdp Message                  
Failed to write to log, can't make directories for new logfile: mkdir /var/logs: permission denied
[33mWARN[0m[2026-08-26T03:17:37.4485+02:00] Not a valid Opa Pdp Message                  
Failed to write to log, can't make directories for new logfile: mkdir /var/logs: permission denied
[33mWARN[0m[2026-08-26T03:17:37.4486+02:00] Not a valid Opa Pdp Message                  
Failed to write to log, can't make directories for new logfile: mkdir /var/logs: permission denied
[33mWARN[0m[2026-08-26T03:17:37.4488+02:00] Not a valid Opa Pdp Message                  
Failed to write to log, can't make directories for new logfile: mkdir /var/logs: permission denied
[33mWARN[0m[2026-08-26T03:17:37.4491+02:00] Not a valid Opa Pdp Message                  
Failed to write to log, can't make directories for new logfile: mkdir /var/logs: permission denied
[33mWARN[0m[2026-08-26T03:17:37.4485+02:00] Ignoring message with unexpected type:       
Failed to write to log, can't make directories for new logfile: mkdir /var/logs: permission denied
[33mWARN[0m[2026-08-26T03:17:37.4493+02:00] Not a valid Opa Pdp Message                  
Failed to write to log, can't make directories for new logfile: mkdir /var/logs: permission denied
[33mWARN[0m[2026-08-26T03:17:37.4496+02:00] Not a valid Opa Pdp Message                  
Failed to write to log, can't make directories for new logfile: mkdir /var/logs: permission denied
[33mWARN[0m[2026-08-26T03:17:37.4497+02:00] Not a valid Opa Pdp Message                  
Failed to write to log, can't make directories for new logfile: mkdir /var/logs: permission denied
[33mWARN[0m[2026-08-26T03:17:37.4496+02:00] Ignoring message with unexpected type:       
Failed to write to log, can't make directories for new logfile: mkdir /var/logs: permission denied
[33mWARN[0m[2026-08-26T03:17:37.4499+02:00] Not a valid Opa Pdp Message                  
Failed to write to log, can't make directories for new logfile: mkdir /var/logs: permission denied
[33mWARN[0m[2026-08-26T03:17:37.4504+02:00] Not a valid Opa Pdp Message                  
Failed to write to log, can't make directories for new logfile: mkdir /var/logs: permission denied
[33mWARN[0m[2026-08-26T03:17:37.4506+02:00] Not a valid Opa Pdp Message                  
Failed to write to log, can't make directories for new logfile: mkdir /var/logs: permission denied
[33mWARN[0m[2026-08-26T03:17:37.4508+02:00] Not a valid Opa Pdp Message                  
Failed to write to log, can't make directories for new logfile: mkdir /var/logs: permission denied
[33mWARN[0m[2026-08-26T03:17:37.4502+02:00] Ignoring message with unexpected type:       
Failed to write to log, can't make directories for new logfile: mkdir /var/logs: permission denied
[33mWARN[0m[2026-08-26T03:17:37.4511+02:00] Not a valid Opa Pdp Message                  
Failed to write to log, can't make directories for new logfile: mkdir /var/logs: permission denied
[33mWARN[0m[2026-08-26T03:17:37.4513+02:00] Ignoring message with unexpected type:       
Failed to write to log, can't make directories for new logfile: mkdir /var/logs: permission denied
[33mWARN[0m[2026-08-26T03:17:37.4514+02:00] Not a valid Opa Pdp Message                  
Failed to write to log, can't make directories for new logfile: mkdir /var/logs: permission denied
[33mWARN[0m[2026-08-26T03:17:37.4516+02:00] Ignoring message with unexpected type:       
Failed to write to log, can't make directories for new logfile: mkdir /var/logs: permission denied
[33mWARN[0m[2026-08-26T03:17:37.4517+02:00] Not a valid Opa Pdp Message                  
Failed to write to log, can't make directories for new logfile: mkdir /var/logs: permission denied
[33mWARN[0m[2026-08-26T03:17:37.4519+02:00] Not a valid Opa Pdp Message                  
Failed to write to log, can't make directories for new logfile: mkdir /var/logs: permission denied
[33mWARN[0m[2026-08-26T03:17:37.4522+02:00] Ignoring message with unexpected type:       
Failed to write to log, can't make directories for new logfile: mkdir /var/logs: permission denied
[33mWARN[0m[2026-08-26T03:17:37.4529+02:00] Ignoring message with unexpected type:       
Failed to write to log, can't make directories for new logfile: mkdir /var/logs: permission denied
[33mWARN[0m[2026-08-26T03:17:37.4523+02:00] Not a valid Opa Pdp Message                  
Failed to write to log, can't make directories for new logfile: mkdir /var/logs: permission denied
[33mWARN[0m[2026-08-26T03:17:37.4540+02:00] Not a valid Opa Pdp Message                  
Failed to write to log, can't make directories for new logfile: mkdir /var/logs: permission denied
[33mWARN[0m[2026-08-26T03:17:37.4543+02:00] Not a valid Opa Pdp Message                  
Failed to write to log, can't make directories for new logfile: mkdir /var/logs: permission denied
[33mWARN[0m[2026-08-26T03:17:37.4545+02:00] Not a valid Opa Pdp Message                  
Failed to write to log, can't make directories for new logfile: mkdir /var/logs: permission denied
[33mWARN[0m[2026-08-26T03:17:37.4547+02:00] Not a valid Opa Pdp Message                  
Failed to write to log, can't make directories for new logfile: mkdir /var/logs: permission denied
[33mWARN[0m[2026-08-26T03:17:37.4547+02:00] Ignoring message with unexpected type:       
Failed to write to log, can't make directories for new logfile: mkdir /var/logs: permission denied
[33mWARN[0m[2026-08-26T03:17:37.4549+02:00] Not a valid Opa Pdp Message                  
Failed to write to log, can't make directories for new logfile: mkdir /var/logs: permission denied
[33mWARN[0m[2026-08-26T03:17:37.4552+02:00] Not a valid Opa Pdp Message                  
Failed to write to log, can't make directories for new logfile: mkdir /var/logs: permission denied
[33mWARN[0m[2026-08-26T03:17:37.4551+02:00] Ignoring message with unexpected type:       
Failed to write to log, can't make directories for new logfile: mkdir /var/logs: permission denied
[33mWARN[0m[2026-08-26T03:17:37.4554+02:00] Not a valid Opa Pdp Message                  
Failed to write to log, can't make directories for new logfile: mkdir /var/logs: permission denied
[33mWARN[0m[2026-08-26T03:17:37.4556+02:00] Ignoring message with unexpected type:       
Failed to write to log, can't make directories for new logfile: mkdir /var/logs: permission denied
[33mWARN[0m[2026-08-26T03:17:37.4556+02:00] Not a valid Opa Pdp Message                  
Failed to write to log, can't make directories for new logfile: mkdir /var/logs: permission denied
[33mWARN[0m[2026-08-26T03:17:37.4559+02:00] Not a valid Opa Pdp Message                  
Failed to write to log, can't make directories for new logfile: mkdir /var/logs: permission denied
[33mWARN[0m[2026-08-26T03:17:37.4561+02:00] Not a valid Opa Pdp Message                  
Failed to write to log, can't make directories for new logfile: mkdir /var/logs: permission denied
[33mWARN[0m[2026-08-26T03:17:37.4558+02:00] Ignoring message with unexpected type:       
Failed to write to log, can't make directories for new logfile: mkdir /var/logs: permission denied
[33mWARN[0m[2026-08-26T03:17:37.4564+02:00] Not a valid Opa Pdp Message                  
Failed to write to log, can't make directories for new logfile: mkdir /var/logs: permission denied
[33mWARN[0m[2026-08-26T03:17:37.4567+02:00] Not a valid Opa Pdp Message                  
Failed to write to log, can't make directories for new logfile: mkdir /var/logs: permission denied
[33mWARN[0m[2026-08-26T03:17:37.4569+02:00] Not a valid Opa Pdp Message                  
Failed to write to log, can't make directories for new logfile: mkdir /var/logs: permission denied
[33mWARN[0m[2026-08-26T03:17:37.4572+02:00] Not a valid Opa Pdp Message                  
Failed to write to log, can't make directories for new logfile: mkdir /var/logs: permission denied
[33mWARN[0m[2026-08-26T03:17:37.4574+02:00] Not a valid Opa Pdp Message                  
Failed to write to log, can't make directories for new logfile: mkdir /var/logs: permission denied
[33mWARN[0m[2026-08-26T03:17:37.4570+02:00] Ignoring message with unexpected type:       
Failed to write to log, can't make directories for new logfile: mkdir /var/logs: permission denied
[33mWARN[0m[2026-08-26T03:17:37.4577+02:00] Not a valid Opa Pdp Message                  
Failed to write to log, can't make directories for new logfile: mkdir /var/logs: permission denied
[33mWARN[0m[2026-08-26T03:17:37.4580+02:00] Not a valid Opa Pdp Message                  
Failed to write to log, can't make directories for new logfile: mkdir /var/logs: permission denied
[33mWARN[0m[2026-08-26T03:17:37.4581+02:00] Not a valid Opa Pdp Message                  
Failed to write to log, can't make directories for new logfile: mkdir /var/logs: permission denied
[33mWARN[0m[2026-08-26T03:17:37.4578+02:00] Ignoring message with unexpected type:       
Failed to write to log, can't make directories for new logfile: mkdir /var/logs: permission denied
[33mWARN[0m[2026-08-26T03:17:37.4583+02:00] Not a valid Opa Pdp Message                  
Failed to write to log, can't make directories for new logfile: mkdir /var/logs: permission denied
[33mWARN[0m[2026-08-26T03:17:37.4585+02:00] Ignoring message with unexpected type:       
Failed to write to log, can't make directories for new logfile: mkdir /var/logs: permission denied
[33mWARN[0m[2026-08-26T03:17:37.4586+02:00] Not a valid Opa Pdp Message                  
Failed to write to log, can't make directories for new logfile: mkdir /var/logs: permission denied
[33mWARN[0m[2026-08-26T03:17:37.4587+02:00] Ignoring message with unexpected type:       
Failed to write to log, can't make directories for new logfile: mkdir /var/logs: permission denied
[33mWARN[0m[2026-08-26T03:17:37.4588+02:00] Not a valid Opa Pdp Message                  
Failed to write to log, can't make directories for new logfile: mkdir /var/logs: permission denied
[33mWARN[0m[2026-08-26T03:17:37.4590+02:00] Not a valid Opa Pdp Message                  
Failed to write to log, can't make directories for new logfile: mkdir /var/logs: permission denied
[33mWARN[0m[2026-08-26T03:17:37.4592+02:00] Not a valid Opa Pdp Message                  
Failed to write to log, can't make directories for new logfile: mkdir /var/logs: permission denied
[33mWARN[0m[2026-08-26T03:17:37.4594+02:00] Not a valid Opa Pdp Message                  
Failed to write to log, can't make directories for new logfile: mkdir /var/logs: permission denied
[33mWARN[0m[2026-08-26T03:17:37.4589+02:00] Ignoring message with unexpected type:       
Failed to write to log, can't make directories for new logfile: mkdir /var/logs: permission denied
[33mWARN[0m[2026-08-26T03:17:37.4596+02:00] Not a valid Opa Pdp Message                  
Failed to write to log, can't make directories for new logfile: mkdir /var/logs: permission denied
[33mWARN[0m[2026-08-26T03:17:37.4602+02:00] Not a valid Opa Pdp Message                  
Failed to write to log, can't make directories for new logfile: mkdir /var/logs: permission denied
[33mWARN[0m[2026-08-26T03:17:37.4606+02:00] Not a valid Opa Pdp Message                  
Failed to write to log, can't make directories for new logfile: mkdir /var/logs: permission denied
[33mWARN[0m[2026-08-26T03:17:37.4606+02:00] Ignoring message with unexpected type:       
Failed to write to log, can't make directories for new logfile: mkdir /var/logs: permission denied
[33mWARN[0m[2026-08-26T03:17:37.4620+02:00] Ignoring message with unexpected type:       
Failed to write to log, can't make directories for new logfile: mkdir /var/logs: permission denied
[33mWARN[0m[2026-08-26T03:17:37.4622+02:00] Ignoring message with unexpected type:       
Failed to write to log, can't make directories for new logfile: mkdir /var/logs: permission denied
[33mWARN[0m[2026-08-26T03:17:37.4624+02:00] Not a valid Opa Pdp Message                  
Failed to write to log, can't make directories for new logfile: mkdir /var/logs: permission denied
[33mWARN[0m[2026-08-26T03:17:37.4627+02:00] Not a valid Opa Pdp Message                  
Failed to write to log, can't make directories for new logfile: mkdir /var/logs: permission denied
[33mWARN[0m[2026-08-26T03:17:37.4630+02:00] Not a valid Opa Pdp Message                  
Failed to write to log, can't make directories for new logfile: mkdir /var/logs: permission denied
[33mWARN[0m[2026-08-26T03:17:37.4625+02:00] Ignoring message with unexpected type:       
Failed to write to log, can't make directories for new logfile: mkdir /var/logs: permission denied
[33mWARN[0m[2026-08-26T03:17:37.4634+02:00] Ignoring message with unexpected type:       
Failed to write to log, can't make directories for new logfile: mkdir /var/logs: permission denied
[33mWARN[0m[2026-08-26T03:17:37.4636+02:00] Ignoring message with unexpected type:       
Failed to write to log, can't make directories for new logfile: mkdir /var/logs: permission denied
[33mWARN[0m[2026-08-26T03:17:37.4631+02:00] Not a valid Opa Pdp Message                  
Failed to write to log, can't make directories for new logfile: mkdir /var/logs: permission denied
[33mWARN[0m[2026-08-26T03:17:37.4653+02:00] Not a valid Opa Pdp Message                  
Failed to write to log, can't make directories for new logfile: mkdir /var/logs: permission denied
[33mWARN[0m[2026-08-26T03:17:37.4660+02:00] Not a valid Opa Pdp Message                  
Failed to write to log, can't make directories for new logfile: mkdir /var/logs: permission denied
[33mWARN[0m[2026-08-26T03:17:37.4643+02:00] Ignoring message with unexpected type:       
Failed to write to log, can't make directories for new logfile: mkdir /var/logs: permission denied
[33mWARN[0m[2026-08-26T03:17:37.4666+02:00] Not a valid Opa Pdp Message                  
Failed to write to log, can't make directories for new logfile: mkdir /var/logs: permission denied
[33mWARN[0m[2026-08-26T03:17:37.4667+02:00] Ignoring message with unexpected type:       
Failed to write to log, can't make directories for new logfile: mkdir /var/logs: permission denied
[33mWARN[0m[2026-08-26T03:17:37.4668+02:00] Not a valid Opa Pdp Message                  
Failed to write to log, can't make directories for new logfile: mkdir /var/logs: permission denied
[33mWARN[0m[2026-08-26T03:17:37.4671+02:00] Not a valid Opa Pdp Message                  
Failed to write to log, can't make directories for new logfile: mkdir /var/logs: permission denied
[33mWARN[0m[2026-08-26T03:17:37.4673+02:00] Not a valid Opa Pdp Message                  
Failed to write to log, can't make directories for new logfile: mkdir /var/logs: permission denied
[33mWARN[0m[2026-08-26T03:17:37.4671+02:00] Ignoring message with unexpected type:       
Failed to write to log, can't make directories for new logfile: mkdir /var/logs: permission denied
[33mWARN[0m[2026-08-26T03:17:37.4675+02:00] Not a valid Opa Pdp Message                  
Failed to write to log, can't make directories for new logfile: mkdir /var/logs: permission denied
[33mWARN[0m[2026-08-26T03:17:37.4683+02:00] Ignoring message with unexpected type:       
Failed to write to log, can't make directories for new logfile: mkdir /var/logs: permission denied
[33mWARN[0m[2026-08-26T03:17:37.4683+02:00] Not a valid Opa Pdp Message                  
Failed to write to log, can't make directories for new logfile: mkdir /var/logs: permission denied
[33mWARN[0m[2026-08-26T03:17:37.4688+02:00] Ignoring message with unexpected type:       
Failed to write to log, can't make directories for new logfile: mkdir /var/logs: permission denied
[33mWARN[0m[2026-08-26T03:17:37.4688+02:00] Not a valid Opa Pdp Message                  
Failed to write to log, can't make directories for new logfile: mkdir /var/logs: permission denied
[33mWARN[0m[2026-08-26T03:17:37.4692+02:00] Ignoring message with unexpected type:       
Failed to write to log, can't make directories for new logfile: mkdir /var/logs: permission denied
[33mWARN[0m[2026-08-26T03:17:37.4694+02:00] Not a valid Opa Pdp Message                  
Failed to write to log, can't make directories for new logfile: mkdir /var/logs: permission denied
[33mWARN[0m[2026-08-26T03:17:37.4696+02:00] Ignoring message with unexpected type:       
Failed to write to log, can't make directories for new logfile: mkdir /var/logs: permission denied
[33mWARN[0m[2026-08-26T03:17:37.4696+02:00] Not a valid Opa Pdp Message                  
Failed to write to log, can't make directories for new logfile: mkdir /var/logs: permission denied
[33mWARN[0m[2026-08-26T03:17:37.4701+02:00] Ignoring message with unexpected type:       
Failed to write to log, can't make directories for new logfile: mkdir /var/logs: permission denied
[33mWARN[0m[2026-08-26T03:17:37.4702+02:00] Not a valid Opa Pdp Message                  
Failed to write to log, can't make directories for new logfile: mkdir /var/logs: permission denied
[33mWARN[0m[2026-08-26T03:17:37.4703+02:00] Ignoring message with unexpected type:       
Failed to write to log, can't make directories for new logfile: mkdir /var/logs: permission denied
[33mWARN[0m[2026-08-26T03:17:37.4706+02:00] Not a valid Opa Pdp Message                  
Failed to write to log, can't make directories for new logfile: mkdir /var/logs: permission denied
[33mWARN[0m[2026-08-26T03:17:37.4711+02:00] Not a valid Opa Pdp Message                  
Failed to write to log, can't make directories for new logfile: mkdir /var/logs: permission denied
[33mWARN[0m[2026-08-26T03:17:37.4712+02:00] Ignoring message with unexpected type:       
Failed to write to log, can't make directories for new logfile: mkdir /var/logs: permission denied
[33mWARN[0m[2026-08-26T03:17:37.4713+02:00] Not a valid Opa Pdp Message                  
Failed to write to log, can't make directories for new logfile: mkdir /var/logs: permission denied
[33mWARN[0m[2026-08-26T03:17:37.4718+02:00] Not a valid Opa Pdp Message                  
Failed to write to log, can't make directories for new logfile: mkdir /var/logs: permission denied
[33mWARN[0m[2026-08-26T03:17:37.4720+02:00] Not a valid Opa Pdp Message                  
Failed to write to log, can't make directories for new logfile: mkdir /var/logs: permission denied
[33mWARN[0m[2026-08-26T03:17:37.4719+02:00] Ignoring message with unexpected type:       
Failed to write to log, can't make directories for new logfile: mkdir /var/logs: permission denied
[33mWARN[0m[2026-08-26T03:17:37.4724+02:00] Not a valid Opa Pdp Message                  
Failed to write to log, can't make directories for new logfile: mkdir /var/logs: permission denied
[33mWARN[0m[2026-08-26T03:17:37.4728+02:00] Ignoring message with unexpected type:       
Failed to write to log, can't make directories for new logfile: mkdir /var/logs: permission denied
[33mWARN[0m[2026-08-26T03:17:37.4729+02:00] Not a valid Opa Pdp Message                  
Failed to write to log, can't make directories for new logfile: mkdir /var/logs: permission denied
[33mWARN[0m[2026-08-26T03:17:37.4730+02:00] Ignoring message with unexpected type:       
Failed to write to log, can't make directories for new logfile: mkdir /var/logs: permission denied
[33mWARN[0m[2026-08-26T03:17:37.4731+02:00] Not a valid Opa Pdp Message                  
Failed to write to log, can't make directories for new logfile: mkdir /var/logs: permission denied
[33mWARN[0m[2026-08-26T03:17:37.4733+02:00] Ignoring message with unexpected type:       
Failed to write to log, can't make directories for new logfile: mkdir /var/logs: permission denied
[33mWARN[0m[2026-08-26T03:17:37.4735+02:00] Not a valid Opa Pdp Message                  
Failed to write to log, can't make directories for new logfile: mkdir /var/logs: permission denied
[33mWARN[0m[2026-08-26T03:17:37.4740+02:00] Not a valid Opa Pdp Message                  
Failed to write to log, can't make directories for new logfile: mkdir /var/logs: permission denied
[33mWARN[0m[2026-08-26T03:17:37.4741+02:00] Ignoring message with unexpected type:       
Failed to write to log, can't make directories for new logfile: mkdir /var/logs: permission denied
[33mWARN[0m[2026-08-26T03:17:37.4743+02:00] Not a valid Opa Pdp Message                  
Failed to write to log, can't make directories for new logfile: mkdir /var/logs: permission denied
[33mWARN[0m[2026-08-26T03:17:37.4745+02:00] Not a valid Opa Pdp Message                  
Failed to write to log, can't make directories for new logfile: mkdir /var/logs: permission denied
[33mWARN[0m[2026-08-26T03:17:37.4745+02:00] Ignoring message with unexpected type:       
Failed to write to log, can't make directories for new logfile: mkdir /var/logs: permission denied
[33mWARN[0m[2026-08-26T03:17:37.4747+02:00] Not a valid Opa Pdp Message                  
Failed to write to log, can't make directories for new logfile: mkdir /var/logs: permission denied
[33mWARN[0m[2026-08-26T03:17:37.4752+02:00] Not a valid Opa Pdp Message                  
Failed to write to log, can't make directories for new logfile: mkdir /var/logs: permission denied
[33mWARN[0m[2026-08-26T03:17:37.4753+02:00] Ignoring message with unexpected type:       
Failed to write to log, can't make directories for new logfile: mkdir /var/logs: permission denied
[33mWARN[0m[2026-08-26T03:17:37.4756+02:00] Not a valid Opa Pdp Message                  
Failed to write to log, can't make directories for new logfile: mkdir /var/logs: permission denied
[33mWARN[0m[2026-08-26T03:17:37.4761+02:00] Ignoring message with unexpected type:       
Failed to write to log, can't make directories for new logfile: mkdir /var/logs: permission denied
[33mWARN[0m[2026-08-26T03:17:37.4762+02:00] Not a valid Opa Pdp Message                  
Failed to write to log, can't make directories for new logfile: mkdir /var/logs: permission denied
[33mWARN[0m[2026-08-26T03:17:37.4764+02:00] Ignoring message with unexpected type:       
Failed to write to log, can't make directories for new logfile: mkdir /var/logs: permission denied
[33mWARN[0m[2026-08-26T03:17:37.4764+02:00] Not a valid Opa Pdp Message                  
Failed to write to log, can't make directories for new logfile: mkdir /var/logs: permission denied
[33mWARN[0m[2026-08-26T03:17:37.4768+02:00] Not a valid Opa Pdp Message                  
Failed to write to log, can't make directories for new logfile: mkdir /var/logs: permission denied
[33mWARN[0m[2026-08-26T03:17:37.4766+02:00] Ignoring message with unexpected type:       
Failed to write to log, can't make directories for new logfile: mkdir /var/logs: permission denied
[33mWARN[0m[2026-08-26T03:17:37.4771+02:00] Not a valid Opa Pdp Message                  
Failed to write to log, can't make directories for new logfile: mkdir /var/logs: permission denied
[33mWARN[0m[2026-08-26T03:17:37.4774+02:00] Ignoring message with unexpected type:       
Failed to write to log, can't make directories for new logfile: mkdir /var/logs: permission denied
[33mWARN[0m[2026-08-26T03:17:37.4774+02:00] Not a valid Opa Pdp Message                  
Failed to write to log, can't make directories for new logfile: mkdir /var/logs: permission denied
[33mWARN[0m[2026-08-26T03:17:37.4777+02:00] Ignoring message with unexpected type:       
Failed to write to log, can't make directories for new logfile: mkdir /var/logs: permission denied
[33mWARN[0m[2026-08-26T03:17:37.4778+02:00] Not a valid Opa Pdp Message                  
Failed to write to log, can't make directories for new logfile: mkdir /var/logs: permission denied
[33mWARN[0m[2026-08-26T03:17:37.4779+02:00] Ignoring message with unexpected type:       
Failed to write to log, can't make directories for new logfile: mkdir /var/logs: permission denied
[33mWARN[0m[2026-08-26T03:17:37.4781+02:00] Not a valid Opa Pdp Message                  
Failed to write to log, can't make directories for new logfile: mkdir /var/logs: permission denied
[33mWARN[0m[2026-08-26T03:17:37.4789+02:00] Not a valid Opa Pdp Message                  
Failed to write to log, can't make directories for new logfile: mkdir /var/logs: permission denied
[33mWARN[0m[2026-08-26T03:17:37.4791+02:00] Ignoring message with unexpected type:       
Failed to write to log, can't make directories for new logfile: mkdir /var/logs: permission denied
[33mWARN[0m[2026-08-26T03:17:37.4791+02:00] Not a valid Opa Pdp Message                  
Failed to write to log, can't make directories for new logfile: mkdir /var/logs: permission denied
[33mWARN[0m[2026-08-26T03:17:37.4797+02:00] Not a valid Opa Pdp Message                  
Failed to write to log, can't make directories for new logfile: mkdir /var/logs: permission denied
[33mWARN[0m[2026-08-26T03:17:37.4798+02:00] Ignoring message with unexpected type:       
Failed to write to log, can't make directories for new logfile: mkdir /var/logs: permission denied
[33mWARN[0m[2026-08-26T03:17:37.4801+02:00] Not a valid Opa Pdp Message                  
Failed to write to log, can't make directories for new logfile: mkdir /var/logs: permission denied
[33mWARN[0m[2026-08-26T03:17:37.4804+02:00] Not a valid Opa Pdp Message                  
Failed to write to log, can't make directories for new logfile: mkdir /var/logs: permission denied
[33mWARN[0m[2026-08-26T03:17:37.4803+02:00] Ignoring message with unexpected type:       
Failed to write to log, can't make directories for new logfile: mkdir /var/logs: permission denied
[33mWARN[0m[2026-08-26T03:17:37.4806+02:00] Not a valid Opa Pdp Message                  
Failed to write to log, can't make directories for new logfile: mkdir /var/logs: permission denied
[33mWARN[0m[2026-08-26T03:17:37.4809+02:00] Ignoring message with unexpected type:       
Failed to write to log, can't make directories for new logfile: mkdir /var/logs: permission denied
[33mWARN[0m[2026-08-26T03:17:37.4811+02:00] Not a valid Opa Pdp Message                  
Failed to write to log, can't make directories for new logfile: mkdir /var/logs: permission denied
[33mWARN[0m[2026-08-26T03:17:37.4813+02:00] Ignoring message with unexpected type:       
Failed to write to log, can't make directories for new logfile: mkdir /var/logs: permission denied
[33mWARN[0m[2026-08-26T03:17:37.4813+02:00] Not a valid Opa Pdp Message                  
Failed to write to log, can't make directories for new logfile: mkdir /var/logs: permission denied
[33mWARN[0m[2026-08-26T03:17:37.4816+02:00] Ignoring message with unexpected type:       
Failed to write to log, can't make directories for new logfile: mkdir /var/logs: permission denied
[33mWARN[0m[2026-08-26T03:17:37.4820+02:00] Not a valid Opa Pdp Message                  
Failed to write to log, can't make directories for new logfile: mkdir /var/logs: permission denied
[33mWARN[0m[2026-08-26T03:17:37.4821+02:00] Ignoring message with unexpected type:       
Failed to write to log, can't make directories for new logfile: mkdir /var/logs: permission denied
[33mWARN[0m[2026-08-26T03:17:37.4824+02:00] Not a valid Opa Pdp Message                  
Failed to write to log, can't make directories for new logfile: mkdir /var/logs: permission denied
[33mWARN[0m[2026-08-26T03:17:37.4827+02:00] Ignoring message with unexpected type:       
Failed to write to log, can't make directories for new logfile: mkdir /var/logs: permission denied
[33mWARN[0m[2026-08-26T03:17:37.4828+02:00] Not a valid Opa Pdp Message                  
Failed to write to log, can't make directories for new logfile: mkdir /var/logs: permission denied
[33mWARN[0m[2026-08-26T03:17:37.4832+02:00] Not a valid Opa Pdp Message                  
Failed to write to log, can't make directories for new logfile: mkdir /var/logs: permission denied
[33mWARN[0m[2026-08-26T03:17:37.4830+02:00] Ignoring message with unexpected type:       
Failed to write to log, can't make directories for new logfile: mkdir /var/logs: permission denied
[33mWARN[0m[2026-08-26T03:17:37.4834+02:00] Not a valid Opa Pdp Message                  
Failed to write to log, can't make directories for new logfile: mkdir /var/logs: permission denied
[33mWARN[0m[2026-08-26T03:17:37.4840+02:00] Ignoring message with unexpected type:       
Failed to write to log, can't make directories for new logfile: mkdir /var/logs: permission denied
[33mWARN[0m[2026-08-26T03:17:37.4840+02:00] Not a valid Opa Pdp Message                  
Failed to write to log, can't make directories for new logfile: mkdir /var/logs: permission denied
[33mWARN[0m[2026-08-26T03:17:37.4845+02:00] Ignoring message with unexpected type:       
Failed to write to log, can't make directories for new logfile: mkdir /var/logs: permission denied
[33mWARN[0m[2026-08-26T03:17:37.4846+02:00] Not a valid Opa Pdp Message                  
Failed to write to log, can't make directories for new logfile: mkdir /var/logs: permission denied
[33mWARN[0m[2026-08-26T03:17:37.4848+02:00] Not a valid Opa Pdp Message                  
Failed to write to log, can't make directories for new logfile: mkdir /var/logs: permission denied
[33mWARN[0m[2026-08-26T03:17:37.4851+02:00] Not a valid Opa Pdp Message                  
Failed to write to log, can't make directories for new logfile: mkdir /var/logs: permission denied
[33mWARN[0m[2026-08-26T03:17:37.4848+02:00] Ignoring message with unexpected type:       
Failed to write to log, can't make directories for new logfile: mkdir /var/logs: permission denied
[33mWARN[0m[2026-08-26T03:17:37.4856+02:00] Not a valid Opa Pdp Message                  
Failed to write to log, can't make directories for new logfile: mkdir /var/logs: permission denied
[33mWARN[0m[2026-08-26T03:17:37.4856+02:00] Ignoring message with unexpected type:       
Failed to write to log, can't make directories for new logfile: mkdir /var/logs: permission denied
[33mWARN[0m[2026-08-26T03:17:37.4862+02:00] Ignoring message with unexpected type:       
Failed to write to log, can't make directories for new logfile: mkdir /var/logs: permission denied
[33mWARN[0m[2026-08-26T03:17:37.4859+02:00] Not a valid Opa Pdp Message                  
Failed to write to log, can't make directories for new logfile: mkdir /var/logs: permission denied
[33mWARN[0m[2026-08-26T03:17:37.4865+02:00] Ignoring message with unexpected type:       
Failed to write to log, can't make directories for new logfile: mkdir /var/logs: permission denied
[33mWARN[0m[2026-08-26T03:17:37.4870+02:00] Ignoring message with unexpected type:       
Failed to write to log, can't make directories for new logfile: mkdir /var/logs: permission denied
[33mWARN[0m[2026-08-26T03:17:37.4871+02:00] Not a valid Opa Pdp Message                  
Failed to write to log, can't make directories for new logfile: mkdir /var/logs: permission denied
[33mWARN[0m[2026-08-26T03:17:37.4872+02:00] Ignoring message with unexpected type:       
Failed to write to log, can't make directories for new logfile: mkdir /var/logs: permission denied
[33mWARN[0m[2026-08-26T03:17:37.4878+02:00] Ignoring message with unexpected type:       
Failed to write to log, can't make directories for new logfile: mkdir /var/logs: permission denied
[33mWARN[0m[2026-08-26T03:17:37.4882+02:00] Ignoring message with unexpected type:       
Failed to write to log, can't make directories for new logfile: mkdir /var/logs: permission denied
[33mWARN[0m[2026-08-26T03:17:37.4878+02:00] Not a valid Opa Pdp Message                  
Failed to write to log, can't make directories for new logfile: mkdir /var/logs: permission denied
[33mWARN[0m[2026-08-26T03:17:37.4887+02:00] Ignoring message with unexpected type:       
Failed to write to log, can't make directories for new logfile: mkdir /var/logs: permission denied
[33mWARN[0m[2026-08-26T03:17:37.4898+02:00] Ignoring message with unexpected type:       
Failed to write to log, can't make directories for new logfile: mkdir /var/logs: permission denied
[33mWARN[0m[2026-08-26T03:17:37.4900+02:00] Ignoring message with unexpected type:       
Failed to write to log, can't make directories for new logfile: mkdir /var/logs: permission denied
[33mWARN[0m[2026-08-26T03:17:37.4903+02:00] Ignoring message with unexpected type:       
Failed to write to log, can't make directories for new logfile: mkdir /var/logs: permission denied
[33mWARN[0m[2026-08-26T03:17:37.4905+02:00] Not a valid Opa Pdp Message                  
Failed to write to log, can't make directories for new logfile: mkdir /var/logs: permission denied
[33mWARN[0m[2026-08-26T03:17:37.4905+02:00] Ignoring message with unexpected type:       
Failed to write to log, can't make directories for new logfile: mkdir /var/logs: permission denied
[33mWARN[0m[2026-08-26T03:17:37.4910+02:00] Not a valid Opa Pdp Message                  
Failed to write to log, can't make directories for new logfile: mkdir /var/logs: permission denied
[33mWARN[0m[2026-08-26T03:17:37.4910+02:00] Ignoring message with unexpected type:       
Failed to write to log, can't make directories for new logfile: mkdir /var/logs: permission denied
[33mWARN[0m[2026-08-26T03:17:37.4918+02:00] Ignoring message with unexpected type:       
Failed to write to log, can't make directories for new logfile: mkdir /var/logs: permission denied
[33mWARN[0m[2026-08-26T03:17:37.4920+02:00] Not a valid Opa Pdp Message                  
Failed to write to log, can't make directories for new logfile: mkdir /var/logs: permission denied
[33mWARN[0m[2026-08-26T03:17:37.4920+02:00] Ignoring message with unexpected type:       
Failed to write to log, can't make directories for new logfile: mkdir /var/logs: permission denied
[33mWARN[0m[2026-08-26T03:17:37.4928+02:00] Ignoring message with unexpected type:       
Failed to write to log, can't make directories for new logfile: mkdir /var/logs: permission denied
[33mWARN[0m[2026-08-26T03:17:37.4930+02:00] Ignoring message with unexpected type:       
Failed to write to log, can't make directories for new logfile: mkdir /var/logs: permission denied
[33mWARN[0m[2026-08-26T03:17:37.4932+02:00] Ignoring message with unexpected type:       
Failed to write to log, can't make directories for new logfile: mkdir /var/logs: permission denied
[33mWARN[0m[2026-08-26T03:17:37.4930+02:00] Not a valid Opa Pdp Message                  
Failed to write to log, can't make directories for new logfile: mkdir /var/logs: permission denied
[33mWARN[0m[2026-08-26T03:17:37.4938+02:00] Ignoring message with unexpected type:       
Failed to write to log, can't make directories for new logfile: mkdir /var/logs: permission denied
[33mWARN[0m[2026-08-26T03:17:37.4944+02:00] Ignoring message with unexpected type:       
Failed to write to log, can't make directories for new logfile: mkdir /var/logs: permission denied
[33mWARN[0m[2026-08-26T03:17:37.4946+02:00] Not a valid Opa Pdp Message                  
Failed to write to log, can't make directories for new logfile: mkdir /var/logs: permission denied
[33mWARN[0m[2026-08-26T03:17:37.4947+02:00] Ignoring message with unexpected type:       
Failed to write to log, can't make directories for new logfile: mkdir /var/logs: permission denied
[33mWARN[0m[2026-08-26T03:17:37.4950+02:00] Ignoring message with unexpected type:       
Failed to write to log, can't make directories for new logfile: mkdir /var/logs: permission denied
[33mWARN[0m[2026-08-26T03:17:37.4951+02:00] Not a valid Opa Pdp Message                  
Failed to write to log, can't make directories for new logfile: mkdir /var/logs: permission denied
[33mWARN[0m[2026-08-26T03:17:37.4952+02:00] Ignoring message with unexpected type:       
Failed to write to log, can't make directories for new logfile: mkdir /var/logs: permission denied
[33mWARN[0m[2026-08-26T03:17:37.4956+02:00] Not a valid Opa Pdp Message                  
Failed to write to log, can't make directories for new logfile: mkdir /var/logs: permission denied
[33mWARN[0m[2026-08-26T03:17:37.4957+02:00] Ignoring message with unexpected type:       
Failed to write to log, can't make directories for new logfile: mkdir /var/logs: permission denied
[33mWARN[0m[2026-08-26T03:17:37.4961+02:00] Ignoring message with unexpected type:       
Failed to write to log, can't make directories for new logfile: mkdir /var/logs: permission denied
[33mWARN[0m[2026-08-26T03:17:37.4961+02:00] Not a valid Opa Pdp Message                  
Failed to write to log, can't make directories for new logfile: mkdir /var/logs: permission denied
[33mWARN[0m[2026-08-26T03:17:37.4963+02:00] Ignoring message with unexpected type:       
Failed to write to log, can't make directories for new logfile: mkdir /var/logs: permission denied
[33mWARN[0m[2026-08-26T03:17:37.4967+02:00] Not a valid Opa Pdp Message                  
Failed to write to log, can't make directories for new logfile: mkdir /var/logs: permission denied
[33mWARN[0m[2026-08-26T03:17:37.4968+02:00] Ignoring message with unexpected type:       
Failed to write to log, can't make directories for new logfile: mkdir /var/logs: permission denied
[33mWARN[0m[2026-08-26T03:17:37.4971+02:00] Not a valid Opa Pdp Message                  
Failed to write to log, can't make directories for new logfile: mkdir /var/logs: permission denied
[33mWARN[0m[2026-08-26T03:17:37.4976+02:00] Ignoring message with unexpected type:       
Failed to write to log, can't make directories for new logfile: mkdir /var/logs: permission denied
[33mWARN[0m[2026-08-26T03:17:37.4979+02:00] Ignoring message with unexpected type:       
Failed to write to log, can't make directories for new logfile: mkdir /var/logs: permission denied
[33mWARN[0m[2026-08-26T03:17:37.4981+02:00] Ignoring message with unexpected type:       
Failed to write to log, can't make directories for new logfile: mkdir /var/logs: permission denied
[33mWARN[0m[2026-08-26T03:17:37.4979+02:00] Not a valid Opa Pdp Message                  
Failed to write to log, can't make directories for new logfile: mkdir /var/logs: permission denied
[33mWARN[0m[2026-08-26T03:17:37.4984+02:00] Ignoring message with unexpected type:       
Failed to write to log, can't make directories for new logfile: mkdir /var/logs: permission denied
[33mWARN[0m[2026-08-26T03:17:37.4985+02:00] Not a valid Opa Pdp Message                  
Failed to write to log, can't make directories for new logfile: mkdir /var/logs: permission denied
[33mWARN[0m[2026-08-26T03:17:37.4991+02:00] Not a valid Opa Pdp Message                  
Failed to write to log, can't make directories for new logfile: mkdir /var/logs: permission denied
[33mWARN[0m[2026-08-26T03:17:37.4991+02:00] Ignoring message with unexpected type:       
Failed to write to log, can't make directories for new logfile: mkdir /var/logs: permission denied
[33mWARN[0m[2026-08-26T03:17:37.4993+02:00] Not a valid Opa Pdp Message                  
Failed to write to log, can't make directories for new logfile: mkdir /var/logs: permission denied
[33mWARN[0m[2026-08-26T03:17:37.4999+02:00] Not a valid Opa Pdp Message                  
Failed to write to log, can't make directories for new logfile: mkdir /var/logs: permission denied
[33mWARN[0m[2026-08-26T03:17:37.5000+02:00] Ignoring message with unexpected type:       
Failed to write to log, can't make directories for new logfile: mkdir /var/logs: permission denied
[33mWARN[0m[2026-08-26T03:17:37.5001+02:00] Not a valid Opa Pdp Message                  
Failed to write to log, can't make directories for new logfile: mkdir /var/logs: permission denied
[33mWARN[0m[2026-08-26T03:17:37.5007+02:00] Ignoring message with unexpected type:       
Failed to write to log, can't make directories for new logfile: mkdir /var/logs: permission denied
[33mWARN[0m[2026-08-26T03:17:37.5008+02:00] Not a valid Opa Pdp Message                  
Failed to write to log, can't make directories for new logfile: mkdir /var/logs: permission denied
[33mWARN[0m[2026-08-26T03:17:37.5011+02:00] Ignoring message with unexpected type:       
Failed to write to log, can't make directories for new logfile: mkdir /var/logs: permission denied
[33mWARN[0m[2026-08-26T03:17:37.5019+02:00] Not a valid Opa Pdp Message                  
Failed to write to log, can't make directories for new logfile: mkdir /var/logs: permission denied
[33mWARN[0m[2026-08-26T03:17:37.5021+02:00] Ignoring message with unexpected type:       
Failed to write to log, can't make directories for new logfile: mkdir /var/logs: permission denied
[33mWARN[0m[2026-08-26T03:17:37.5022+02:00] Not a valid Opa Pdp Message                  
Failed to write to log, can't make directories for new logfile: mkdir /var/logs: permission denied
[33mWARN[0m[2026-08-26T03:17:37.5026+02:00] Ignoring message with unexpected type:       
Failed to write to log, can't make directories for new logfile: mkdir /var/logs: permission denied
[33mWARN[0m[2026-08-26T03:17:37.5031+02:00] Ignoring message with unexpected type:       
Failed to write to log, can't make directories for new logfile: mkdir /var/logs: permission denied
[33mWARN[0m[2026-08-26T03:17:37.5033+02:00] Not a valid Opa Pdp Message                  
Failed to write to log, can't make directories for new logfile: mkdir /var/logs: permission denied
[33mWARN[0m[2026-08-26T03:17:37.5035+02:00] Ignoring message with unexpected type:       
Failed to write to log, can't make directories for new logfile: mkdir /var/logs: permission denied
[33mWARN[0m[2026-08-26T03:17:37.5035+02:00] Not a valid Opa Pdp Message                  
Failed to write to log, can't make directories for new logfile: mkdir /var/logs: permission denied
[33mWARN[0m[2026-08-26T03:17:37.5047+02:00] Not a valid Opa Pdp Message                  
Failed to write to log, can't make directories for new logfile: mkdir /var/logs: permission denied
[33mWARN[0m[2026-08-26T03:17:37.5052+02:00] Not a valid Opa Pdp Message                  
Failed to write to log, can't make directories for new logfile: mkdir /var/logs: permission denied
[33mWARN[0m[2026-08-26T03:17:37.5054+02:00] Not a valid Opa Pdp Message                  
Failed to write to log, can't make directories for new logfile: mkdir /var/logs: permission denied
[33mWARN[0m[2026-08-26T03:17:37.5056+02:00] Not a valid Opa Pdp Message                  
Failed to write to log, can't make directories for new logfile: mkdir /var/logs: permission denied
[33mWARN[0m[2026-08-26T03:17:37.5058+02:00] Not a valid Opa Pdp Message                  
Failed to write to log, can't make directories for new logfile: mkdir /var/logs: permission denied
[33mWARN[0m[2026-08-26T03:17:37.5060+02:00] Not a valid Opa Pdp Message                  
Failed to write to log, can't make directories for new logfile: mkdir /var/logs: permission denied
[33mWARN[0m[2026-08-26T03:17:37.5062+02:00] Not a valid Opa Pdp Message                  
Failed to write to log, can't make directories for new logfile: mkdir /var/logs: permission denied
[33mWARN[0m[2026-08-26T03:17:37.5064+02:00] Not a valid Opa Pdp Message                  
Failed to write to log, can't make directories for new logfile: mkdir /var/logs: permission denied
[33mWARN[0m[2026-08-26T03:17:37.5066+02:00] Not a valid Opa Pdp Message                  
Failed to write to log, can't make directories for new logfile: mkdir /var/logs: permission denied
[33mWARN[0m[2026-08-26T03:17:37.5067+02:00] Not a valid Opa Pdp Message                  
Failed to write to log, can't make directories for new logfile: mkdir /var/logs: permission denied
[33mWARN[0m[2026-08-26T03:17:37.5069+02:00] Not a valid Opa Pdp Message                  
Failed to write to log, can't make directories for new logfile: mkdir /var/logs: permission denied
[33mWARN[0m[2026-08-26T03:17:37.5071+02:00] Not a valid Opa Pdp Message                  
Failed to write to log, can't make directories for new logfile: mkdir /var/logs: permission denied
[33mWARN[0m[2026-08-26T03:17:37.5043+02:00] Ignoring message with unexpected type:       
Failed to write to log, can't make directories for new logfile: mkdir /var/logs: permission denied
[33mWARN[0m[2026-08-26T03:17:37.5083+02:00] Ignoring message with unexpected type:       
Failed to write to log, can't make directories for new logfile: mkdir /var/logs: permission denied
[33mWARN[0m[2026-08-26T03:17:37.5091+02:00] Ignoring message with unexpected type:       
Failed to write to log, can't make directories for new logfile: mkdir /var/logs: permission denied
[33mWARN[0m[2026-08-26T03:17:37.5096+02:00] Ignoring message with unexpected type:       
Failed to write to log, can't make directories for new logfile: mkdir /var/logs: permission denied
[33mWARN[0m[2026-08-26T03:17:37.5100+02:00] Ignoring message with unexpected type:       
Failed to write to log, can't make directories for new logfile: mkdir /var/logs: permission denied
[33mWARN[0m[2026-08-26T03:17:37.5108+02:00] Ignoring message with unexpected type:       
Failed to write to log, can't make directories for new logfile: mkdir /var/logs: permission denied
[33mWARN[0m[2026-08-26T03:17:37.5114+02:00] Ignoring message with unexpected type:       
Failed to write to log, can't make directories for new logfile: mkdir /var/logs: permission denied
[33mWARN[0m[2026-08-26T03:17:37.5120+02:00] Ignoring message with unexpected type:       
Failed to write to log, can't make directories for new logfile: mkdir /var/logs: permission denied
[33mWARN[0m[2026-08-26T03:17:37.5087+02:00] Not a valid Opa Pdp Message                  
Failed to write to log, can't make directories for new logfile: mkdir /var/logs: permission denied
[33mWARN[0m[2026-08-26T03:17:37.5129+02:00] Not a valid Opa Pdp Message                  
Failed to write to log, can't make directories for new logfile: mkdir /var/logs: permission denied
[33mWARN[0m[2026-08-26T03:17:37.5132+02:00] Not a valid Opa Pdp Message                  
Failed to write to log, can't make directories for new logfile: mkdir /var/logs: permission denied
[33mWARN[0m[2026-08-26T03:17:37.5134+02:00] Not a valid Opa Pdp Message                  
Failed to write to log, can't make directories for new logfile: mkdir /var/logs: permission denied
[33mWARN[0m[2026-08-26T03:17:37.5136+02:00] Not a valid Opa Pdp Message                  
Failed to write to log, can't make directories for new logfile: mkdir /var/logs: permission denied
[33mWARN[0m[2026-08-26T03:17:37.5137+02:00] Ignoring message with unexpected type:       
Failed to write to log, can't make directories for new logfile: mkdir /var/logs: permission denied
[33mWARN[0m[2026-08-26T03:17:37.5138+02:00] Not a valid Opa Pdp Message                  
Failed to write to log, can't make directories for new logfile: mkdir /var/logs: permission denied
[33mWARN[0m[2026-08-26T03:17:37.5139+02:00] Ignoring message with unexpected type:       
Failed to write to log, can't make directories for new logfile: mkdir /var/logs: permission denied
[33mWARN[0m[2026-08-26T03:17:37.5142+02:00] Not a valid Opa Pdp Message                  
Failed to write to log, can't make directories for new logfile: mkdir /var/logs: permission denied
[33mWARN[0m[2026-08-26T03:17:37.5146+02:00] Ignoring message with unexpected type:       
Failed to write to log, can't make directories for new logfile: mkdir /var/logs: permission denied
[33mWARN[0m[2026-08-26T03:17:37.5146+02:00] Not a valid Opa Pdp Message                  
Failed to write to log, can't make directories for new logfile: mkdir /var/logs: permission denied
[33mWARN[0m[2026-08-26T03:17:37.5152+02:00] Ignoring message with unexpected type:       
Failed to write to log, can't make directories for new logfile: mkdir /var/logs: permission denied
[33mWARN[0m[2026-08-26T03:17:37.5153+02:00] Not a valid Opa Pdp Message                  
Failed to write to log, can't make directories for new logfile: mkdir /var/logs: permission denied
[33mWARN[0m[2026-08-26T03:17:37.5155+02:00] Ignoring message with unexpected type:       
Failed to write to log, can't make directories for new logfile: mkdir /var/logs: permission denied
[33mWARN[0m[2026-08-26T03:17:37.5158+02:00] Not a valid Opa Pdp Message                  
Failed to write to log, can't make directories for new logfile: mkdir /var/logs: permission denied
[33mWARN[0m[2026-08-26T03:17:37.5162+02:00] Ignoring message with unexpected type:       
Failed to write to log, can't make directories for new logfile: mkdir /var/logs: permission denied
[33mWARN[0m[2026-08-26T03:17:37.5162+02:00] Not a valid Opa Pdp Message                  
Failed to write to log, can't make directories for new logfile: mkdir /var/logs: permission denied
[33mWARN[0m[2026-08-26T03:17:37.5166+02:00] Ignoring message with unexpected type:       
Failed to write to log, can't make directories for new logfile: mkdir /var/logs: permission denied
[33mWARN[0m[2026-08-26T03:17:37.5169+02:00] Not a valid Opa Pdp Message                  
Failed to write to log, can't make directories for new logfile: mkdir /var/logs: permission denied
[33mWARN[0m[2026-08-26T03:17:37.5175+02:00] Ignoring message with unexpected type:       
Failed to write to log, can't make directories for new logfile: mkdir /var/logs: permission denied
[33mWARN[0m[2026-08-26T03:17:37.5176+02:00] Not a valid Opa Pdp Message                  
Failed to write to log, can't make directories for new logfile: mkdir /var/logs: permission denied
[33mWARN[0m[2026-08-26T03:17:37.5178+02:00] Ignoring message with unexpected type:       
Failed to write to log, can't make directories for new logfile: mkdir /var/logs: permission denied
[33mWARN[0m[2026-08-26T03:17:37.5178+02:00] Not a valid Opa Pdp Message                  
Failed to write to log, can't make directories for new logfile: mkdir /var/logs: permission denied
[33mWARN[0m[2026-08-26T03:17:37.5182+02:00] Not a valid Opa Pdp Message                  
Failed to write to log, can't make directories for new logfile: mkdir /var/logs: permission denied
[33mWARN[0m[2026-08-26T03:17:37.5180+02:00] Ignoring message with unexpected type:       
Failed to write to log, can't make directories for new logfile: mkdir /var/logs: permission denied
[33mWARN[0m[2026-08-26T03:17:37.5184+02:00] Not a valid Opa Pdp Message                  
Failed to write to log, can't make directories for new logfile: mkdir /var/logs: permission denied
[33mWARN[0m[2026-08-26T03:17:37.5185+02:00] Ignoring message with unexpected type:       
Failed to write to log, can't make directories for new logfile: mkdir /var/logs: permission denied
[33mWARN[0m[2026-08-26T03:17:37.5192+02:00] Not a valid Opa Pdp Message                  
Failed to write to log, can't make directories for new logfile: mkdir /var/logs: permission denied
[33mWARN[0m[2026-08-26T03:17:37.5195+02:00] Ignoring message with unexpected type:       
Failed to write to log, can't make directories for new logfile: mkdir /var/logs: permission denied
[33mWARN[0m[2026-08-26T03:17:37.5199+02:00] Not a valid Opa Pdp Message                  
Failed to write to log, can't make directories for new logfile: mkdir /var/logs: permission denied
[33mWARN[0m[2026-08-26T03:17:37.5199+02:00] Ignoring message with unexpected type:       
Failed to write to log, can't make directories for new logfile: mkdir /var/logs: permission denied
[33mWARN[0m[2026-08-26T03:17:37.5202+02:00] Not a valid Opa Pdp Message                  
Failed to write to log, can't make directories for new logfile: mkdir /var/logs: permission denied
[33mWARN[0m[2026-08-26T03:17:37.5204+02:00] Ignoring message with unexpected type:       
Failed to write to log, can't make directories for new logfile: mkdir /var/logs: permission denied
[33mWARN[0m[2026-08-26T03:17:37.5210+02:00] Ignoring message with unexpected type:       
Failed to write to log, can't make directories for new logfile: mkdir /var/logs: permission denied
[33mWARN[0m[2026-08-26T03:17:37.5210+02:00] Not a valid Opa Pdp Message                  
Failed to write to log, can't make directories for new logfile: mkdir /var/logs: permission denied
[33mWARN[0m[2026-08-26T03:17:37.5212+02:00] Ignoring message with unexpected type:       
Failed to write to log, can't make directories for new logfile: mkdir /var/logs: permission denied
[33mWARN[0m[2026-08-26T03:17:37.5216+02:00] Not a valid Opa Pdp Message                  
Failed to write to log, can't make directories for new logfile: mkdir /var/logs: permission denied
[33mWARN[0m[2026-08-26T03:17:37.5218+02:00] Ignoring message with unexpected type:       
Failed to write to log, can't make directories for new logfile: mkdir /var/logs: permission denied
[33mWARN[0m[2026-08-26T03:17:37.5220+02:00] Not a valid Opa Pdp Message                  
Failed to write to log, can't make directories for new logfile: mkdir /var/logs: permission denied
[33mWARN[0m[2026-08-26T03:17:37.5223+02:00] Ignoring message with unexpected type:       
Failed to write to log, can't make directories for new logfile: mkdir /var/logs: permission denied
[33mWARN[0m[2026-08-26T03:17:37.5229+02:00] Not a valid Opa Pdp Message                  
Failed to write to log, can't make directories for new logfile: mkdir /var/logs: permission denied
[33mWARN[0m[2026-08-26T03:17:37.5230+02:00] Ignoring message with unexpected type:       
Failed to write to log, can't make directories for new logfile: mkdir /var/logs: permission denied
[33mWARN[0m[2026-08-26T03:17:37.5233+02:00] Not a valid Opa Pdp Message                  
Failed to write to log, can't make directories for new logfile: mkdir /var/logs: permission denied
[33mWARN[0m[2026-08-26T03:17:37.5234+02:00] Ignoring message with unexpected type:       
Failed to write to log, can't make directories for new logfile: mkdir /var/logs: permission denied
[33mWARN[0m[2026-08-26T03:17:37.5235+02:00] Not a valid Opa Pdp Message                  
Failed to write to log, can't make directories for new logfile: mkdir /var/logs: permission denied
[33mWARN[0m[2026-08-26T03:17:37.5237+02:00] Ignoring message with unexpected type:       
Failed to write to log, can't make directories for new logfile: mkdir /var/logs: permission denied
[33mWARN[0m[2026-08-26T03:17:37.5240+02:00] Not a valid Opa Pdp Message                  
Failed to write to log, can't make directories for new logfile: mkdir /var/logs: permission denied
[33mWARN[0m[2026-08-26T03:17:37.5242+02:00] Ignoring message with unexpected type:       
Failed to write to log, can't make directories for new logfile: mkdir /var/logs: permission denied
[33mWARN[0m[2026-08-26T03:17:37.5244+02:00] Not a valid Opa Pdp Message                  
Failed to write to log, can't make directories for new logfile: mkdir /var/logs: permission denied
[33mWARN[0m[2026-08-26T03:17:37.5246+02:00] Not a valid Opa Pdp Message                  
Failed to write to log, can't make directories for new logfile: mkdir /var/logs: permission denied
[33mWARN[0m[2026-08-26T03:17:37.5248+02:00] Not a valid Opa Pdp Message                  
Failed to write to log, can't make directories for new logfile: mkdir /var/logs: permission denied
[33mWARN[0m[2026-08-26T03:17:37.5246+02:00] Ignoring message with unexpected type:       
Failed to write to log, can't make directories for new logfile: mkdir /var/logs: permission denied
[33mWARN[0m[2026-08-26T03:17:37.5250+02:00] Not a valid Opa Pdp Message                  
Failed to write to log, can't make directories for new logfile: mkdir /var/logs: permission denied
[33mWARN[0m[2026-08-26T03:17:37.5253+02:00] Ignoring message with unexpected type:       
Failed to write to log, can't make directories for new logfile: mkdir /var/logs: permission denied
[33mWARN[0m[2026-08-26T03:17:37.5256+02:00] Not a valid Opa Pdp Message                  
Failed to write to log, can't make directories for new logfile: mkdir /var/logs: permission denied
[33mWARN[0m[2026-08-26T03:17:37.5257+02:00] Ignoring message with unexpected type:       
Failed to write to log, can't make directories for new logfile: mkdir /var/logs: permission denied
[33mWARN[0m[2026-08-26T03:17:37.5258+02:00] Not a valid Opa Pdp Message                  
Failed to write to log, can't make directories for new logfile: mkdir /var/logs: permission denied
[33mWARN[0m[2026-08-26T03:17:37.5259+02:00] Ignoring message with unexpected type:       
Failed to write to log, can't make directories for new logfile: mkdir /var/logs: permission denied
[33mWARN[0m[2026-08-26T03:17:37.5260+02:00] Not a valid Opa Pdp Message                  
Failed to write to log, can't make directories for new logfile: mkdir /var/logs: permission denied
[33mWARN[0m[2026-08-26T03:17:37.5261+02:00] Ignoring message with unexpected type:       
Failed to write to log, can't make directories for new logfile: mkdir /var/logs: permission denied
[33mWARN[0m[2026-08-26T03:17:37.5262+02:00] Not a valid Opa Pdp Message                  
Failed to write to log, can't make directories for new logfile: mkdir /var/logs: permission denied
[33mWARN[0m[2026-08-26T03:17:37.5263+02:00] Ignoring message with unexpected type:       
Failed to write to log, can't make directories for new logfile: mkdir /var/logs: permission denied
[33mWARN[0m[2026-08-26T03:17:37.5264+02:00] Not a valid Opa Pdp Message                  
Failed to write to log, can't make directories for new logfile: mkdir /var/logs: permission denied
[33mWARN[0m[2026-08-26T03:17:37.5265+02:00] Ignoring message with unexpected type:       
Failed to write to log, can't make directories for new logfile: mkdir /var/logs: permission denied
[33mWARN[0m[2026-08-26T03:17:37.5267+02:00] Ignoring message with unexpected type:       
Failed to write to log, can't make directories for new logfile: mkdir /var/logs: permission denied
[33mWARN[0m[2026-08-26T03:17:37.5266+02:00] Not a valid Opa Pdp Message                  
Failed to write to log, can't make directories for new logfile: mkdir /var/logs: permission denied
[33mWARN[0m[2026-08-26T03:17:37.5269+02:00] Ignoring message with unexpected type:       
Failed to write to log, can't make directories for new logfile: mkdir /var/logs: permission denied
[33mWARN[0m[2026-08-26T03:17:37.5271+02:00] Not a valid Opa Pdp Message                  
Failed to write to log, can't make directories for new logfile: mkdir /var/logs: permission denied
[33mWARN[0m[2026-08-26T03:17:37.5272+02:00] Ignoring message with unexpected type:       
Failed to write to log, can't make directories for new logfile: mkdir /var/logs: permission denied
[33mWARN[0m[2026-08-26T03:17:37.5275+02:00] Ignoring message with unexpected type:       
Failed to write to log, can't make directories for new logfile: mkdir /var/logs: permission denied
[33mWARN[0m[2026-08-26T03:17:37.5273+02:00] Not a valid Opa Pdp Message                  
Failed to write to log, can't make directories for new logfile: mkdir /var/logs: permission denied
[33mWARN[0m[2026-08-26T03:17:37.5279+02:00] Not a valid Opa Pdp Message                  
Failed to write to log, can't make directories for new logfile: mkdir /var/logs: permission denied
[33mWARN[0m[2026-08-26T03:17:37.5280+02:00] Ignoring message with unexpected type:       
Failed to write to log, can't make directories for new logfile: mkdir /var/logs: permission denied
[33mWARN[0m[2026-08-26T03:17:37.5281+02:00] Not a valid Opa Pdp Message                  
Failed to write to log, can't make directories for new logfile: mkdir /var/logs: permission denied
[33mWARN[0m[2026-08-26T03:17:37.5283+02:00] Ignoring message with unexpected type:       
Failed to write to log, can't make directories for new logfile: mkdir /var/logs: permission denied
[33mWARN[0m[2026-08-26T03:17:37.5285+02:00] Not a valid Opa Pdp Message                  
Failed to write to log, can't make directories for new logfile: mkdir /var/logs: permission denied
[33mWARN[0m[2026-08-26T03:17:37.5287+02:00] Ignoring message with unexpected type:       
Failed to write to log, can't make directories for new logfile: mkdir /var/logs: permission denied
[33mWARN[0m[2026-08-26T03:17:37.5288+02:00] Not a valid Opa Pdp Message                  
Failed to write to log, can't make directories for new logfile: mkdir /var/logs: permission denied
[33mWARN[0m[2026-08-26T03:17:37.5289+02:00] Ignoring message with unexpected type:       
Failed to write to log, can't make directories for new logfile: mkdir /var/logs: permission denied
[33mWARN[0m[2026-08-26T03:17:37.5290+02:00] Not a valid Opa Pdp Message                  
Failed to write to log, can't make directories for new logfile: mkdir /var/logs: permission denied
[33mWARN[0m[2026-08-26T03:17:37.5291+02:00] Ignoring message with unexpected type:       
Failed to write to log, can't make directories for new logfile: mkdir /var/logs: permission denied
[33mWARN[0m[2026-08-26T03:17:37.5293+02:00] Not a valid Opa Pdp Message                  
Failed to write to log, can't make directories for new logfile: mkdir /var/logs: permission denied
[33mWARN[0m[2026-08-26T03:17:37.5293+02:00] Ignoring message with unexpected type:       
Failed to write to log, can't make directories for new logfile: mkdir /var/logs: permission denied
[33mWARN[0m[2026-08-26T03:17:37.5295+02:00] Not a valid Opa Pdp Message                  
Failed to write to log, can't make directories for new logfile: mkdir /var/logs: permission denied
[33mWARN[0m[2026-08-26T03:17:37.5296+02:00] Ignoring message with unexpected type:       
Failed to write to log, can't make directories for new logfile: mkdir /var/logs: permission denied
[33mWARN[0m[2026-08-26T03:17:37.5297+02:00] Not a valid Opa Pdp Message                  
Failed to write to log, can't make directories for new logfile: mkdir /var/logs: permission denied
[33mWARN[0m[2026-08-26T03:17:37.5299+02:00] Ignoring message with unexpected type:       
Failed to write to log, can't make directories for new logfile: mkdir /var/logs: permission denied
[33mWARN[0m[2026-08-26T03:17:37.5299+02:00] Not a valid Opa Pdp Message                  
Failed to write to log, can't make directories for new logfile: mkdir /var/logs: permission denied
[33mWARN[0m[2026-08-26T03:17:37.5301+02:00] Ignoring message with unexpected type:       
Failed to write to log, can't make directories for new logfile: mkdir /var/logs: permission denied
[33mWARN[0m[2026-08-26T03:17:37.5302+02:00] Not a valid Opa Pdp Message                  
Failed to write to log, can't make directories for new logfile: mkdir /var/logs: permission denied
[33mWARN[0m[2026-08-26T03:17:37.5304+02:00] Ignoring message with unexpected type:       
Failed to write to log, can't make directories for new logfile: mkdir /var/logs: permission denied
[33mWARN[0m[2026-08-26T03:17:37.5314+02:00] Not a valid Opa Pdp Message                  
Failed to write to log, can't make directories for new logfile: mkdir /var/logs: permission denied
[33mWARN[0m[2026-08-26T03:17:37.5318+02:00] Ignoring message with unexpected type:       
Failed to write to log, can't make directories for new logfile: mkdir /var/logs: permission denied
[33mWARN[0m[2026-08-26T03:17:37.5319+02:00] Not a valid Opa Pdp Message                  
Failed to write to log, can't make directories for new logfile: mkdir /var/logs: permission denied
[33mWARN[0m[2026-08-26T03:17:37.5321+02:00] Ignoring message with unexpected type:       
Failed to write to log, can't make directories for new logfile: mkdir /var/logs: permission denied
[33mWARN[0m[2026-08-26T03:17:37.5325+02:00] Ignoring message with unexpected type:       
Failed to write to log, can't make directories for new logfile: mkdir /var/logs: permission denied
[33mWARN[0m[2026-08-26T03:17:37.5323+02:00] Not a valid Opa Pdp Message                  
Failed to write to log, can't make directories for new logfile: mkdir /var/logs: permission denied
[33mWARN[0m[2026-08-26T03:17:37.5327+02:00] Ignoring message with unexpected type:       
Failed to write to log, can't make directories for new logfile: mkdir /var/logs: permission denied
[33mWARN[0m[2026-08-26T03:17:37.5331+02:00] Ignoring message with unexpected type:       
Failed to write to log, can't make directories for new logfile: mkdir /var/logs: permission denied
[33mWARN[0m[2026-08-26T03:17:37.5329+02:00] Not a valid Opa Pdp Message                  
Failed to write to log, can't make directories for new logfile: mkdir /var/logs: permission denied
[33mWARN[0m[2026-08-26T03:17:37.5334+02:00] Ignoring message with unexpected type:       
Failed to write to log, can't make directories for new logfile: mkdir /var/logs: permission denied
[33mWARN[0m[2026-08-26T03:17:37.5334+02:00] Not a valid Opa Pdp Message                  
Failed to write to log, can't make directories for new logfile: mkdir /var/logs: permission denied
[33mWARN[0m[2026-08-26T03:17:37.5336+02:00] Ignoring message with unexpected type:       
Failed to write to log, can't make directories for new logfile: mkdir /var/logs: permission denied
[33mWARN[0m[2026-08-26T03:17:37.5336+02:00] Not a valid Opa Pdp Message                  
Failed to write to log, can't make directories for new logfile: mkdir /var/logs: permission denied
[33mWARN[0m[2026-08-26T03:17:37.5338+02:00] Ignoring message with unexpected type:       
Failed to write to log, can't make directories for new logfile: mkdir /var/logs: permission denied
[33mWARN[0m[2026-08-26T03:17:37.5339+02:00] Not a valid Opa Pdp Message                  
Failed to write to log, can't make directories for new logfile: mkdir /var/logs: permission denied
[33mWARN[0m[2026-08-26T03:17:37.5340+02:00] Ignoring message with unexpected type:       
Failed to write to log, can't make directories for new logfile: mkdir /var/logs: permission denied
[33mWARN[0m[2026-08-26T03:17:37.5342+02:00] Ignoring message with unexpected type:       
Failed to write to log, can't make directories for new logfile: mkdir /var/logs: permission denied
[33mWARN[0m[2026-08-26T03:17:37.5341+02:00] Not a valid Opa Pdp Message                  
Failed to write to log, can't make directories for new logfile: mkdir /var/logs: permission denied
[33mWARN[0m[2026-08-26T03:17:37.5345+02:00] Ignoring message with unexpected type:       
Failed to write to log, can't make directories for new logfile: mkdir /var/logs: permission denied
[33mWARN[0m[2026-08-26T03:17:37.5352+02:00] Ignoring message with unexpected type:       
Failed to write to log, can't make directories for new logfile: mkdir /var/logs: permission denied
[33mWARN[0m[2026-08-26T03:17:37.5349+02:00] Not a valid Opa Pdp Message                  
Failed to write to log, can't make directories for new logfile: mkdir /var/logs: permission denied
[33mWARN[0m[2026-08-26T03:17:37.5355+02:00] Ignoring message with unexpected type:       
Failed to write to log, can't make directories for new logfile: mkdir /var/logs: permission denied
[33mWARN[0m[2026-08-26T03:17:37.5355+02:00] Not a valid Opa Pdp Message                  
Failed to write to log, can't make directories for new logfile: mkdir /var/logs: permission denied
[33mWARN[0m[2026-08-26T03:17:37.5357+02:00] Ignoring message with unexpected type:       
Failed to write to log, can't make directories for new logfile: mkdir /var/logs: permission denied
[33mWARN[0m[2026-08-26T03:17:37.5358+02:00] Not a valid Opa Pdp Message                  
Failed to write to log, can't make directories for new logfile: mkdir /var/logs: permission denied
[33mWARN[0m[2026-08-26T03:17:37.5359+02:00] Ignoring message with unexpected type:       
Failed to write to log, can't make directories for new logfile: mkdir /var/logs: permission denied
[33mWARN[0m[2026-08-26T03:17:37.5360+02:00] Not a valid Opa Pdp Message                  
Failed to write to log, can't make directories for new logfile: mkdir /var/logs: permission denied
[33mWARN[0m[2026-08-26T03:17:37.5361+02:00] Ignoring message with unexpected type:       
Failed to write to log, can't make directories for new logfile: mkdir /var/logs: permission denied
[33mWARN[0m[2026-08-26T03:17:37.5363+02:00] Not a valid Opa Pdp Message                  
Failed to write to log, can't make directories for new logfile: mkdir /var/logs: permission denied
[33mWARN[0m[2026-08-26T03:17:37.5365+02:00] Ignoring message with unexpected type:       
Failed to write to log, can't make directories for new logfile: mkdir /var/logs: permission denied
[33mWARN[0m[2026-08-26T03:17:37.5368+02:00] Ignoring message with unexpected type:       
Failed to write to log, can't make directories for new logfile: mkdir /var/logs: permission denied
[33mWARN[0m[2026-08-26T03:17:37.5366+02:00] Not a valid Opa Pdp Message                  
Failed to write to log, can't make directories for new logfile: mkdir /var/logs: permission denied
[33mWARN[0m[2026-08-26T03:17:37.5371+02:00] Ignoring message with unexpected type:       
Failed to write to log, can't make directories for new logfile: mkdir /var/logs: permission denied
[33mWARN[0m[2026-08-26T03:17:37.5378+02:00] Ignoring message with unexpected type:       
Failed to write to log, can't make directories for new logfile: mkdir /var/logs: permission denied
[33mWARN[0m[2026-08-26T03:17:37.5382+02:00] Ignoring message with unexpected type:       
Failed to write to log, can't make directories for new logfile: mkdir /var/logs: permission denied
[33mWARN[0m[2026-08-26T03:17:37.5385+02:00] Ignoring message with unexpected type:       
Failed to write to log, can't make directories for new logfile: mkdir /var/logs: permission denied
[33mWARN[0m[2026-08-26T03:17:37.5378+02:00] Not a valid Opa Pdp Message                  
Failed to write to log, can't make directories for new logfile: mkdir /var/logs: permission denied
[33mWARN[0m[2026-08-26T03:17:37.5387+02:00] Ignoring message with unexpected type:       
Failed to write to log, can't make directories for new logfile: mkdir /var/logs: permission denied
[33mWARN[0m[2026-08-26T03:17:37.5389+02:00] Not a valid Opa Pdp Message                  
Failed to write to log, can't make directories for new logfile: mkdir /var/logs: permission denied
[33mWARN[0m[2026-08-26T03:17:37.5389+02:00] Ignoring message with unexpected type:       
Failed to write to log, can't make directories for new logfile: mkdir /var/logs: permission denied
[33mWARN[0m[2026-08-26T03:17:37.5391+02:00] Not a valid Opa Pdp Message                  
Failed to write to log, can't make directories for new logfile: mkdir /var/logs: permission denied
[33mWARN[0m[2026-08-26T03:17:37.5392+02:00] Ignoring message with unexpected type:       
Failed to write to log, can't make directories for new logfile: mkdir /var/logs: permission denied
[33mWARN[0m[2026-08-26T03:17:37.5399+02:00] Not a valid Opa Pdp Message                  
Failed to write to log, can't make directories for new logfile: mkdir /var/logs: permission denied
[33mWARN[0m[2026-08-26T03:17:37.5401+02:00] Ignoring message with unexpected type:       
Failed to write to log, can't make directories for new logfile: mkdir /var/logs: permission denied
[33mWARN[0m[2026-08-26T03:17:37.5401+02:00] Not a valid Opa Pdp Message                  
Failed to write to log, can't make directories for new logfile: mkdir /var/logs: permission denied
[33mWARN[0m[2026-08-26T03:17:37.5403+02:00] Ignoring message with unexpected type:       
Failed to write to log, can't make directories for new logfile: mkdir /var/logs: permission denied
[33mWARN[0m[2026-08-26T03:17:37.5404+02:00] Not a valid Opa Pdp Message                  
Failed to write to log, can't make directories for new logfile: mkdir /var/logs: permission denied
[33mWARN[0m[2026-08-26T03:17:37.5405+02:00] Ignoring message with unexpected type:       
Failed to write to log, can't make directories for new logfile: mkdir /var/logs: permission denied
[33mWARN[0m[2026-08-26T03:17:37.5406+02:00] Not a valid Opa Pdp Message                  
Failed to write to log, can't make directories for new logfile: mkdir /var/logs: permission denied
[33mWARN[0m[2026-08-26T03:17:37.5407+02:00] Ignoring message with unexpected type:       
Failed to write to log, can't make directories for new logfile: mkdir /var/logs: permission denied
[33mWARN[0m[2026-08-26T03:17:37.5408+02:00] Not a valid Opa Pdp Message                  
Failed to write to log, can't make directories for new logfile: mkdir /var/logs: permission denied
[33mWARN[0m[2026-08-26T03:17:37.5409+02:00] Ignoring message with unexpected type:       
Failed to write to log, can't make directories for new logfile: mkdir /var/logs: permission denied
[33mWARN[0m[2026-08-26T03:17:37.5412+02:00] Ignoring message with unexpected type:       
Failed to write to log, can't make directories for new logfile: mkdir /var/logs: permission denied
[33mWARN[0m[2026-08-26T03:17:37.5414+02:00] Ignoring message with unexpected type:       
Failed to write to log, can't make directories for new logfile: mkdir /var/logs: permission denied
[33mWARN[0m[2026-08-26T03:17:37.5416+02:00] Ignoring message with unexpected type:       
Failed to write to log, can't make directories for new logfile: mkdir /var/logs: permission denied
[33mWARN[0m[2026-08-26T03:17:37.5418+02:00] Ignoring message with unexpected type:       
Failed to write to log, can't make directories for new logfile: mkdir /var/logs: permission denied
[33mWARN[0m[2026-08-26T03:17:37.5420+02:00] Ignoring message with unexpected type:       
Failed to write to log, can't make directories for new logfile: mkdir /var/logs: permission denied
[33mWARN[0m[2026-08-26T03:17:37.5422+02:00] Ignoring message with unexpected type:       
Failed to write to log, can't make directories for new logfile: mkdir /var/logs: permission denied
[33mWARN[0m[2026-08-26T03:17:37.5425+02:00] Ignoring message with unexpected type:       
Failed to write to log, can't make directories for new logfile: mkdir /var/logs: permission denied
[33mWARN[0m[2026-08-26T03:17:37.5427+02:00] Ignoring message with unexpected type:       
Failed to write to log, can't make directories for new logfile: mkdir /var/logs: permission denied
[33mWARN[0m[2026-08-26T03:17:37.5430+02:00] Ignoring message with unexpected type:       
Failed to write to log, can't make directories for new logfile: mkdir /var/logs: permission denied
[33mWARN[0m[2026-08-26T03:17:37.5433+02:00] Not a valid Opa Pdp Message                  
Failed to write to log, can't make directories for new logfile: mkdir /var/logs: permission denied
[33mWARN[0m[2026-08-26T03:17:37.5433+02:00] Ignoring message with unexpected type:       
Failed to write to log, can't make directories for new logfile: mkdir /var/logs: permission denied
[33mWARN[0m[2026-08-26T03:17:37.5442+02:00] Ignoring message with unexpected type:       
Failed to write to log, can't make directories for new logfile: mkdir /var/logs: permission denied
[33mWARN[0m[2026-08-26T03:17:37.5445+02:00] Not a valid Opa Pdp Message                  
Failed to write to log, can't make directories for new logfile: mkdir /var/logs: permission denied
[33mWARN[0m[2026-08-26T03:17:37.5455+02:00] Not a valid Opa Pdp Message                  
Failed to write to log, can't make directories for new logfile: mkdir /var/logs: permission denied
[33mWARN[0m[2026-08-26T03:17:37.5463+02:00] Not a valid Opa Pdp Message                  
Failed to write to log, can't make directories for new logfile: mkdir /var/logs: permission denied
[33mWARN[0m[2026-08-26T03:17:37.5466+02:00] Not a valid Opa Pdp Message                  
Failed to write to log, can't make directories for new logfile: mkdir /var/logs: permission denied
[33mWARN[0m[2026-08-26T03:17:37.5468+02:00] Not a valid Opa Pdp Message                  
Failed to write to log, can't make directories for new logfile: mkdir /var/logs: permission denied
[33mWARN[0m[2026-08-26T03:17:37.5470+02:00] Not a valid Opa Pdp Message                  
Failed to write to log, can't make directories for new logfile: mkdir /var/logs: permission denied
[33mWARN[0m[2026-08-26T03:17:37.5446+02:00] Ignoring message with unexpected type:       
Failed to write to log, can't make directories for new logfile: mkdir /var/logs: permission denied
[33mWARN[0m[2026-08-26T03:17:37.5474+02:00] Not a valid Opa Pdp Message                  
Failed to write to log, can't make directories for new logfile: mkdir /var/logs: permission denied
[33mWARN[0m[2026-08-26T03:17:37.5476+02:00] Ignoring message with unexpected type:       
Failed to write to log, can't make directories for new logfile: mkdir /var/logs: permission denied
[33mWARN[0m[2026-08-26T03:17:37.5478+02:00] Ignoring message with unexpected type:       
Failed to write to log, can't make directories for new logfile: mkdir /var/logs: permission denied
[33mWARN[0m[2026-08-26T03:17:37.5484+02:00] Ignoring message with unexpected type:       
Failed to write to log, can't make directories for new logfile: mkdir /var/logs: permission denied
[33mWARN[0m[2026-08-26T03:17:37.5487+02:00] Ignoring message with unexpected type:       
Failed to write to log, can't make directories for new logfile: mkdir /var/logs: permission denied
[33mWARN[0m[2026-08-26T03:17:37.5476+02:00] Not a valid Opa Pdp Message                  
Failed to write to log, can't make directories for new logfile: mkdir /var/logs: permission denied
[33mWARN[0m[2026-08-26T03:17:37.5491+02:00] Not a valid Opa Pdp Message                  
Failed to write to log, can't make directories for new logfile: mkdir /var/logs: permission denied
[33mWARN[0m[2026-08-26T03:17:37.5491+02:00] Ignoring message with unexpected type:       
Failed to write to log, can't make directories for new logfile: mkdir /var/logs: permission denied
[33mWARN[0m[2026-08-26T03:17:37.5499+02:00] Ignoring message with unexpected type:       
Failed to write to log, can't make directories for new logfile: mkdir /var/logs: permission denied
[33mWARN[0m[2026-08-26T03:17:37.5502+02:00] Ignoring message with unexpected type:       
Failed to write to log, can't make directories for new logfile: mkdir /var/logs: permission denied
[33mWARN[0m[2026-08-26T03:17:37.5503+02:00] Not a valid Opa Pdp Message                  
Failed to write to log, can't make directories for new logfile: mkdir /var/logs: permission denied
[33mWARN[0m[2026-08-26T03:17:37.5509+02:00] Not a valid Opa Pdp Message                  
Failed to write to log, can't make directories for new logfile: mkdir /var/logs: permission denied
[33mWARN[0m[2026-08-26T03:17:37.5514+02:00] Not a valid Opa Pdp Message                  
Failed to write to log, can't make directories for new logfile: mkdir /var/logs: permission denied
[33mWARN[0m[2026-08-26T03:17:37.5518+02:00] Not a valid Opa Pdp Message                  
Failed to write to log, can't make directories for new logfile: mkdir /var/logs: permission denied
[33mWARN[0m[2026-08-26T03:17:37.5505+02:00] Ignoring message with unexpected type:       
Failed to write to log, can't make directories for new logfile: mkdir /var/logs: permission denied
[33mWARN[0m[2026-08-26T03:17:37.5526+02:00] Not a valid Opa Pdp Message                  
Failed to write to log, can't make directories for new logfile: mkdir /var/logs: permission denied
[33mWARN[0m[2026-08-26T03:17:37.5529+02:00] Not a valid Opa Pdp Message                  
Failed to write to log, can't make directories for new logfile: mkdir /var/logs: permission denied
[33mWARN[0m[2026-08-26T03:17:37.5531+02:00] Not a valid Opa Pdp Message                  
Failed to write to log, can't make directories for new logfile: mkdir /var/logs: permission denied
[33mWARN[0m[2026-08-26T03:17:37.5529+02:00] Ignoring message with unexpected type:       
Failed to write to log, can't make directories for new logfile: mkdir /var/logs: permission denied
[33mWARN[0m[2026-08-26T03:17:37.5533+02:00] Not a valid Opa Pdp Message                  
Failed to write to log, can't make directories for new logfile: mkdir /var/logs: permission denied
[33mWARN[0m[2026-08-26T03:17:37.5536+02:00] Not a valid Opa Pdp Message                  
Failed to write to log, can't make directories for new logfile: mkdir /var/logs: permission denied
[33mWARN[0m[2026-08-26T03:17:37.5539+02:00] Not a valid Opa Pdp Message                  
Failed to write to log, can't make directories for new logfile: mkdir /var/logs: permission denied
[33mWARN[0m[2026-08-26T03:17:37.5537+02:00] Ignoring message with unexpected type:       
Failed to write to log, can't make directories for new logfile: mkdir /var/logs: permission denied
[33mWARN[0m[2026-08-26T03:17:37.5542+02:00] Not a valid Opa Pdp Message                  
Failed to write to log, can't make directories for new logfile: mkdir /var/logs: permission denied
[33mWARN[0m[2026-08-26T03:17:37.5545+02:00] Ignoring message with unexpected type:       
Failed to write to log, can't make directories for new logfile: mkdir /var/logs: permission denied
[33mWARN[0m[2026-08-26T03:17:37.5546+02:00] Not a valid Opa Pdp Message                  
Failed to write to log, can't make directories for new logfile: mkdir /var/logs: permission denied
[33mWARN[0m[2026-08-26T03:17:37.5548+02:00] Ignoring message with unexpected type:       
Failed to write to log, can't make directories for new logfile: mkdir /var/logs: permission denied
[33mWARN[0m[2026-08-26T03:17:37.5550+02:00] Not a valid Opa Pdp Message                  
Failed to write to log, can't make directories for new logfile: mkdir /var/logs: permission denied
[33mWARN[0m[2026-08-26T03:17:37.5557+02:00] Ignoring message with unexpected type:       
Failed to write to log, can't make directories for new logfile: mkdir /var/logs: permission denied
[33mWARN[0m[2026-08-26T03:17:37.5557+02:00] Not a valid Opa Pdp Message                  
Failed to write to log, can't make directories for new logfile: mkdir /var/logs: permission denied
[33mWARN[0m[2026-08-26T03:17:37.5561+02:00] Ignoring message with unexpected type:       
Failed to write to log, can't make directories for new logfile: mkdir /var/logs: permission denied
[33mWARN[0m[2026-08-26T03:17:37.5563+02:00] Not a valid Opa Pdp Message                  
Failed to write to log, can't make directories for new logfile: mkdir /var/logs: permission denied
[33mWARN[0m[2026-08-26T03:17:37.5564+02:00] Ignoring message with unexpected type:       
Failed to write to log, can't make directories for new logfile: mkdir /var/logs: permission denied
[33mWARN[0m[2026-08-26T03:17:37.5564+02:00] Not a valid Opa Pdp Message                  
Failed to write to log, can't make directories for new logfile: mkdir /var/logs: permission denied
[33mWARN[0m[2026-08-26T03:17:37.5566+02:00] Ignoring message with unexpected type:       
Failed to write to log, can't make directories for new logfile: mkdir /var/logs: permission denied
[33mWARN[0m[2026-08-26T03:17:37.5567+02:00] Not a valid Opa Pdp Message                  
Failed to write to log, can't make directories for new logfile: mkdir /var/logs: permission denied
[33mWARN[0m[2026-08-26T03:17:37.5568+02:00] Ignoring message with unexpected type:       
Failed to write to log, can't make directories for new logfile: mkdir /var/logs: permission denied
[33mWARN[0m[2026-08-26T03:17:37.5568+02:00] Not a valid Opa Pdp Message                  
Failed to write to log, can't make directories for new logfile: mkdir /var/logs: permission denied
[33mWARN[0m[2026-08-26T03:17:37.5572+02:00] Not a valid Opa Pdp Message                  
Failed to write to log, can't make directories for new logfile: mkdir /var/logs: permission denied
[33mWARN[0m[2026-08-26T03:17:37.5574+02:00] Not a valid Opa Pdp Message                  
Failed to write to log, can't make directories for new logfile: mkdir /var/logs: permission denied
[33mWARN[0m[2026-08-26T03:17:37.5570+02:00] Ignoring message with unexpected type:       
Failed to write to log, can't make directories for new logfile: mkdir /var/logs: permission denied
[33mWARN[0m[2026-08-26T03:17:37.5576+02:00] Not a valid Opa Pdp Message                  
Failed to write to log, can't make directories for new logfile: mkdir /var/logs: permission denied
[33mWARN[0m[2026-08-26T03:17:37.5583+02:00] Not a valid Opa Pdp Message                  
Failed to write to log, can't make directories for new logfile: mkdir /var/logs: permission denied
[33mWARN[0m[2026-08-26T03:17:37.5585+02:00] Not a valid Opa Pdp Message                  
Failed to write to log, can't make directories for new logfile: mkdir /var/logs: permission denied
[33mWARN[0m[2026-08-26T03:17:37.5588+02:00] Not a valid Opa Pdp Message                  
Failed to write to log, can't make directories for new logfile: mkdir /var/logs: permission denied
[33mWARN[0m[2026-08-26T03:17:37.5586+02:00] Ignoring message with unexpected type:       
Failed to write to log, can't make directories for new logfile: mkdir /var/logs: permission denied
[33mWARN[0m[2026-08-26T03:17:37.5590+02:00] Not a valid Opa Pdp Message                  
Failed to write to log, can't make directories for new logfile: mkdir /var/logs: permission denied
[33mWARN[0m[2026-08-26T03:17:37.5592+02:00] Ignoring message with unexpected type:       
Failed to write to log, can't make directories for new logfile: mkdir /var/logs: permission denied
[33mWARN[0m[2026-08-26T03:17:37.5593+02:00] Not a valid Opa Pdp Message                  
Failed to write to log, can't make directories for new logfile: mkdir /var/logs: permission denied
[33mWARN[0m[2026-08-26T03:17:37.5594+02:00] Ignoring message with unexpected type:       
Failed to write to log, can't make directories for new logfile: mkdir /var/logs: permission denied
[33mWARN[0m[2026-08-26T03:17:37.5595+02:00] Not a valid Opa Pdp Message                  
Failed to write to log, can't make directories for new logfile: mkdir /var/logs: permission denied
[33mWARN[0m[2026-08-26T03:17:37.5596+02:00] Ignoring message with unexpected type:       
Failed to write to log, can't make directories for new logfile: mkdir /var/logs: permission denied
[33mWARN[0m[2026-08-26T03:17:37.5597+02:00] Not a valid Opa Pdp Message                  
Failed to write to log, can't make directories for new logfile: mkdir /var/logs: permission denied
[33mWARN[0m[2026-08-26T03:17:37.5600+02:00] Not a valid Opa Pdp Message                  
Failed to write to log, can't make directories for new logfile: mkdir /var/logs: permission denied
[33mWARN[0m[2026-08-26T03:17:37.5602+02:00] Not a valid Opa Pdp Message                  
Failed to write to log, can't make directories for new logfile: mkdir /var/logs: permission denied
[33mWARN[0m[2026-08-26T03:17:37.5604+02:00] Not a valid Opa Pdp Message                  
Failed to write to log, can't make directories for new logfile: mkdir /var/logs: permission denied
[33mWARN[0m[2026-08-26T03:17:37.5606+02:00] Not a valid Opa Pdp Message                  
Failed to write to log, can't make directories for new logfile: mkdir /var/logs: permission denied
[33mWARN[0m[2026-08-26T03:17:37.5608+02:00] Not a valid Opa Pdp Message                  
Failed to write to log, can't make directories for new logfile: mkdir /var/logs: permission denied
[33mWARN[0m[2026-08-26T03:17:37.5610+02:00] Not a valid Opa Pdp Message                  
Failed to write to log, can't make directories for new logfile: mkdir /var/logs: permission denied
[33mWARN[0m[2026-08-26T03:17:37.5612+02:00] Not a valid Opa Pdp Message                  
Failed to write to log, can't make directories for new logfile: mkdir /var/logs: permission denied
[33mWARN[0m[2026-08-26T03:17:37.5614+02:00] Not a valid Opa Pdp Message                  
Failed to write to log, can't make directories for new logfile: mkdir /var/logs: permission denied
[33mWARN[0m[2026-08-26T03:17:37.5616+02:00] Not a valid Opa Pdp Message                  
Failed to write to log, can't make directories for new logfile: mkdir /var/logs: permission denied
[33mWARN[0m[2026-08-26T03:17:37.5598+02:00] Ignoring message with unexpected type:       
Failed to write to log, can't make directories for new logfile: mkdir /var/logs: permission denied
[33mWARN[0m[2026-08-26T03:17:37.5623+02:00] Ignoring message with unexpected type:       
Failed to write to log, can't make directories for new logfile: mkdir /var/logs: permission denied
[33mWARN[0m[2026-08-26T03:17:37.5620+02:00] Not a valid Opa Pdp Message                  
Failed to write to log, can't make directories for new logfile: mkdir /var/logs: permission denied
[33mWARN[0m[2026-08-26T03:17:37.5627+02:00] Not a valid Opa Pdp Message                  
Failed to write to log, can't make directories for new logfile: mkdir /var/logs: permission denied
[33mWARN[0m[2026-08-26T03:17:37.5630+02:00] Not a valid Opa Pdp Message                  
Failed to write to log, can't make directories for new logfile: mkdir /var/logs: permission denied
[33mWARN[0m[2026-08-26T03:17:37.5632+02:00] Not a valid Opa Pdp Message                  
Failed to write to log, can't make directories for new logfile: mkdir /var/logs: permission denied
[33mWARN[0m[2026-08-26T03:17:37.5634+02:00] Not a valid Opa Pdp Message                  
Failed to write to log, can't make directories for new logfile: mkdir /var/logs: permission denied
[33mWARN[0m[2026-08-26T03:17:37.5637+02:00] Not a valid Opa Pdp Message                  
Failed to write to log, can't make directories for new logfile: mkdir /var/logs: permission denied
[33mWARN[0m[2026-08-26T03:17:37.5639+02:00] Not a valid Opa Pdp Message                  
Failed to write to log, can't make directories for new logfile: mkdir /var/logs: permission denied
[33mWARN[0m[2026-08-26T03:17:37.5641+02:00] Not a valid Opa Pdp Message                  
Failed to write to log, can't make directories for new logfile: mkdir /var/logs: permission denied
[33mWARN[0m[2026-08-26T03:17:37.5644+02:00] Not a valid Opa Pdp Message                  
Failed to write to log, can't make directories for new logfile: mkdir /var/logs: permission denied
[33mWARN[0m[2026-08-26T03:17:37.5646+02:00] Not a valid Opa Pdp Message                  
Failed to write to log, can't make directories for new logfile: mkdir /var/logs: permission denied
[33mWARN[0m[2026-08-26T03:17:37.5648+02:00] Not a valid Opa Pdp Message                  
Failed to write to log, can't make directories for new logfile: mkdir /var/logs: permission denied
[33mWARN[0m[2026-08-26T03:17:37.5651+02:00] Not a valid Opa Pdp Message                  
Failed to write to log, can't make directories for new logfile: mkdir /var/logs: permission denied
[33mWARN[0m[2026-08-26T03:17:37.5653+02:00] Not a valid Opa Pdp Message                  
Failed to write to log, can't make directories for new logfile: mkdir /var/logs: permission denied
[33mWARN[0m[2026-08-26T03:17:37.5655+02:00] Not a valid Opa Pdp Message                  
Failed to write to log, can't make directories for new logfile: mkdir /var/logs: permission denied
[33mWARN[0m[2026-08-26T03:17:37.5657+02:00] Not a valid Opa Pdp Message                  
Failed to write to log, can't make directories for new logfile: mkdir /var/logs: permission denied
[33mWARN[0m[2026-08-26T03:17:37.5663+02:00] Not a valid Opa Pdp Message                  
Failed to write to log, can't make directories for new logfile: mkdir /var/logs: permission denied
[33mWARN[0m[2026-08-26T03:17:37.5626+02:00] Ignoring message with unexpected type:       
Failed to write to log, can't make directories for new logfile: mkdir /var/logs: permission denied
[33mWARN[0m[2026-08-26T03:17:37.5676+02:00] Not a valid Opa Pdp Message                  
Failed to write to log, can't make directories for new logfile: mkdir /var/logs: permission denied
[33mWARN[0m[2026-08-26T03:17:37.5678+02:00] Ignoring message with unexpected type:       
Failed to write to log, can't make directories for new logfile: mkdir /var/logs: permission denied
[33mWARN[0m[2026-08-26T03:17:37.5679+02:00] Not a valid Opa Pdp Message                  
Failed to write to log, can't make directories for new logfile: mkdir /var/logs: permission denied
[33mWARN[0m[2026-08-26T03:17:37.5681+02:00] Ignoring message with unexpected type:       
Failed to write to log, can't make directories for new logfile: mkdir /var/logs: permission denied
[33mWARN[0m[2026-08-26T03:17:37.5683+02:00] Not a valid Opa Pdp Message                  
Failed to write to log, can't make directories for new logfile: mkdir /var/logs: permission denied
[33mWARN[0m[2026-08-26T03:17:37.5684+02:00] Ignoring message with unexpected type:       
Failed to write to log, can't make directories for new logfile: mkdir /var/logs: permission denied
[33mWARN[0m[2026-08-26T03:17:37.5686+02:00] Not a valid Opa Pdp Message                  
Failed to write to log, can't make directories for new logfile: mkdir /var/logs: permission denied
[33mWARN[0m[2026-08-26T03:17:37.5687+02:00] Ignoring message with unexpected type:       
Failed to write to log, can't make directories for new logfile: mkdir /var/logs: permission denied
[33mWARN[0m[2026-08-26T03:17:37.5690+02:00] Ignoring message with unexpected type:       
Failed to write to log, can't make directories for new logfile: mkdir /var/logs: permission denied
[33mWARN[0m[2026-08-26T03:17:37.5688+02:00] Not a valid Opa Pdp Message                  
Failed to write to log, can't make directories for new logfile: mkdir /var/logs: permission denied
[33mWARN[0m[2026-08-26T03:17:37.5693+02:00] Ignoring message with unexpected type:       
Failed to write to log, can't make directories for new logfile: mkdir /var/logs: permission denied
[33mWARN[0m[2026-08-26T03:17:37.5701+02:00] Ignoring message with unexpected type:       
Failed to write to log, can't make directories for new logfile: mkdir /var/logs: permission denied
[33mWARN[0m[2026-08-26T03:17:37.5703+02:00] Not a valid Opa Pdp Message                  
Failed to write to log, can't make directories for new logfile: mkdir /var/logs: permission denied
[33mWARN[0m[2026-08-26T03:17:37.5704+02:00] Ignoring message with unexpected type:       
Failed to write to log, can't make directories for new logfile: mkdir /var/logs: permission denied
[33mWARN[0m[2026-08-26T03:17:37.5710+02:00] Ignoring message with unexpected type:       
Failed to write to log, can't make directories for new logfile: mkdir /var/logs: permission denied
[33mWARN[0m[2026-08-26T03:17:37.5713+02:00] Ignoring message with unexpected type:       
Failed to write to log, can't make directories for new logfile: mkdir /var/logs: permission denied
[33mWARN[0m[2026-08-26T03:17:37.5716+02:00] Ignoring message with unexpected type:       
Failed to write to log, can't make directories for new logfile: mkdir /var/logs: permission denied
[33mWARN[0m[2026-08-26T03:17:37.5717+02:00] Not a valid Opa Pdp Message                  
Failed to write to log, can't make directories for new logfile: mkdir /var/logs: permission denied
[33mWARN[0m[2026-08-26T03:17:37.5718+02:00] Ignoring message with unexpected type:       
Failed to write to log, can't make directories for new logfile: mkdir /var/logs: permission denied
[33mWARN[0m[2026-08-26T03:17:37.5723+02:00] Ignoring message with unexpected type:       
Failed to write to log, can't make directories for new logfile: mkdir /var/logs: permission denied
[33mWARN[0m[2026-08-26T03:17:37.5721+02:00] Not a valid Opa Pdp Message                  
Failed to write to log, can't make directories for new logfile: mkdir /var/logs: permission denied
[33mWARN[0m[2026-08-26T03:17:37.5726+02:00] Ignoring message with unexpected type:       
Failed to write to log, can't make directories for new logfile: mkdir /var/logs: permission denied
[33mWARN[0m[2026-08-26T03:17:37.5730+02:00] Not a valid Opa Pdp Message                  
Failed to write to log, can't make directories for new logfile: mkdir /var/logs: permission denied
[33mWARN[0m[2026-08-26T03:17:37.5731+02:00] Ignoring message with unexpected type:       
Failed to write to log, can't make directories for new logfile: mkdir /var/logs: permission denied
[33mWARN[0m[2026-08-26T03:17:37.5732+02:00] Not a valid Opa Pdp Message                  
Failed to write to log, can't make directories for new logfile: mkdir /var/logs: permission denied
[33mWARN[0m[2026-08-26T03:17:37.5733+02:00] Ignoring message with unexpected type:       
Failed to write to log, can't make directories for new logfile: mkdir /var/logs: permission denied
[33mWARN[0m[2026-08-26T03:17:37.5734+02:00] Not a valid Opa Pdp Message                  
Failed to write to log, can't make directories for new logfile: mkdir /var/logs: permission denied
[33mWARN[0m[2026-08-26T03:17:37.5735+02:00] Ignoring message with unexpected type:       
Failed to write to log, can't make directories for new logfile: mkdir /var/logs: permission denied
[33mWARN[0m[2026-08-26T03:17:37.5736+02:00] Not a valid Opa Pdp Message                  
Failed to write to log, can't make directories for new logfile: mkdir /var/logs: permission denied
[33mWARN[0m[2026-08-26T03:17:37.5738+02:00] Ignoring message with unexpected type:       
Failed to write to log, can't make directories for new logfile: mkdir /var/logs: permission denied
[33mWARN[0m[2026-08-26T03:17:37.5740+02:00] Ignoring message with unexpected type:       
Failed to write to log, can't make directories for new logfile: mkdir /var/logs: permission denied
[33mWARN[0m[2026-08-26T03:17:37.5742+02:00] Ignoring message with unexpected type:       
Failed to write to log, can't make directories for new logfile: mkdir /var/logs: permission denied
[33mWARN[0m[2026-08-26T03:17:37.5744+02:00] Ignoring message with unexpected type:       
Failed to write to log, can't make directories for new logfile: mkdir /var/logs: permission denied
[33mWARN[0m[2026-08-26T03:17:37.5747+02:00] Ignoring message with unexpected type:       
Failed to write to log, can't make directories for new logfile: mkdir /var/logs: permission denied
[33mWARN[0m[2026-08-26T03:17:37.5749+02:00] Ignoring message with unexpected type:       
Failed to write to log, can't make directories for new logfile: mkdir /var/logs: permission denied
[33mWARN[0m[2026-08-26T03:17:37.5739+02:00] Not a valid Opa Pdp Message                  
Failed to write to log, can't make directories for new logfile: mkdir /var/logs: permission denied
[33mWARN[0m[2026-08-26T03:17:37.5751+02:00] Ignoring message with unexpected type:       
Failed to write to log, can't make directories for new logfile: mkdir /var/logs: permission denied
[33mWARN[0m[2026-08-26T03:17:37.5753+02:00] Not a valid Opa Pdp Message                  
Failed to write to log, can't make directories for new logfile: mkdir /var/logs: permission denied
[33mWARN[0m[2026-08-26T03:17:37.5754+02:00] Ignoring message with unexpected type:       
Failed to write to log, can't make directories for new logfile: mkdir /var/logs: permission denied
[33mWARN[0m[2026-08-26T03:17:37.5757+02:00] Ignoring message with unexpected type:       
Failed to write to log, can't make directories for new logfile: mkdir /var/logs: permission denied
[33mWARN[0m[2026-08-26T03:17:37.5755+02:00] Not a valid Opa Pdp Message                  
Failed to write to log, can't make directories for new logfile: mkdir /var/logs: permission denied
[33mWARN[0m[2026-08-26T03:17:37.5761+02:00] Ignoring message with unexpected type:       
Failed to write to log, can't make directories for new logfile: mkdir /var/logs: permission denied
[33mWARN[0m[2026-08-26T03:17:37.5767+02:00] Ignoring message with unexpected type:       
Failed to write to log, can't make directories for new logfile: mkdir /var/logs: permission denied
[33mWARN[0m[2026-08-26T03:17:37.5765+02:00] Not a valid Opa Pdp Message                  
Failed to write to log, can't make directories for new logfile: mkdir /var/logs: permission denied
[33mWARN[0m[2026-08-26T03:17:37.5772+02:00] Ignoring message with unexpected type:       
Failed to write to log, can't make directories for new logfile: mkdir /var/logs: permission denied
[33mWARN[0m[2026-08-26T03:17:37.5774+02:00] Not a valid Opa Pdp Message                  
Failed to write to log, can't make directories for new logfile: mkdir /var/logs: permission denied
[33mWARN[0m[2026-08-26T03:17:37.5777+02:00] Ignoring message with unexpected type:       
Failed to write to log, can't make directories for new logfile: mkdir /var/logs: permission denied
[33mWARN[0m[2026-08-26T03:17:37.5781+02:00] Not a valid Opa Pdp Message                  
Failed to write to log, can't make directories for new logfile: mkdir /var/logs: permission denied
[33mWARN[0m[2026-08-26T03:17:37.5783+02:00] Ignoring message with unexpected type:       
Failed to write to log, can't make directories for new logfile: mkdir /var/logs: permission denied
[33mWARN[0m[2026-08-26T03:17:37.5784+02:00] Not a valid Opa Pdp Message                  
Failed to write to log, can't make directories for new logfile: mkdir /var/logs: permission denied
[33mWARN[0m[2026-08-26T03:17:37.5785+02:00] Ignoring message with unexpected type:       
Failed to write to log, can't make directories for new logfile: mkdir /var/logs: permission denied
[33mWARN[0m[2026-08-26T03:17:37.5788+02:00] Ignoring message with unexpected type:       
Failed to write to log, can't make directories for new logfile: mkdir /var/logs: permission denied
[33mWARN[0m[2026-08-26T03:17:37.5786+02:00] Not a valid Opa Pdp Message                  
Failed to write to log, can't make directories for new logfile: mkdir /var/logs: permission denied
[33mWARN[0m[2026-08-26T03:17:37.5790+02:00] Ignoring message with unexpected type:       
Failed to write to log, can't make directories for new logfile: mkdir /var/logs: permission denied
[33mWARN[0m[2026-08-26T03:17:37.5792+02:00] Not a valid Opa Pdp Message                  
Failed to write to log, can't make directories for new logfile: mkdir /var/logs: permission denied
[33mWARN[0m[2026-08-26T03:17:37.5793+02:00] Ignoring message with unexpected type:       
Failed to write to log, can't make directories for new logfile: mkdir /var/logs: permission denied
[33mWARN[0m[2026-08-26T03:17:37.5795+02:00] Not a valid Opa Pdp Message                  
Failed to write to log, can't make directories for new logfile: mkdir /var/logs: permission denied
[33mWARN[0m[2026-08-26T03:17:37.5796+02:00] Ignoring message with unexpected type:       
Failed to write to log, can't make directories for new logfile: mkdir /var/logs: permission denied
[33mWARN[0m[2026-08-26T03:17:37.5800+02:00] Ignoring message with unexpected type:       
Failed to write to log, can't make directories for new logfile: mkdir /var/logs: permission denied
[33mWARN[0m[2026-08-26T03:17:37.5802+02:00] Ignoring message with unexpected type:       
Failed to write to log, can't make directories for new logfile: mkdir /var/logs: permission denied
[33mWARN[0m[2026-08-26T03:17:37.5804+02:00] Ignoring message with unexpected type:       
Failed to write to log, can't make directories for new logfile: mkdir /var/logs: permission denied
[33mWARN[0m[2026-08-26T03:17:37.5806+02:00] Ignoring message with unexpected type:       
Failed to write to log, can't make directories for new logfile: mkdir /var/logs: permission denied
[33mWARN[0m[2026-08-26T03:17:37.5808+02:00] Ignoring message with unexpected type:       
Failed to write to log, can't make directories for new logfile: mkdir /var/logs: permission denied
[33mWARN[0m[2026-08-26T03:17:37.5810+02:00] Ignoring message with unexpected type:       
Failed to write to log, can't make directories for new logfile: mkdir /var/logs: permission denied
[33mWARN[0m[2026-08-26T03:17:37.5798+02:00] Not a valid Opa Pdp Message                  
Failed to write to log, can't make directories for new logfile: mkdir /var/logs: permission denied
[33mWARN[0m[2026-08-26T03:17:37.5813+02:00] Ignoring message with unexpected type:       
Failed to write to log, can't make directories for new logfile: mkdir /var/logs: permission denied
[33mWARN[0m[2026-08-26T03:17:37.5815+02:00] Not a valid Opa Pdp Message                  
Failed to write to log, can't make directories for new logfile: mkdir /var/logs: permission denied
[33mWARN[0m[2026-08-26T03:17:37.5817+02:00] Ignoring message with unexpected type:       
Failed to write to log, can't make directories for new logfile: mkdir /var/logs: permission denied
[33mWARN[0m[2026-08-26T03:17:37.5820+02:00] Ignoring message with unexpected type:       
Failed to write to log, can't make directories for new logfile: mkdir /var/logs: permission denied
[33mWARN[0m[2026-08-26T03:17:37.5818+02:00] Not a valid Opa Pdp Message                  
Failed to write to log, can't make directories for new logfile: mkdir /var/logs: permission denied
[33mWARN[0m[2026-08-26T03:17:37.5825+02:00] Ignoring message with unexpected type:       
Failed to write to log, can't make directories for new logfile: mkdir /var/logs: permission denied
[33mWARN[0m[2026-08-26T03:17:37.5831+02:00] Ignoring message with unexpected type:       
Failed to write to log, can't make directories for new logfile: mkdir /var/logs: permission denied
[33mWARN[0m[2026-08-26T03:17:37.5832+02:00] Not a valid Opa Pdp Message                  
Failed to write to log, can't make directories for new logfile: mkdir /var/logs: permission denied
[33mWARN[0m[2026-08-26T03:17:37.5835+02:00] Ignoring message with unexpected type:       
Failed to write to log, can't make directories for new logfile: mkdir /var/logs: permission denied
[33mWARN[0m[2026-08-26T03:17:37.5836+02:00] Not a valid Opa Pdp Message                  
Failed to write to log, can't make directories for new logfile: mkdir /var/logs: permission denied
[33mWARN[0m[2026-08-26T03:17:37.5837+02:00] Ignoring message with unexpected type:       
Failed to write to log, can't make directories for new logfile: mkdir /var/logs: permission denied
[33mWARN[0m[2026-08-26T03:17:37.5839+02:00] Not a valid Opa Pdp Message                  
Failed to write to log, can't make directories for new logfile: mkdir /var/logs: permission denied
[33mWARN[0m[2026-08-26T03:17:37.5840+02:00] Ignoring message with unexpected type:       
Failed to write to log, can't make directories for new logfile: mkdir /var/logs: permission denied
[33mWARN[0m[2026-08-26T03:17:37.5841+02:00] Not a valid Opa Pdp Message                  
Failed to write to log, can't make directories for new logfile: mkdir /var/logs: permission denied
[33mWARN[0m[2026-08-26T03:17:37.5842+02:00] Ignoring message with unexpected type:       
Failed to write to log, can't make directories for new logfile: mkdir /var/logs: permission denied
[33mWARN[0m[2026-08-26T03:17:37.5845+02:00] Ignoring message with unexpected type:       
Failed to write to log, can't make directories for new logfile: mkdir /var/logs: permission denied
[33mWARN[0m[2026-08-26T03:17:37.5848+02:00] Ignoring message with unexpected type:       
Failed to write to log, can't make directories for new logfile: mkdir /var/logs: permission denied
[33mWARN[0m[2026-08-26T03:17:37.5851+02:00] Ignoring message with unexpected type:       
Failed to write to log, can't make directories for new logfile: mkdir /var/logs: permission denied
[33mWARN[0m[2026-08-26T03:17:37.5854+02:00] Ignoring message with unexpected type:       
Failed to write to log, can't make directories for new logfile: mkdir /var/logs: permission denied
[33mWARN[0m[2026-08-26T03:17:37.5854+02:00] Not a valid Opa Pdp Message                  
Failed to write to log, can't make directories for new logfile: mkdir /var/logs: permission denied
[33mWARN[0m[2026-08-26T03:17:37.5856+02:00] Ignoring message with unexpected type:       
Failed to write to log, can't make directories for new logfile: mkdir /var/logs: permission denied
[33mWARN[0m[2026-08-26T03:17:37.5864+02:00] Not a valid Opa Pdp Message                  
Failed to write to log, can't make directories for new logfile: mkdir /var/logs: permission denied
[33mWARN[0m[2026-08-26T03:17:37.5864+02:00] Ignoring message with unexpected type:       
Failed to write to log, can't make directories for new logfile: mkdir /var/logs: permission denied
[33mWARN[0m[2026-08-26T03:17:37.5868+02:00] Not a valid Opa Pdp Message                  
Failed to write to log, can't make directories for new logfile: mkdir /var/logs: permission denied
[33mWARN[0m[2026-08-26T03:17:37.5870+02:00] Ignoring message with unexpected type:       
Failed to write to log, can't make directories for new logfile: mkdir /var/logs: permission denied
[33mWARN[0m[2026-08-26T03:17:37.5873+02:00] Ignoring message with unexpected type:       
Failed to write to log, can't make directories for new logfile: mkdir /var/logs: permission denied
[33mWARN[0m[2026-08-26T03:17:37.5870+02:00] Not a valid Opa Pdp Message                  
Failed to write to log, can't make directories for new logfile: mkdir /var/logs: permission denied
[33mWARN[0m[2026-08-26T03:17:37.5876+02:00] Ignoring message with unexpected type:       
Failed to write to log, can't make directories for new logfile: mkdir /var/logs: permission denied
[33mWARN[0m[2026-08-26T03:17:37.5883+02:00] Not a valid Opa Pdp Message                  
Failed to write to log, can't make directories for new logfile: mkdir /var/logs: permission denied
[33mWARN[0m[2026-08-26T03:17:37.5889+02:00] Not a valid Opa Pdp Message                  
Failed to write to log, can't make directories for new logfile: mkdir /var/logs: permission denied
[33mWARN[0m[2026-08-26T03:17:37.5891+02:00] Not a valid Opa Pdp Message                  
Failed to write to log, can't make directories for new logfile: mkdir /var/logs: permission denied
[33mWARN[0m[2026-08-26T03:17:37.5884+02:00] Ignoring message with unexpected type:       
Failed to write to log, can't make directories for new logfile: mkdir /var/logs: permission denied
[33mWARN[0m[2026-08-26T03:17:37.5899+02:00] Ignoring message with unexpected type:       
Failed to write to log, can't make directories for new logfile: mkdir /var/logs: permission denied
[33mWARN[0m[2026-08-26T03:17:37.5893+02:00] Not a valid Opa Pdp Message                  
Failed to write to log, can't make directories for new logfile: mkdir /var/logs: permission denied
[33mWARN[0m[2026-08-26T03:17:37.5921+02:00] Not a valid Opa Pdp Message                  
Failed to write to log, can't make directories for new logfile: mkdir /var/logs: permission denied
[33mWARN[0m[2026-08-26T03:17:37.5913+02:00] Ignoring message with unexpected type:       
Failed to write to log, can't make directories for new logfile: mkdir /var/logs: permission denied
[33mWARN[0m[2026-08-26T03:17:37.5928+02:00] Not a valid Opa Pdp Message                  
Failed to write to log, can't make directories for new logfile: mkdir /var/logs: permission denied
[33mWARN[0m[2026-08-26T03:17:37.5931+02:00] Ignoring message with unexpected type:       
Failed to write to log, can't make directories for new logfile: mkdir /var/logs: permission denied
[33mWARN[0m[2026-08-26T03:17:37.5932+02:00] Not a valid Opa Pdp Message                  
Failed to write to log, can't make directories for new logfile: mkdir /var/logs: permission denied
[33mWARN[0m[2026-08-26T03:17:37.5935+02:00] Ignoring message with unexpected type:       
Failed to write to log, can't make directories for new logfile: mkdir /var/logs: permission denied
[33mWARN[0m[2026-08-26T03:17:37.5935+02:00] Not a valid Opa Pdp Message                  
Failed to write to log, can't make directories for new logfile: mkdir /var/logs: permission denied
[33mWARN[0m[2026-08-26T03:17:37.5939+02:00] Ignoring message with unexpected type:       
Failed to write to log, can't make directories for new logfile: mkdir /var/logs: permission denied
[33mWARN[0m[2026-08-26T03:17:37.5939+02:00] Not a valid Opa Pdp Message                  
Failed to write to log, can't make directories for new logfile: mkdir /var/logs: permission denied
[33mWARN[0m[2026-08-26T03:17:37.5944+02:00] Not a valid Opa Pdp Message                  
Failed to write to log, can't make directories for new logfile: mkdir /var/logs: permission denied
[33mWARN[0m[2026-08-26T03:17:37.5946+02:00] Not a valid Opa Pdp Message                  
Failed to write to log, can't make directories for new logfile: mkdir /var/logs: permission denied
[33mWARN[0m[2026-08-26T03:17:37.5947+02:00] Not a valid Opa Pdp Message                  
Failed to write to log, can't make directories for new logfile: mkdir /var/logs: permission denied
[33mWARN[0m[2026-08-26T03:17:37.5951+02:00] Not a valid Opa Pdp Message                  
Failed to write to log, can't make directories for new logfile: mkdir /var/logs: permission denied
[33mWARN[0m[2026-08-26T03:17:37.5952+02:00] Not a valid Opa Pdp Message                  
Failed to write to log, can't make directories for new logfile: mkdir /var/logs: permission denied
[33mWARN[0m[2026-08-26T03:17:37.5954+02:00] Not a valid Opa Pdp Message                  
Failed to write to log, can't make directories for new logfile: mkdir /var/logs: permission denied
[33mWARN[0m[2026-08-26T03:17:37.5956+02:00] Ignoring message with unexpected type:       
Failed to write to log, can't make directories for new logfile: mkdir /var/logs: permission denied
[33mWARN[0m[2026-08-26T03:17:37.5956+02:00] Not a valid Opa Pdp Message                  
Failed to write to log, can't make directories for new logfile: mkdir /var/logs: permission denied
[33mWARN[0m[2026-08-26T03:17:37.5964+02:00] Not a valid Opa Pdp Message                  
Failed to write to log, can't make directories for new logfile: mkdir /var/logs: permission denied
[33mWARN[0m[2026-08-26T03:17:37.5966+02:00] Not a valid Opa Pdp Message                  
Failed to write to log, can't make directories for new logfile: mkdir /var/logs: permission denied
[33mWARN[0m[2026-08-26T03:17:37.5968+02:00] Not a valid Opa Pdp Message                  
Failed to write to log, can't make directories for new logfile: mkdir /var/logs: permission denied
[33mWARN[0m[2026-08-26T03:17:37.5969+02:00] Not a valid Opa Pdp Message                  
Failed to write to log, can't make directories for new logfile: mkdir /var/logs: permission denied
[33mWARN[0m[2026-08-26T03:17:37.5971+02:00] Not a valid Opa Pdp Message                  
Failed to write to log, can't make directories for new logfile: mkdir /var/logs: permission denied
[33mWARN[0m[2026-08-26T03:17:37.5973+02:00] Ignoring message with unexpected type:       
Failed to write to log, can't make directories for new logfile: mkdir /var/logs: permission denied
[33mWARN[0m[2026-08-26T03:17:37.5974+02:00] Not a valid Opa Pdp Message                  
Failed to write to log, can't make directories for new logfile: mkdir /var/logs: permission denied
[33mWARN[0m[2026-08-26T03:17:37.5977+02:00] Ignoring message with unexpected type:       
Failed to write to log, can't make directories for new logfile: mkdir /var/logs: permission denied
[33mWARN[0m[2026-08-26T03:17:37.5978+02:00] Not a valid Opa Pdp Message                  
Failed to write to log, can't make directories for new logfile: mkdir /var/logs: permission denied
[33mWARN[0m[2026-08-26T03:17:37.5979+02:00] Ignoring message with unexpected type:       
Failed to write to log, can't make directories for new logfile: mkdir /var/logs: permission denied
[33mWARN[0m[2026-08-26T03:17:37.5981+02:00] Not a valid Opa Pdp Message                  
Failed to write to log, can't make directories for new logfile: mkdir /var/logs: permission denied
[33mWARN[0m[2026-08-26T03:17:37.5984+02:00] Ignoring message with unexpected type:       
Failed to write to log, can't make directories for new logfile: mkdir /var/logs: permission denied
[33mWARN[0m[2026-08-26T03:17:37.5984+02:00] Not a valid Opa Pdp Message                  
Failed to write to log, can't make directories for new logfile: mkdir /var/logs: permission denied
[33mWARN[0m[2026-08-26T03:17:37.5986+02:00] Ignoring message with unexpected type:       
Failed to write to log, can't make directories for new logfile: mkdir /var/logs: permission denied
[33mWARN[0m[2026-08-26T03:17:37.5987+02:00] Not a valid Opa Pdp Message                  
Failed to write to log, can't make directories for new logfile: mkdir /var/logs: permission denied
[33mWARN[0m[2026-08-26T03:17:37.5989+02:00] Ignoring message with unexpected type:       
Failed to write to log, can't make directories for new logfile: mkdir /var/logs: permission denied
[33mWARN[0m[2026-08-26T03:17:37.5990+02:00] Not a valid Opa Pdp Message                  
Failed to write to log, can't make directories for new logfile: mkdir /var/logs: permission denied
[33mWARN[0m[2026-08-26T03:17:37.5993+02:00] Not a valid Opa Pdp Message                  
Failed to write to log, can't make directories for new logfile: mkdir /var/logs: permission denied
[33mWARN[0m[2026-08-26T03:17:37.5996+02:00] Not a valid Opa Pdp Message                  
Failed to write to log, can't make directories for new logfile: mkdir /var/logs: permission denied
[33mWARN[0m[2026-08-26T03:17:37.6000+02:00] Not a valid Opa Pdp Message                  
Failed to write to log, can't make directories for new logfile: mkdir /var/logs: permission denied
[33mWARN[0m[2026-08-26T03:17:37.6004+02:00] Not a valid Opa Pdp Message                  
Failed to write to log, can't make directories for new logfile: mkdir /var/logs: permission denied
[33mWARN[0m[2026-08-26T03:17:37.5991+02:00] Ignoring message with unexpected type:       
Failed to write to log, can't make directories for new logfile: mkdir /var/logs: permission denied
[33mWARN[0m[2026-08-26T03:17:37.6009+02:00] Ignoring message with unexpected type:       
Failed to write to log, can't make directories for new logfile: mkdir /var/logs: permission denied
[33mWARN[0m[2026-08-26T03:17:37.6011+02:00] Not a valid Opa Pdp Message                  
Failed to write to log, can't make directories for new logfile: mkdir /var/logs: permission denied
[33mWARN[0m[2026-08-26T03:17:37.6013+02:00] Ignoring message with unexpected type:       
Failed to write to log, can't make directories for new logfile: mkdir /var/logs: permission denied
[33mWARN[0m[2026-08-26T03:17:37.6015+02:00] Not a valid Opa Pdp Message                  
Failed to write to log, can't make directories for new logfile: mkdir /var/logs: permission denied
[33mWARN[0m[2026-08-26T03:17:37.6017+02:00] Not a valid Opa Pdp Message                  
Failed to write to log, can't make directories for new logfile: mkdir /var/logs: permission denied
[33mWARN[0m[2026-08-26T03:17:37.6016+02:00] Ignoring message with unexpected type:       
Failed to write to log, can't make directories for new logfile: mkdir /var/logs: permission denied
[33mWARN[0m[2026-08-26T03:17:37.6019+02:00] Not a valid Opa Pdp Message                  
Failed to write to log, can't make directories for new logfile: mkdir /var/logs: permission denied
[33mWARN[0m[2026-08-26T03:17:37.6020+02:00] Ignoring message with unexpected type:       
Failed to write to log, can't make directories for new logfile: mkdir /var/logs: permission denied
[33mWARN[0m[2026-08-26T03:17:37.6023+02:00] Ignoring message with unexpected type:       
Failed to write to log, can't make directories for new logfile: mkdir /var/logs: permission denied
[33mWARN[0m[2026-08-26T03:17:37.6020+02:00] Not a valid Opa Pdp Message                  
Failed to write to log, can't make directories for new logfile: mkdir /var/logs: permission denied
[33mWARN[0m[2026-08-26T03:17:37.6027+02:00] Ignoring message with unexpected type:       
Failed to write to log, can't make directories for new logfile: mkdir /var/logs: permission denied
[33mWARN[0m[2026-08-26T03:17:37.6034+02:00] Not a valid Opa Pdp Message                  
Failed to write to log, can't make directories for new logfile: mkdir /var/logs: permission denied
[33mWARN[0m[2026-08-26T03:17:37.6034+02:00] Ignoring message with unexpected type:       
Failed to write to log, can't make directories for new logfile: mkdir /var/logs: permission denied
[33mWARN[0m[2026-08-26T03:17:37.6038+02:00] Not a valid Opa Pdp Message                  
Failed to write to log, can't make directories for new logfile: mkdir /var/logs: permission denied
[33mWARN[0m[2026-08-26T03:17:37.6045+02:00] Not a valid Opa Pdp Message                  
Failed to write to log, can't make directories for new logfile: mkdir /var/logs: permission denied
[33mWARN[0m[2026-08-26T03:17:37.6047+02:00] Not a valid Opa Pdp Message                  
Failed to write to log, can't make directories for new logfile: mkdir /var/logs: permission denied
[33mWARN[0m[2026-08-26T03:17:37.6050+02:00] Not a valid Opa Pdp Message                  
Failed to write to log, can't make directories for new logfile: mkdir /var/logs: permission denied
[33mWARN[0m[2026-08-26T03:17:37.6052+02:00] Not a valid Opa Pdp Message                  
Failed to write to log, can't make directories for new logfile: mkdir /var/logs: permission denied
[33mWARN[0m[2026-08-26T03:17:37.6054+02:00] Not a valid Opa Pdp Message                  
Failed to write to log, can't make directories for new logfile: mkdir /var/logs: permission denied
[33mWARN[0m[2026-08-26T03:17:37.6056+02:00] Not a valid Opa Pdp Message                  
Failed to write to log, can't make directories for new logfile: mkdir /var/logs: permission denied
[33mWARN[0m[2026-08-26T03:17:37.6058+02:00] Not a valid Opa Pdp Message                  
Failed to write to log, can't make directories for new logfile: mkdir /var/logs: permission denied
[33mWARN[0m[2026-08-26T03:17:37.6060+02:00] Not a valid Opa Pdp Message                  
Failed to write to log, can't make directories for new logfile: mkdir /var/logs: permission denied
[33mWARN[0m[2026-08-26T03:17:37.6061+02:00] Not a valid Opa Pdp Message                  
Failed to write to log, can't make directories for new logfile: mkdir /var/logs: permission denied
[33mWARN[0m[2026-08-26T03:17:37.6042+02:00] Ignoring message with unexpected type:       
Failed to write to log, can't make directories for new logfile: mkdir /var/logs: permission denied
[33mWARN[0m[2026-08-26T03:17:37.6066+02:00] Ignoring message with unexpected type:       
Failed to write to log, can't make directories for new logfile: mkdir /var/logs: permission denied
[33mWARN[0m[2026-08-26T03:17:37.6068+02:00] Ignoring message with unexpected type:       
Failed to write to log, can't make directories for new logfile: mkdir /var/logs: permission denied
[33mWARN[0m[2026-08-26T03:17:37.6071+02:00] Ignoring message with unexpected type:       
Failed to write to log, can't make directories for new logfile: mkdir /var/logs: permission denied
[33mWARN[0m[2026-08-26T03:17:37.6074+02:00] Ignoring message with unexpected type:       
Failed to write to log, can't make directories for new logfile: mkdir /var/logs: permission denied
[33mWARN[0m[2026-08-26T03:17:37.6076+02:00] Ignoring message with unexpected type:       
Failed to write to log, can't make directories for new logfile: mkdir /var/logs: permission denied
[33mWARN[0m[2026-08-26T03:17:37.6083+02:00] Not a valid Opa Pdp Message                  
Failed to write to log, can't make directories for new logfile: mkdir /var/logs: permission denied
[33mWARN[0m[2026-08-26T03:17:37.6085+02:00] Not a valid Opa Pdp Message                  
Failed to write to log, can't make directories for new logfile: mkdir /var/logs: permission denied
[33mWARN[0m[2026-08-26T03:17:37.6087+02:00] Not a valid Opa Pdp Message                  
Failed to write to log, can't make directories for new logfile: mkdir /var/logs: permission denied
[33mWARN[0m[2026-08-26T03:17:37.6089+02:00] Not a valid Opa Pdp Message                  
Failed to write to log, can't make directories for new logfile: mkdir /var/logs: permission denied
[33mWARN[0m[2026-08-26T03:17:37.6091+02:00] Not a valid Opa Pdp Message                  
Failed to write to log, can't make directories for new logfile: mkdir /var/logs: permission denied
[33mWARN[0m[2026-08-26T03:17:37.6094+02:00] Not a valid Opa Pdp Message                  
Failed to write to log, can't make directories for new logfile: mkdir /var/logs: permission denied
[33mWARN[0m[2026-08-26T03:17:37.6096+02:00] Not a valid Opa Pdp Message                  
Failed to write to log, can't make directories for new logfile: mkdir /var/logs: permission denied
[33mWARN[0m[2026-08-26T03:17:37.6097+02:00] Not a valid Opa Pdp Message                  
Failed to write to log, can't make directories for new logfile: mkdir /var/logs: permission denied
[33mWARN[0m[2026-08-26T03:17:37.6100+02:00] Not a valid Opa Pdp Message                  
Failed to write to log, can't make directories for new logfile: mkdir /var/logs: permission denied
[33mWARN[0m[2026-08-26T03:17:37.6102+02:00] Not a valid Opa Pdp Message                  
Failed to write to log, can't make directories for new logfile: mkdir /var/logs: permission denied
[33mWARN[0m[2026-08-26T03:17:37.6105+02:00] Ignoring message with unexpected type:       
Failed to write to log, can't make directories for new logfile: mkdir /var/logs: permission denied
[33mWARN[0m[2026-08-26T03:17:37.6108+02:00] Ignoring message with unexpected type:       
Failed to write to log, can't make directories for new logfile: mkdir /var/logs: permission denied
[33mWARN[0m[2026-08-26T03:17:37.6110+02:00] Ignoring message with unexpected type:       
Failed to write to log, can't make directories for new logfile: mkdir /var/logs: permission denied
[33mWARN[0m[2026-08-26T03:17:37.6113+02:00] Ignoring message with unexpected type:       
Failed to write to log, can't make directories for new logfile: mkdir /var/logs: permission denied
[33mWARN[0m[2026-08-26T03:17:37.6115+02:00] Ignoring message with unexpected type:       
Failed to write to log, can't make directories for new logfile: mkdir /var/logs: permission denied
[33mWARN[0m[2026-08-26T03:17:37.6118+02:00] Ignoring message with unexpected type:       
Failed to write to log, can't make directories for new logfile: mkdir /var/logs: permission denied
[33mWARN[0m[2026-08-26T03:17:37.6120+02:00] Ignoring message with unexpected type:       
Failed to write to log, can't make directories for new logfile: mkdir /var/logs: permission denied
[33mWARN[0m[2026-08-26T03:17:37.6123+02:00] Ignoring message with unexpected type:       
Failed to write to log, can't make directories for new logfile: mkdir /var/logs: permission denied
[33mWARN[0m[2026-08-26T03:17:37.6125+02:00] Ignoring message with unexpected type:       
Failed to write to log, can't make directories for new logfile: mkdir /var/logs: permission denied
[33mWARN[0m[2026-08-26T03:17:37.6127+02:00] Ignoring message with unexpected type:       
Failed to write to log, can't make directories for new logfile: mkdir /var/logs: permission denied
[33mWARN[0m[2026-08-26T03:17:37.6130+02:00] Ignoring message with unexpected type:       
Failed to write to log, can't make directories for new logfile: mkdir /var/logs: permission denied
[33mWARN[0m[2026-08-26T03:17:37.6133+02:00] Ignoring message with unexpected type:       
Failed to write to log, can't make directories for new logfile: mkdir /var/logs: permission denied
[33mWARN[0m[2026-08-26T03:17:37.6136+02:00] Ignoring message with unexpected type:       
Failed to write to log, can't make directories for new logfile: mkdir /var/logs: permission denied
[33mWARN[0m[2026-08-26T03:17:37.6138+02:00] Ignoring message with unexpected type:       
Failed to write to log, can't make directories for new logfile: mkdir /var/logs: permission denied
[33mWARN[0m[2026-08-26T03:17:37.6140+02:00] Ignoring message with unexpected type:       
Failed to write to log, can't make directories for new logfile: mkdir /var/logs: permission denied
[33mWARN[0m[2026-08-26T03:17:37.6144+02:00] Not a valid Opa Pdp Message                  
Failed to write to log, can't make directories for new logfile: mkdir /var/logs: permission denied
[33mWARN[0m[2026-08-26T03:17:37.6146+02:00] Not a valid Opa Pdp Message                  
Failed to write to log, can't make directories for new logfile: mkdir /var/logs: permission denied
[33mWARN[0m[2026-08-26T03:17:37.6148+02:00] Not a valid Opa Pdp Message                  
Failed to write to log, can't make directories for new logfile: mkdir /var/logs: permission denied
[33mWARN[0m[2026-08-26T03:17:37.6150+02:00] Not a valid Opa Pdp Message                  
Failed to write to log, can't make directories for new logfile: mkdir /var/logs: permission denied
[33mWARN[0m[2026-08-26T03:17:37.6153+02:00] Not a valid Opa Pdp Message                  
Failed to write to log, can't make directories for new logfile: mkdir /var/logs: permission denied
[33mWARN[0m[2026-08-26T03:17:37.6155+02:00] Not a valid Opa Pdp Message                  
Failed to write to log, can't make directories for new logfile: mkdir /var/logs: permission denied
[33mWARN[0m[2026-08-26T03:17:37.6156+02:00] Not a valid Opa Pdp Message                  
Failed to write to log, can't make directories for new logfile: mkdir /var/logs: permission denied
[33mWARN[0m[2026-08-26T03:17:37.6158+02:00] Not a valid Opa Pdp Message                  
Failed to write to log, can't make directories for new logfile: mkdir /var/logs: permission denied
[33mWARN[0m[2026-08-26T03:17:37.6160+02:00] Not a valid Opa Pdp Message                  
Failed to write to log, can't make directories for new logfile: mkdir /var/logs: permission denied
[33mWARN[0m[2026-08-26T03:17:37.6162+02:00] Not a valid Opa Pdp Message                  
Failed to write to log, can't make directories for new logfile: mkdir /var/logs: permission denied
[33mWARN[0m[2026-08-26T03:17:37.6163+02:00] Ignoring message with unexpected type:       
Failed to write to log, can't make directories for new logfile: mkdir /var/logs: permission denied
[33mWARN[0m[2026-08-26T03:17:37.6167+02:00] Ignoring message with unexpected type:       
Failed to write to log, can't make directories for new logfile: mkdir /var/logs: permission denied
[33mWARN[0m[2026-08-26T03:17:37.6169+02:00] Ignoring message with unexpected type:       
Failed to write to log, can't make directories for new logfile: mkdir /var/logs: permission denied
[33mWARN[0m[2026-08-26T03:17:37.6172+02:00] Ignoring message with unexpected type:       
Failed to write to log, can't make directories for new logfile: mkdir /var/logs: permission denied
[33mWARN[0m[2026-08-26T03:17:37.6176+02:00] Not a valid Opa Pdp Message                  
Failed to write to log, can't make directories for new logfile: mkdir /var/logs: permission denied
[33mWARN[0m[2026-08-26T03:17:37.6178+02:00] Not a valid Opa Pdp Message                  
Failed to write to log, can't make directories for new logfile: mkdir /var/logs: permission denied
[33mWARN[0m[2026-08-26T03:17:37.6181+02:00] Not a valid Opa Pdp Message                  
Failed to write to log, can't make directories for new logfile: mkdir /var/logs: permission denied
[33mWARN[0m[2026-08-26T03:17:37.6183+02:00] Not a valid Opa Pdp Message                  
Failed to write to log, can't make directories for new logfile: mkdir /var/logs: permission denied
[33mWARN[0m[2026-08-26T03:17:37.6186+02:00] Not a valid Opa Pdp Message                  
Failed to write to log, can't make directories for new logfile: mkdir /var/logs: permission denied
[33mWARN[0m[2026-08-26T03:17:37.6188+02:00] Not a valid Opa Pdp Message                  
Failed to write to log, can't make directories for new logfile: mkdir /var/logs: permission denied
[33mWARN[0m[2026-08-26T03:17:37.6190+02:00] Not a valid Opa Pdp Message                  
Failed to write to log, can't make directories for new logfile: mkdir /var/logs: permission denied
[33mWARN[0m[2026-08-26T03:17:37.6192+02:00] Not a valid Opa Pdp Message                  
Failed to write to log, can't make directories for new logfile: mkdir /var/logs: permission denied
[33mWARN[0m[2026-08-26T03:17:37.6195+02:00] Not a valid Opa Pdp Message                  
Failed to write to log, can't make directories for new logfile: mkdir /var/logs: permission denied
[33mWARN[0m[2026-08-26T03:17:37.6197+02:00] Not a valid Opa Pdp Message                  
Failed to write to log, can't make directories for new logfile: mkdir /var/logs: permission denied
[33mWARN[0m[2026-08-26T03:17:37.6198+02:00] Not a valid Opa Pdp Message                  
Failed to write to log, can't make directories for new logfile: mkdir /var/logs: permission denied
[33mWARN[0m[2026-08-26T03:17:37.6200+02:00] Not a valid Opa Pdp Message                  
Failed to write to log, can't make directories for new logfile: mkdir /var/logs: permission denied
[33mWARN[0m[2026-08-26T03:17:37.6203+02:00] Ignoring message with unexpected type:       
Failed to write to log, can't make directories for new logfile: mkdir /var/logs: permission denied
[33mWARN[0m[2026-08-26T03:17:37.6206+02:00] Ignoring message with unexpected type:       
Failed to write to log, can't make directories for new logfile: mkdir /var/logs: permission denied
[33mWARN[0m[2026-08-26T03:17:37.6208+02:00] Ignoring message with unexpected type:       
Failed to write to log, can't make directories for new logfile: mkdir /var/logs: permission denied
[33mWARN[0m[2026-08-26T03:17:37.6210+02:00] Ignoring message with unexpected type:       
Failed to write to log, can't make directories for new logfile: mkdir /var/logs: permission denied
[33mWARN[0m[2026-08-26T03:17:37.6213+02:00] Ignoring message with unexpected type:       
Failed to write to log, can't make directories for new logfile: mkdir /var/logs: permission denied
[33mWARN[0m[2026-08-26T03:17:37.6216+02:00] Ignoring message with unexpected type:       
Failed to write to log, can't make directories for new logfile: mkdir /var/logs: permission denied
[33mWARN[0m[2026-08-26T03:17:37.6218+02:00] Ignoring message with unexpected type:       
Failed to write to log, can't make directories for new logfile: mkdir /var/logs: permission denied
[33mWARN[0m[2026-08-26T03:17:37.6221+02:00] Ignoring message with unexpected type:       
Failed to write to log, can't make directories for new logfile: mkdir /var/logs: permission denied
[33mWARN[0m[2026-08-26T03:17:37.6224+02:00] Ignoring message with unexpected type:       
Failed to write to log, can't make directories for new logfile: mkdir /var/logs: permission denied
[33mWARN[0m[2026-08-26T03:17:37.6226+02:00] Ignoring message with unexpected type:       
Failed to write to log, can't make directories for new logfile: mkdir /var/logs: permission denied
[33mWARN[0m[2026-08-26T03:17:37.6229+02:00] Ignoring message with unexpected type:       
Failed to write to log, can't make directories for new logfile: mkdir /var/logs: permission denied
[33mWARN[0m[2026-08-26T03:17:37.6231+02:00] Ignoring message with unexpected type:       
Failed to write to log, can't make directories for new logfile: mkdir /var/logs: permission denied
[33mWARN[0m[2026-08-26T03:17:37.6233+02:00] Not a valid Opa Pdp Message                  
Failed to write to log, can't make directories for new logfile: mkdir /var/logs: permission denied
[33mWARN[0m[2026-08-26T03:17:37.6235+02:00] Not a valid Opa Pdp Message                  
Failed to write to log, can't make directories for new logfile: mkdir /var/logs: permission denied
[33mWARN[0m[2026-08-26T03:17:37.6237+02:00] Not a valid Opa Pdp Message                  
Failed to write to log, can't make directories for new logfile: mkdir /var/logs: permission denied
[33mWARN[0m[2026-08-26T03:17:37.6240+02:00] Not a valid Opa Pdp Message                  
Failed to write to log, can't make directories for new logfile: mkdir /var/logs: permission denied
[33mWARN[0m[2026-08-26T03:17:37.6242+02:00] Not a valid Opa Pdp Message                  
Failed to write to log, can't make directories for new logfile: mkdir /var/logs: permission denied
[33mWARN[0m[2026-08-26T03:17:37.6244+02:00] Not a valid Opa Pdp Message                  
Failed to write to log, can't make directories for new logfile: mkdir /var/logs: permission denied
[33mWARN[0m[2026-08-26T03:17:37.6246+02:00] Not a valid Opa Pdp Message                  
Failed to write to log, can't make directories for new logfile: mkdir /var/logs: permission denied
[33mWARN[0m[2026-08-26T03:17:37.6248+02:00] Not a valid Opa Pdp Message                  
Failed to write to log, can't make directories for new logfile: mkdir /var/logs: permission denied
[33mWARN[0m[2026-08-26T03:17:37.6250+02:00] Not a valid Opa Pdp Message                  
Failed to write to log, can't make directories for new logfile: mkdir /var/logs: permission denied
[33mWARN[0m[2026-08-26T03:17:37.6252+02:00] Not a valid Opa Pdp Message                  
Failed to write to log, can't make directories for new logfile: mkdir /var/logs: permission denied
[33mWARN[0m[2026-08-26T03:17:37.6254+02:00] Ignoring message with unexpected type:       
Failed to write to log, can't make directories for new logfile: mkdir /var/logs: permission denied
[33mWARN[0m[2026-08-26T03:17:37.6258+02:00] Ignoring message with unexpected type:       
Failed to write to log, can't make directories for new logfile: mkdir /var/logs: permission denied
[33mWARN[0m[2026-08-26T03:17:37.6261+02:00] Ignoring message with unexpected type:       
Failed to write to log, can't make directories for new logfile: mkdir /var/logs: permission denied
[33mWARN[0m[2026-08-26T03:17:37.6264+02:00] Ignoring message with unexpected type:       
Failed to write to log, can't make directories for new logfile: mkdir /var/logs: permission denied
[33mWARN[0m[2026-08-26T03:17:37.6267+02:00] Ignoring message with unexpected type:       
Failed to write to log, can't make directories for new logfile: mkdir /var/logs: permission denied
[33mWARN[0m[2026-08-26T03:17:37.6269+02:00] Ignoring message with unexpected type:       
Failed to write to log, can't make directories for new logfile: mkdir /var/logs: permission denied
[33mWARN[0m[2026-08-26T03:17:37.6272+02:00] Ignoring message with unexpected type:       
Failed to write to log, can't make directories for new logfile: mkdir /var/logs: permission denied
[33mWARN[0m[2026-08-26T03:17:37.6273+02:00] Not a valid Opa Pdp Message                  
Failed to write to log, can't make directories for new logfile: mkdir /var/logs: permission denied
[33mWARN[0m[2026-08-26T03:17:37.6279+02:00] Not a valid Opa Pdp Message                  
Failed to write to log, can't make directories for new logfile: mkdir /var/logs: permission denied
[33mWARN[0m[2026-08-26T03:17:37.6286+02:00] Ignoring message with unexpected type:       
Failed to write to log, can't make directories for new logfile: mkdir /var/logs: permission denied
[33mWARN[0m[2026-08-26T03:17:37.6289+02:00] Ignoring message with unexpected type:       
Failed to write to log, can't make directories for new logfile: mkdir /var/logs: permission denied
[33mWARN[0m[2026-08-26T03:17:37.6292+02:00] Ignoring message with unexpected type:       
Failed to write to log, can't make directories for new logfile: mkdir /var/logs: permission denied
[33mWARN[0m[2026-08-26T03:17:37.6295+02:00] Ignoring message with unexpected type:       
Failed to write to log, can't make directories for new logfile: mkdir /var/logs: permission denied
[33mWARN[0m[2026-08-26T03:17:37.6297+02:00] Ignoring message with unexpected type:       
Failed to write to log, can't make directories for new logfile: mkdir /var/logs: permission denied
[33mWARN[0m[2026-08-26T03:17:37.6300+02:00] Ignoring message with unexpected type:       
Failed to write to log, can't make directories for new logfile: mkdir /var/logs: permission denied
[33mWARN[0m[2026-08-26T03:17:37.6305+02:00] Not a valid Opa Pdp Message                  
Failed to write to log, can't make directories for new logfile: mkdir /var/logs: permission denied
[33mWARN[0m[2026-08-26T03:17:37.6308+02:00] Not a valid Opa Pdp Message                  
Failed to write to log, can't make directories for new logfile: mkdir /var/logs: permission denied
[33mWARN[0m[2026-08-26T03:17:37.6311+02:00] Not a valid Opa Pdp Message                  
Failed to write to log, can't make directories for new logfile: mkdir /var/logs: permission denied
[33mWARN[0m[2026-08-26T03:17:37.6313+02:00] Not a valid Opa Pdp Message                  
Failed to write to log, can't make directories for new logfile: mkdir /var/logs: permission denied
[33mWARN[0m[2026-08-26T03:17:37.6315+02:00] Not a valid Opa Pdp Message                  
Failed to write to log, can't make directories for new logfile: mkdir /var/logs: permission denied
[33mWARN[0m[2026-08-26T03:17:37.6317+02:00] Not a valid Opa Pdp Message                  
Failed to write to log, can't make directories for new logfile: mkdir /var/logs: permission denied
[33mWARN[0m[2026-08-26T03:17:37.6320+02:00] Not a valid Opa Pdp Message                  
Failed to write to log, can't make directories for new logfile: mkdir /var/logs: permission denied
[33mWARN[0m[2026-08-26T03:17:37.6322+02:00] Not a valid Opa Pdp Message                  
Failed to write to log, can't make directories for new logfile: mkdir /var/logs: permission denied
[33mWARN[0m[2026-08-26T03:17:37.6345+02:00] Not a valid Opa Pdp Message                  
Failed to write to log, can't make directories for new logfile: mkdir /var/logs: permission denied
[33mWARN[0m[2026-08-26T03:17:37.6347+02:00] Not a valid Opa Pdp Message                  
Failed to write to log, can't make directories for new logfile: mkdir /var/logs: permission denied
[33mWARN[0m[2026-08-26T03:17:37.6349+02:00] Not a valid Opa Pdp Message                  
Failed to write to log, can't make directories for new logfile: mkdir /var/logs: permission denied
[33mWARN[0m[2026-08-26T03:17:37.6352+02:00] Not a valid Opa Pdp Message                  
Failed to write to log, can't make directories for new logfile: mkdir /var/logs: permission denied
[33mWARN[0m[2026-08-26T03:17:37.6325+02:00] Ignoring message with unexpected type:       
Failed to write to log, can't make directories for new logfile: mkdir /var/logs: permission denied
[33mWARN[0m[2026-08-26T03:17:37.6363+02:00] Ignoring message with unexpected type:       
Failed to write to log, can't make directories for new logfile: mkdir /var/logs: permission denied
[33mWARN[0m[2026-08-26T03:17:37.6366+02:00] Ignoring message with unexpected type:       
Failed to write to log, can't make directories for new logfile: mkdir /var/logs: permission denied
[33mWARN[0m[2026-08-26T03:17:37.6369+02:00] Ignoring message with unexpected type:       
Failed to write to log, can't make directories for new logfile: mkdir /var/logs: permission denied
[33mWARN[0m[2026-08-26T03:17:37.6371+02:00] Ignoring message with unexpected type:       
Failed to write to log, can't make directories for new logfile: mkdir /var/logs: permission denied
[33mWARN[0m[2026-08-26T03:17:37.6376+02:00] Not a valid Opa Pdp Message                  
Failed to write to log, can't make directories for new logfile: mkdir /var/logs: permission denied
[33mWARN[0m[2026-08-26T03:17:37.6380+02:00] Not a valid Opa Pdp Message                  
Failed to write to log, can't make directories for new logfile: mkdir /var/logs: permission denied
[33mWARN[0m[2026-08-26T03:17:37.6382+02:00] Not a valid Opa Pdp Message                  
Failed to write to log, can't make directories for new logfile: mkdir /var/logs: permission denied
[33mWARN[0m[2026-08-26T03:17:37.6385+02:00] Not a valid Opa Pdp Message                  
Failed to write to log, can't make directories for new logfile: mkdir /var/logs: permission denied
[33mWARN[0m[2026-08-26T03:17:37.6387+02:00] Not a valid Opa Pdp Message                  
Failed to write to log, can't make directories for new logfile: mkdir /var/logs: permission denied
[33mWARN[0m[2026-08-26T03:17:37.6389+02:00] Not a valid Opa Pdp Message                  
Failed to write to log, can't make directories for new logfile: mkdir /var/logs: permission denied
[33mWARN[0m[2026-08-26T03:17:37.6396+02:00] Ignoring message with unexpected type:       
Failed to write to log, can't make directories for new logfile: mkdir /var/logs: permission denied
[33mWARN[0m[2026-08-26T03:17:37.6401+02:00] Ignoring message with unexpected type:       
Failed to write to log, can't make directories for new logfile: mkdir /var/logs: permission denied
[33mWARN[0m[2026-08-26T03:17:37.6405+02:00] Ignoring message with unexpected type:       
Failed to write to log, can't make directories for new logfile: mkdir /var/logs: permission denied
[33mWARN[0m[2026-08-26T03:17:37.6407+02:00] Ignoring message with unexpected type:       
Failed to write to log, can't make directories for new logfile: mkdir /var/logs: permission denied
[33mWARN[0m[2026-08-26T03:17:37.6410+02:00] Ignoring message with unexpected type:       
Failed to write to log, can't make directories for new logfile: mkdir /var/logs: permission denied
[33mWARN[0m[2026-08-26T03:17:37.6413+02:00] Not a valid Opa Pdp Message                  
Failed to write to log, can't make directories for new logfile: mkdir /var/logs: permission denied
[33mWARN[0m[2026-08-26T03:17:37.6416+02:00] Not a valid Opa Pdp Message                  
Failed to write to log, can't make directories for new logfile: mkdir /var/logs: permission denied
[33mWARN[0m[2026-08-26T03:17:37.6418+02:00] Not a valid Opa Pdp Message                  
Failed to write to log, can't make directories for new logfile: mkdir /var/logs: permission denied
[33mWARN[0m[2026-08-26T03:17:37.6420+02:00] Not a valid Opa Pdp Message                  
Failed to write to log, can't make directories for new logfile: mkdir /var/logs: permission denied
[33mWARN[0m[2026-08-26T03:17:37.6422+02:00] Not a valid Opa Pdp Message                  
Failed to write to log, can't make directories for new logfile: mkdir /var/logs: permission denied
[33mWARN[0m[2026-08-26T03:17:37.6424+02:00] Not a valid Opa Pdp Message                  
Failed to write to log, can't make directories for new logfile: mkdir /var/logs: permission denied
[33mWARN[0m[2026-08-26T03:17:37.6426+02:00] Not a valid Opa Pdp Message                  
Failed to write to log, can't make directories for new logfile: mkdir /var/logs: permission denied
[33mWARN[0m[2026-08-26T03:17:37.6430+02:00] Ignoring message with unexpected type:       
Failed to write to log, can't make directories for new logfile: mkdir /var/logs: permission denied
[33mWARN[0m[2026-08-26T03:17:37.6436+02:00] Ignoring message with unexpected type:       
Failed to write to log, can't make directories for new logfile: mkdir /var/logs: permission denied
[33mWARN[0m[2026-08-26T03:17:37.6432+02:00] Not a valid Opa Pdp Message                  
Failed to write to log, can't make directories for new logfile: mkdir /var/logs: permission denied
[33mWARN[0m[2026-08-26T03:17:37.6443+02:00] Ignoring message with unexpected type:       
Failed to write to log, can't make directories for new logfile: mkdir /var/logs: permission denied
[33mWARN[0m[2026-08-26T03:17:37.6446+02:00] Not a valid Opa Pdp Message                  
Failed to write to log, can't make directories for new logfile: mkdir /var/logs: permission denied
[33mWARN[0m[2026-08-26T03:17:37.6452+02:00] Not a valid Opa Pdp Message                  
Failed to write to log, can't make directories for new logfile: mkdir /var/logs: permission denied
[33mWARN[0m[2026-08-26T03:17:37.6455+02:00] Not a valid Opa Pdp Message                  
Failed to write to log, can't make directories for new logfile: mkdir /var/logs: permission denied
[33mWARN[0m[2026-08-26T03:17:37.6456+02:00] Ignoring message with unexpected type:       
Failed to write to log, can't make directories for new logfile: mkdir /var/logs: permission denied
[33mWARN[0m[2026-08-26T03:17:37.6457+02:00] Not a valid Opa Pdp Message                  
Failed to write to log, can't make directories for new logfile: mkdir /var/logs: permission denied
[33mWARN[0m[2026-08-26T03:17:37.6459+02:00] Ignoring message with unexpected type:       
Failed to write to log, can't make directories for new logfile: mkdir /var/logs: permission denied
[33mWARN[0m[2026-08-26T03:17:37.6459+02:00] Not a valid Opa Pdp Message                  
Failed to write to log, can't make directories for new logfile: mkdir /var/logs: permission denied
[33mWARN[0m[2026-08-26T03:17:37.6463+02:00] Not a valid Opa Pdp Message                  
Failed to write to log, can't make directories for new logfile: mkdir /var/logs: permission denied
[33mWARN[0m[2026-08-26T03:17:37.6461+02:00] Ignoring message with unexpected type:       
Failed to write to log, can't make directories for new logfile: mkdir /var/logs: permission denied
[33mWARN[0m[2026-08-26T03:17:37.6466+02:00] Not a valid Opa Pdp Message                  
Failed to write to log, can't make directories for new logfile: mkdir /var/logs: permission denied
[33mWARN[0m[2026-08-26T03:17:37.6471+02:00] Not a valid Opa Pdp Message                  
Failed to write to log, can't make directories for new logfile: mkdir /var/logs: permission denied
[33mWARN[0m[2026-08-26T03:17:37.6471+02:00] Ignoring message with unexpected type:       
Failed to write to log, can't make directories for new logfile: mkdir /var/logs: permission denied
[33mWARN[0m[2026-08-26T03:17:37.6475+02:00] Not a valid Opa Pdp Message                  
Failed to write to log, can't make directories for new logfile: mkdir /var/logs: permission denied
[33mWARN[0m[2026-08-26T03:17:37.6479+02:00] Not a valid Opa Pdp Message                  
Failed to write to log, can't make directories for new logfile: mkdir /var/logs: permission denied
[33mWARN[0m[2026-08-26T03:17:37.6482+02:00] Not a valid Opa Pdp Message                  
Failed to write to log, can't make directories for new logfile: mkdir /var/logs: permission denied
[33mWARN[0m[2026-08-26T03:17:37.6477+02:00] Ignoring message with unexpected type:       
Failed to write to log, can't make directories for new logfile: mkdir /var/logs: permission denied
[33mWARN[0m[2026-08-26T03:17:37.6487+02:00] Not a valid Opa Pdp Message                  
Failed to write to log, can't make directories for new logfile: mkdir /var/logs: permission denied
[33mWARN[0m[2026-08-26T03:17:37.6490+02:00] Not a valid Opa Pdp Message                  
Failed to write to log, can't make directories for new logfile: mkdir /var/logs: permission denied
[33mWARN[0m[2026-08-26T03:17:37.6489+02:00] Ignoring message with unexpected type:       
Failed to write to log, can't make directories for new logfile: mkdir /var/logs: permission denied
[33mWARN[0m[2026-08-26T03:17:37.6492+02:00] Not a valid Opa Pdp Message                  
Failed to write to log, can't make directories for new logfile: mkdir /var/logs: permission denied
[33mWARN[0m[2026-08-26T03:17:37.6494+02:00] Not a valid Opa Pdp Message                  
Failed to write to log, can't make directories for new logfile: mkdir /var/logs: permission denied
[33mWARN[0m[2026-08-26T03:17:37.6494+02:00] Ignoring message with unexpected type:       
Failed to write to log, can't make directories for new logfile: mkdir /var/logs: permission denied
[33mWARN[0m[2026-08-26T03:17:37.6496+02:00] Not a valid Opa Pdp Message                  
Failed to write to log, can't make directories for new logfile: mkdir /var/logs: permission denied
[33mWARN[0m[2026-08-26T03:17:37.6502+02:00] Not a valid Opa Pdp Message                  
Failed to write to log, can't make directories for new logfile: mkdir /var/logs: permission denied
[33mWARN[0m[2026-08-26T03:17:37.6502+02:00] Ignoring message with unexpected type:       
Failed to write to log, can't make directories for new logfile: mkdir /var/logs: permission denied
[33mWARN[0m[2026-08-26T03:17:37.6506+02:00] Not a valid Opa Pdp Message                  
Failed to write to log, can't make directories for new logfile: mkdir /var/logs: permission denied
[33mWARN[0m[2026-08-26T03:17:37.6508+02:00] Ignoring message with unexpected type:       
Failed to write to log, can't make directories for new logfile: mkdir /var/logs: permission denied
[33mWARN[0m[2026-08-26T03:17:37.6510+02:00] Not a valid Opa Pdp Message                  
Failed to write to log, can't make directories for new logfile: mkdir /var/logs: permission denied
[33mWARN[0m[2026-08-26T03:17:37.6515+02:00] Ignoring message with unexpected type:       
Failed to write to log, can't make directories for new logfile: mkdir /var/logs: permission denied
[33mWARN[0m[2026-08-26T03:17:37.6516+02:00] Not a valid Opa Pdp Message                  
Failed to write to log, can't make directories for new logfile: mkdir /var/logs: permission denied
[33mWARN[0m[2026-08-26T03:17:37.6517+02:00] Ignoring message with unexpected type:       
Failed to write to log, can't make directories for new logfile: mkdir /var/logs: permission denied
[33mWARN[0m[2026-08-26T03:17:37.6520+02:00] Not a valid Opa Pdp Message                  
Failed to write to log, can't make directories for new logfile: mkdir /var/logs: permission denied
[33mWARN[0m[2026-08-26T03:17:37.6523+02:00] Not a valid Opa Pdp Message                  
Failed to write to log, can't make directories for new logfile: mkdir /var/logs: permission denied
[33mWARN[0m[2026-08-26T03:17:37.6523+02:00] Ignoring message with unexpected type:       
Failed to write to log, can't make directories for new logfile: mkdir /var/logs: permission denied
[33mWARN[0m[2026-08-26T03:17:37.6528+02:00] Not a valid Opa Pdp Message                  
Failed to write to log, can't make directories for new logfile: mkdir /var/logs: permission denied
[33mWARN[0m[2026-08-26T03:17:37.6531+02:00] Ignoring message with unexpected type:       
Failed to write to log, can't make directories for new logfile: mkdir /var/logs: permission denied
[33mWARN[0m[2026-08-26T03:17:37.6532+02:00] Not a valid Opa Pdp Message                  
Failed to write to log, can't make directories for new logfile: mkdir /var/logs: permission denied
[33mWARN[0m[2026-08-26T03:17:37.6537+02:00] Ignoring message with unexpected type:       
Failed to write to log, can't make directories for new logfile: mkdir /var/logs: permission denied
[33mWARN[0m[2026-08-26T03:17:37.6537+02:00] Not a valid Opa Pdp Message                  
Failed to write to log, can't make directories for new logfile: mkdir /var/logs: permission denied
[33mWARN[0m[2026-08-26T03:17:37.6541+02:00] Ignoring message with unexpected type:       
Failed to write to log, can't make directories for new logfile: mkdir /var/logs: permission denied
[33mWARN[0m[2026-08-26T03:17:37.6541+02:00] Not a valid Opa Pdp Message                  
Failed to write to log, can't make directories for new logfile: mkdir /var/logs: permission denied
[33mWARN[0m[2026-08-26T03:17:37.6544+02:00] Ignoring message with unexpected type:       
Failed to write to log, can't make directories for new logfile: mkdir /var/logs: permission denied
[33mWARN[0m[2026-08-26T03:17:37.6546+02:00] Not a valid Opa Pdp Message                  
Failed to write to log, can't make directories for new logfile: mkdir /var/logs: permission denied
[33mWARN[0m[2026-08-26T03:17:37.6552+02:00] Ignoring message with unexpected type:       
Failed to write to log, can't make directories for new logfile: mkdir /var/logs: permission denied
[33mWARN[0m[2026-08-26T03:17:37.6553+02:00] Not a valid Opa Pdp Message                  
Failed to write to log, can't make directories for new logfile: mkdir /var/logs: permission denied
[33mWARN[0m[2026-08-26T03:17:37.6557+02:00] Ignoring message with unexpected type:       
Failed to write to log, can't make directories for new logfile: mkdir /var/logs: permission denied
[33mWARN[0m[2026-08-26T03:17:37.6559+02:00] Not a valid Opa Pdp Message                  
Failed to write to log, can't make directories for new logfile: mkdir /var/logs: permission denied
[33mWARN[0m[2026-08-26T03:17:37.6560+02:00] Ignoring message with unexpected type:       
Failed to write to log, can't make directories for new logfile: mkdir /var/logs: permission denied
[33mWARN[0m[2026-08-26T03:17:37.6561+02:00] Not a valid Opa Pdp Message                  
Failed to write to log, can't make directories for new logfile: mkdir /var/logs: permission denied
[33mWARN[0m[2026-08-26T03:17:37.6563+02:00] Ignoring message with unexpected type:       
Failed to write to log, can't make directories for new logfile: mkdir /var/logs: permission denied
[33mWARN[0m[2026-08-26T03:17:37.6564+02:00] Not a valid Opa Pdp Message                  
Failed to write to log, can't make directories for new logfile: mkdir /var/logs: permission denied
[33mWARN[0m[2026-08-26T03:17:37.6567+02:00] Ignoring message with unexpected type:       
Failed to write to log, can't make directories for new logfile: mkdir /var/logs: permission denied
[33mWARN[0m[2026-08-26T03:17:37.6568+02:00] Not a valid Opa Pdp Message                  
Failed to write to log, can't make directories for new logfile: mkdir /var/logs: permission denied
[33mWARN[0m[2026-08-26T03:17:37.6572+02:00] Ignoring message with unexpected type:       
Failed to write to log, can't make directories for new logfile: mkdir /var/logs: permission denied
[33mWARN[0m[2026-08-26T03:17:37.6572+02:00] Not a valid Opa Pdp Message                  
Failed to write to log, can't make directories for new logfile: mkdir /var/logs: permission denied
[33mWARN[0m[2026-08-26T03:17:37.6576+02:00] Ignoring message with unexpected type:       
Failed to write to log, can't make directories for new logfile: mkdir /var/logs: permission denied
[33mWARN[0m[2026-08-26T03:17:37.6576+02:00] Not a valid Opa Pdp Message                  
Failed to write to log, can't make directories for new logfile: mkdir /var/logs: permission denied
[33mWARN[0m[2026-08-26T03:17:37.6582+02:00] Ignoring message with unexpected type:       
Failed to write to log, can't make directories for new logfile: mkdir /var/logs: permission denied
[33mWARN[0m[2026-08-26T03:17:37.6583+02:00] Not a valid Opa Pdp Message                  
Failed to write to log, can't make directories for new logfile: mkdir /var/logs: permission denied
[33mWARN[0m[2026-08-26T03:17:37.6584+02:00] Ignoring message with unexpected type:       
Failed to write to log, can't make directories for new logfile: mkdir /var/logs: permission denied
[33mWARN[0m[2026-08-26T03:17:37.6585+02:00] Not a valid Opa Pdp Message                  
Failed to write to log, can't make directories for new logfile: mkdir /var/logs: permission denied
[33mWARN[0m[2026-08-26T03:17:37.6587+02:00] Ignoring message with unexpected type:       
Failed to write to log, can't make directories for new logfile: mkdir /var/logs: permission denied
[33mWARN[0m[2026-08-26T03:17:37.6587+02:00] Not a valid Opa Pdp Message                  
Failed to write to log, can't make directories for new logfile: mkdir /var/logs: permission denied
[33mWARN[0m[2026-08-26T03:17:37.6590+02:00] Ignoring message with unexpected type:       
Failed to write to log, can't make directories for new logfile: mkdir /var/logs: permission denied
[33mWARN[0m[2026-08-26T03:17:37.6591+02:00] Not a valid Opa Pdp Message                  
Failed to write to log, can't make directories for new logfile: mkdir /var/logs: permission denied
[33mWARN[0m[2026-08-26T03:17:37.6592+02:00] Ignoring message with unexpected type:       
Failed to write to log, can't make directories for new logfile: mkdir /var/logs: permission denied
[33mWARN[0m[2026-08-26T03:17:37.6594+02:00] Not a valid Opa Pdp Message                  
Failed to write to log, can't make directories for new logfile: mkdir /var/logs: permission denied
[33mWARN[0m[2026-08-26T03:17:37.6599+02:00] Ignoring message with unexpected type:       
Failed to write to log, can't make directories for new logfile: mkdir /var/logs: permission denied
[33mWARN[0m[2026-08-26T03:17:37.6599+02:00] Not a valid Opa Pdp Message                  
Failed to write to log, can't make directories for new logfile: mkdir /var/logs: permission denied
[33mWARN[0m[2026-08-26T03:17:37.6603+02:00] Ignoring message with unexpected type:       
Failed to write to log, can't make directories for new logfile: mkdir /var/logs: permission denied
[33mWARN[0m[2026-08-26T03:17:37.6603+02:00] Not a valid Opa Pdp Message                  
Failed to write to log, can't make directories for new logfile: mkdir /var/logs: permission denied
[33mWARN[0m[2026-08-26T03:17:37.6608+02:00] Ignoring message with unexpected type:       
Failed to write to log, can't make directories for new logfile: mkdir /var/logs: permission denied
[33mWARN[0m[2026-08-26T03:17:37.6608+02:00] Not a valid Opa Pdp Message                  
Failed to write to log, can't make directories for new logfile: mkdir /var/logs: permission denied
[33mWARN[0m[2026-08-26T03:17:37.6612+02:00] Not a valid Opa Pdp Message                  
Failed to write to log, can't make directories for new logfile: mkdir /var/logs: permission denied
[33mWARN[0m[2026-08-26T03:17:37.6613+02:00] Ignoring message with unexpected type:       
Failed to write to log, can't make directories for new logfile: mkdir /var/logs: permission denied
[33mWARN[0m[2026-08-26T03:17:37.6616+02:00] Not a valid Opa Pdp Message                  
Failed to write to log, can't make directories for new logfile: mkdir /var/logs: permission denied
[33mWARN[0m[2026-08-26T03:17:37.6618+02:00] Ignoring message with unexpected type:       
Failed to write to log, can't make directories for new logfile: mkdir /var/logs: permission denied
[33mWARN[0m[2026-08-26T03:17:37.6620+02:00] Not a valid Opa Pdp Message                  
Failed to write to log, can't make directories for new logfile: mkdir /var/logs: permission denied
[33mWARN[0m[2026-08-26T03:17:37.6622+02:00] Ignoring message with unexpected type:       
Failed to write to log, can't make directories for new logfile: mkdir /var/logs: permission denied
[33mWARN[0m[2026-08-26T03:17:37.6622+02:00] Not a valid Opa Pdp Message                  
Failed to write to log, can't make directories for new logfile: mkdir /var/logs: permission denied
[33mWARN[0m[2026-08-26T03:17:37.6625+02:00] Not a valid Opa Pdp Message                  
Failed to write to log, can't make directories for new logfile: mkdir /var/logs: permission denied
[33mWARN[0m[2026-08-26T03:17:37.6625+02:00] Ignoring message with unexpected type:       
Failed to write to log, can't make directories for new logfile: mkdir /var/logs: permission denied
[33mWARN[0m[2026-08-26T03:17:37.6627+02:00] Not a valid Opa Pdp Message                  
Failed to write to log, can't make directories for new logfile: mkdir /var/logs: permission denied
[33mWARN[0m[2026-08-26T03:17:37.6633+02:00] Not a valid Opa Pdp Message                  
Failed to write to log, can't make directories for new logfile: mkdir /var/logs: permission denied
[33mWARN[0m[2026-08-26T03:17:37.6634+02:00] Ignoring message with unexpected type:       
Failed to write to log, can't make directories for new logfile: mkdir /var/logs: permission denied
[33mWARN[0m[2026-08-26T03:17:37.6636+02:00] Not a valid Opa Pdp Message                  
Failed to write to log, can't make directories for new logfile: mkdir /var/logs: permission denied
[33mWARN[0m[2026-08-26T03:17:37.6640+02:00] Not a valid Opa Pdp Message                  
Failed to write to log, can't make directories for new logfile: mkdir /var/logs: permission denied
[33mWARN[0m[2026-08-26T03:17:37.6639+02:00] Ignoring message with unexpected type:       
Failed to write to log, can't make directories for new logfile: mkdir /var/logs: permission denied
[33mWARN[0m[2026-08-26T03:17:37.6644+02:00] Not a valid Opa Pdp Message                  
Failed to write to log, can't make directories for new logfile: mkdir /var/logs: permission denied
[33mWARN[0m[2026-08-26T03:17:37.6648+02:00] Not a valid Opa Pdp Message                  
Failed to write to log, can't make directories for new logfile: mkdir /var/logs: permission denied
[33mWARN[0m[2026-08-26T03:17:37.6647+02:00] Ignoring message with unexpected type:       
Failed to write to log, can't make directories for new logfile: mkdir /var/logs: permission denied
[33mWARN[0m[2026-08-26T03:17:37.6650+02:00] Not a valid Opa Pdp Message                  
Failed to write to log, can't make directories for new logfile: mkdir /var/logs: permission denied
[33mWARN[0m[2026-08-26T03:17:37.6653+02:00] Ignoring message with unexpected type:       
Failed to write to log, can't make directories for new logfile: mkdir /var/logs: permission denied
[33mWARN[0m[2026-08-26T03:17:37.6654+02:00] Not a valid Opa Pdp Message                  
Failed to write to log, can't make directories for new logfile: mkdir /var/logs: permission denied
[33mWARN[0m[2026-08-26T03:17:37.6658+02:00] Not a valid Opa Pdp Message                  
Failed to write to log, can't make directories for new logfile: mkdir /var/logs: permission denied
[33mWARN[0m[2026-08-26T03:17:37.6655+02:00] Ignoring message with unexpected type:       
Failed to write to log, can't make directories for new logfile: mkdir /var/logs: permission denied
[33mWARN[0m[2026-08-26T03:17:37.6663+02:00] Not a valid Opa Pdp Message                  
Failed to write to log, can't make directories for new logfile: mkdir /var/logs: permission denied
[33mWARN[0m[2026-08-26T03:17:37.6664+02:00] Ignoring message with unexpected type:       
Failed to write to log, can't make directories for new logfile: mkdir /var/logs: permission denied
[33mWARN[0m[2026-08-26T03:17:37.6665+02:00] Not a valid Opa Pdp Message                  
Failed to write to log, can't make directories for new logfile: mkdir /var/logs: permission denied
[33mWARN[0m[2026-08-26T03:17:37.6671+02:00] Not a valid Opa Pdp Message                  
Failed to write to log, can't make directories for new logfile: mkdir /var/logs: permission denied
[33mWARN[0m[2026-08-26T03:17:37.6671+02:00] Ignoring message with unexpected type:       
Failed to write to log, can't make directories for new logfile: mkdir /var/logs: permission denied
[33mWARN[0m[2026-08-26T03:17:37.6673+02:00] Not a valid Opa Pdp Message                  
Failed to write to log, can't make directories for new logfile: mkdir /var/logs: permission denied
[33mWARN[0m[2026-08-26T03:17:37.6674+02:00] Ignoring message with unexpected type:       
Failed to write to log, can't make directories for new logfile: mkdir /var/logs: permission denied
[33mWARN[0m[2026-08-26T03:17:37.6675+02:00] Not a valid Opa Pdp Message                  
Failed to write to log, can't make directories for new logfile: mkdir /var/logs: permission denied
[33mWARN[0m[2026-08-26T03:17:37.6676+02:00] Ignoring message with unexpected type:       
Failed to write to log, can't make directories for new logfile: mkdir /var/logs: permission denied
[33mWARN[0m[2026-08-26T03:17:37.6677+02:00] Not a valid Opa Pdp Message                  
Failed to write to log, can't make directories for new logfile: mkdir /var/logs: permission denied
[33mWARN[0m[2026-08-26T03:17:37.6678+02:00] Ignoring message with unexpected type:       
Failed to write to log, can't make directories for new logfile: mkdir /var/logs: permission denied
[33mWARN[0m[2026-08-26T03:17:37.6679+02:00] Not a valid Opa Pdp Message                  
Failed to write to log, can't make directories for new logfile: mkdir /var/logs: permission denied
[33mWARN[0m[2026-08-26T03:17:37.6681+02:00] Not a valid Opa Pdp Message                  
Failed to write to log, can't make directories for new logfile: mkdir /var/logs: permission denied
[33mWARN[0m[2026-08-26T03:17:37.6680+02:00] Ignoring message with unexpected type:       
Failed to write to log, can't make directories for new logfile: mkdir /var/logs: permission denied
[33mWARN[0m[2026-08-26T03:17:37.6684+02:00] Not a valid Opa Pdp Message                  
Failed to write to log, can't make directories for new logfile: mkdir /var/logs: permission denied
[33mWARN[0m[2026-08-26T03:17:37.6688+02:00] Not a valid Opa Pdp Message                  
Failed to write to log, can't make directories for new logfile: mkdir /var/logs: permission denied
[33mWARN[0m[2026-08-26T03:17:37.6689+02:00] Ignoring message with unexpected type:       
Failed to write to log, can't make directories for new logfile: mkdir /var/logs: permission denied
[33mWARN[0m[2026-08-26T03:17:37.6690+02:00] Not a valid Opa Pdp Message                  
Failed to write to log, can't make directories for new logfile: mkdir /var/logs: permission denied
[33mWARN[0m[2026-08-26T03:17:37.6693+02:00] Ignoring message with unexpected type:       
Failed to write to log, can't make directories for new logfile: mkdir /var/logs: permission denied
[33mWARN[0m[2026-08-26T03:17:37.6695+02:00] Not a valid Opa Pdp Message                  
Failed to write to log, can't make directories for new logfile: mkdir /var/logs: permission denied
[33mWARN[0m[2026-08-26T03:17:37.6701+02:00] Ignoring message with unexpected type:       
Failed to write to log, can't make directories for new logfile: mkdir /var/logs: permission denied
[33mWARN[0m[2026-08-26T03:17:37.6701+02:00] Not a valid Opa Pdp Message                  
Failed to write to log, can't make directories for new logfile: mkdir /var/logs: permission denied
[33mWARN[0m[2026-08-26T03:17:37.6705+02:00] Not a valid Opa Pdp Message                  
Failed to write to log, can't make directories for new logfile: mkdir /var/logs: permission denied
[33mWARN[0m[2026-08-26T03:17:37.6707+02:00] Not a valid Opa Pdp Message                  
Failed to write to log, can't make directories for new logfile: mkdir /var/logs: permission denied
[33mWARN[0m[2026-08-26T03:17:37.6704+02:00] Ignoring message with unexpected type:       
Failed to write to log, can't make directories for new logfile: mkdir /var/logs: permission denied
[33mWARN[0m[2026-08-26T03:17:37.6711+02:00] Not a valid Opa Pdp Message                  
Failed to write to log, can't make directories for new logfile: mkdir /var/logs: permission denied
[33mWARN[0m[2026-08-26T03:17:37.6712+02:00] Ignoring message with unexpected type:       
Failed to write to log, can't make directories for new logfile: mkdir /var/logs: permission denied
[33mWARN[0m[2026-08-26T03:17:37.6715+02:00] Ignoring message with unexpected type:       
Failed to write to log, can't make directories for new logfile: mkdir /var/logs: permission denied
[33mWARN[0m[2026-08-26T03:17:37.6713+02:00] Not a valid Opa Pdp Message                  
Failed to write to log, can't make directories for new logfile: mkdir /var/logs: permission denied
[33mWARN[0m[2026-08-26T03:17:37.6717+02:00] Ignoring message with unexpected type:       
Failed to write to log, can't make directories for new logfile: mkdir /var/logs: permission denied
[33mWARN[0m[2026-08-26T03:17:37.6719+02:00] Not a valid Opa Pdp Message                  
Failed to write to log, can't make directories for new logfile: mkdir /var/logs: permission denied
[33mWARN[0m[2026-08-26T03:17:37.6723+02:00] Ignoring message with unexpected type:       
Failed to write to log, can't make directories for new logfile: mkdir /var/logs: permission denied
[33mWARN[0m[2026-08-26T03:17:37.6724+02:00] Not a valid Opa Pdp Message                  
Failed to write to log, can't make directories for new logfile: mkdir /var/logs: permission denied
[33mWARN[0m[2026-08-26T03:17:37.6730+02:00] Ignoring message with unexpected type:       
Failed to write to log, can't make directories for new logfile: mkdir /var/logs: permission denied
[33mWARN[0m[2026-08-26T03:17:37.6730+02:00] Not a valid Opa Pdp Message                  
Failed to write to log, can't make directories for new logfile: mkdir /var/logs: permission denied
[33mWARN[0m[2026-08-26T03:17:37.6732+02:00] Ignoring message with unexpected type:       
Failed to write to log, can't make directories for new logfile: mkdir /var/logs: permission denied
[33mWARN[0m[2026-08-26T03:17:37.6733+02:00] Not a valid Opa Pdp Message                  
Failed to write to log, can't make directories for new logfile: mkdir /var/logs: permission denied
[33mWARN[0m[2026-08-26T03:17:37.6738+02:00] Not a valid Opa Pdp Message                  
Failed to write to log, can't make directories for new logfile: mkdir /var/logs: permission denied
[33mWARN[0m[2026-08-26T03:17:37.6739+02:00] Ignoring message with unexpected type:       
Failed to write to log, can't make directories for new logfile: mkdir /var/logs: permission denied
[33mWARN[0m[2026-08-26T03:17:37.6741+02:00] Not a valid Opa Pdp Message                  
Failed to write to log, can't make directories for new logfile: mkdir /var/logs: permission denied
[33mWARN[0m[2026-08-26T03:17:37.6746+02:00] Ignoring message with unexpected type:       
Failed to write to log, can't make directories for new logfile: mkdir /var/logs: permission denied
[33mWARN[0m[2026-08-26T03:17:37.6747+02:00] Not a valid Opa Pdp Message                  
Failed to write to log, can't make directories for new logfile: mkdir /var/logs: permission denied
[33mWARN[0m[2026-08-26T03:17:37.6748+02:00] Ignoring message with unexpected type:       
Failed to write to log, can't make directories for new logfile: mkdir /var/logs: permission denied
[33mWARN[0m[2026-08-26T03:17:37.6750+02:00] Not a valid Opa Pdp Message                  
Failed to write to log, can't make directories for new logfile: mkdir /var/logs: permission denied
[33mWARN[0m[2026-08-26T03:17:37.6754+02:00] Ignoring message with unexpected type:       
Failed to write to log, can't make directories for new logfile: mkdir /var/logs: permission denied
[33mWARN[0m[2026-08-26T03:17:37.6757+02:00] Ignoring message with unexpected type:       
Failed to write to log, can't make directories for new logfile: mkdir /var/logs: permission denied
[33mWARN[0m[2026-08-26T03:17:37.6757+02:00] Not a valid Opa Pdp Message                  
Failed to write to log, can't make directories for new logfile: mkdir /var/logs: permission denied
[33mWARN[0m[2026-08-26T03:17:37.6760+02:00] Ignoring message with unexpected type:       
Failed to write to log, can't make directories for new logfile: mkdir /var/logs: permission denied
[33mWARN[0m[2026-08-26T03:17:37.6764+02:00] Not a valid Opa Pdp Message                  
Failed to write to log, can't make directories for new logfile: mkdir /var/logs: permission denied
[33mWARN[0m[2026-08-26T03:17:37.6765+02:00] Ignoring message with unexpected type:       
Failed to write to log, can't make directories for new logfile: mkdir /var/logs: permission denied
[33mWARN[0m[2026-08-26T03:17:37.6766+02:00] Not a valid Opa Pdp Message                  
Failed to write to log, can't make directories for new logfile: mkdir /var/logs: permission denied
[33mWARN[0m[2026-08-26T03:17:37.6768+02:00] Ignoring message with unexpected type:       
Failed to write to log, can't make directories for new logfile: mkdir /var/logs: permission denied
[33mWARN[0m[2026-08-26T03:17:37.6771+02:00] Not a valid Opa Pdp Message                  
Failed to write to log, can't make directories for new logfile: mkdir /var/logs: permission denied
[33mWARN[0m[2026-08-26T03:17:37.6776+02:00] Ignoring message with unexpected type:       
Failed to write to log, can't make directories for new logfile: mkdir /var/logs: permission denied
[33mWARN[0m[2026-08-26T03:17:37.6777+02:00] Not a valid Opa Pdp Message                  
Failed to write to log, can't make directories for new logfile: mkdir /var/logs: permission denied
[33mWARN[0m[2026-08-26T03:17:37.6778+02:00] Ignoring message with unexpected type:       
Failed to write to log, can't make directories for new logfile: mkdir /var/logs: permission denied
[33mWARN[0m[2026-08-26T03:17:37.6779+02:00] Not a valid Opa Pdp Message                  
Failed to write to log, can't make directories for new logfile: mkdir /var/logs: permission denied
[33mWARN[0m[2026-08-26T03:17:37.6783+02:00] Not a valid Opa Pdp Message                  
Failed to write to log, can't make directories for new logfile: mkdir /var/logs: permission denied
[33mWARN[0m[2026-08-26T03:17:37.6785+02:00] Not a valid Opa Pdp Message                  
Failed to write to log, can't make directories for new logfile: mkdir /var/logs: permission denied
[33mWARN[0m[2026-08-26T03:17:37.6784+02:00] Ignoring message with unexpected type:       
Failed to write to log, can't make directories for new logfile: mkdir /var/logs: permission denied
[33mWARN[0m[2026-08-26T03:17:37.6786+02:00] Not a valid Opa Pdp Message                  
Failed to write to log, can't make directories for new logfile: mkdir /var/logs: permission denied
[33mWARN[0m[2026-08-26T03:17:37.6788+02:00] Ignoring message with unexpected type:       
Failed to write to log, can't make directories for new logfile: mkdir /var/logs: permission denied
[33mWARN[0m[2026-08-26T03:17:37.6789+02:00] Not a valid Opa Pdp Message                  
Failed to write to log, can't make directories for new logfile: mkdir /var/logs: permission denied
[33mWARN[0m[2026-08-26T03:17:37.6790+02:00] Ignoring message with unexpected type:       
Failed to write to log, can't make directories for new logfile: mkdir /var/logs: permission denied
[33mWARN[0m[2026-08-26T03:17:37.6791+02:00] Not a valid Opa Pdp Message                  
Failed to write to log, can't make directories for new logfile: mkdir /var/logs: permission denied
[33mWARN[0m[2026-08-26T03:17:37.6795+02:00] Ignoring message with unexpected type:       
Failed to write to log, can't make directories for new logfile: mkdir /var/logs: permission denied
[33mWARN[0m[2026-08-26T03:17:37.6798+02:00] Ignoring message with unexpected type:       
Failed to write to log, can't make directories for new logfile: mkdir /var/logs: permission denied
[33mWARN[0m[2026-08-26T03:17:37.6798+02:00] Not a valid Opa Pdp Message                  
Failed to write to log, can't make directories for new logfile: mkdir /var/logs: permission denied
[33mWARN[0m[2026-08-26T03:17:37.6804+02:00] Ignoring message with unexpected type:       
Failed to write to log, can't make directories for new logfile: mkdir /var/logs: permission denied
[33mWARN[0m[2026-08-26T03:17:37.6804+02:00] Not a valid Opa Pdp Message                  
Failed to write to log, can't make directories for new logfile: mkdir /var/logs: permission denied
[33mWARN[0m[2026-08-26T03:17:37.6813+02:00] Not a valid Opa Pdp Message                  
Failed to write to log, can't make directories for new logfile: mkdir /var/logs: permission denied
[33mWARN[0m[2026-08-26T03:17:37.6815+02:00] Not a valid Opa Pdp Message                  
Failed to write to log, can't make directories for new logfile: mkdir /var/logs: permission denied
[33mWARN[0m[2026-08-26T03:17:37.6817+02:00] Ignoring message with unexpected type:       
Failed to write to log, can't make directories for new logfile: mkdir /var/logs: permission denied
[33mWARN[0m[2026-08-26T03:17:37.6822+02:00] Ignoring message with unexpected type:       
Failed to write to log, can't make directories for new logfile: mkdir /var/logs: permission denied
[33mWARN[0m[2026-08-26T03:17:37.6830+02:00] Ignoring message with unexpected type:       
Failed to write to log, can't make directories for new logfile: mkdir /var/logs: permission denied
[33mWARN[0m[2026-08-26T03:17:37.6817+02:00] Not a valid Opa Pdp Message                  
Failed to write to log, can't make directories for new logfile: mkdir /var/logs: permission denied
[33mWARN[0m[2026-08-26T03:17:37.6837+02:00] Not a valid Opa Pdp Message                  
Failed to write to log, can't make directories for new logfile: mkdir /var/logs: permission denied
[33mWARN[0m[2026-08-26T03:17:37.6840+02:00] Not a valid Opa Pdp Message                  
Failed to write to log, can't make directories for new logfile: mkdir /var/logs: permission denied
[33mWARN[0m[2026-08-26T03:17:37.6842+02:00] Not a valid Opa Pdp Message                  
Failed to write to log, can't make directories for new logfile: mkdir /var/logs: permission denied
[33mWARN[0m[2026-08-26T03:17:37.6838+02:00] Ignoring message with unexpected type:       
Failed to write to log, can't make directories for new logfile: mkdir /var/logs: permission denied
[33mWARN[0m[2026-08-26T03:17:37.6844+02:00] Not a valid Opa Pdp Message                  
Failed to write to log, can't make directories for new logfile: mkdir /var/logs: permission denied
[33mWARN[0m[2026-08-26T03:17:37.6851+02:00] Ignoring message with unexpected type:       
Failed to write to log, can't make directories for new logfile: mkdir /var/logs: permission denied
[33mWARN[0m[2026-08-26T03:17:37.6851+02:00] Not a valid Opa Pdp Message                  
Failed to write to log, can't make directories for new logfile: mkdir /var/logs: permission denied
[33mWARN[0m[2026-08-26T03:17:37.6862+02:00] Not a valid Opa Pdp Message                  
Failed to write to log, can't make directories for new logfile: mkdir /var/logs: permission denied
[33mWARN[0m[2026-08-26T03:17:37.6865+02:00] Not a valid Opa Pdp Message                  
Failed to write to log, can't make directories for new logfile: mkdir /var/logs: permission denied
[33mWARN[0m[2026-08-26T03:17:37.6867+02:00] Not a valid Opa Pdp Message                  
Failed to write to log, can't make directories for new logfile: mkdir /var/logs: permission denied
[33mWARN[0m[2026-08-26T03:17:37.6869+02:00] Not a valid Opa Pdp Message                  
Failed to write to log, can't make directories for new logfile: mkdir /var/logs: permission denied
[33mWARN[0m[2026-08-26T03:17:37.6871+02:00] Not a valid Opa Pdp Message                  
Failed to write to log, can't make directories for new logfile: mkdir /var/logs: permission denied
[33mWARN[0m[2026-08-26T03:17:37.6873+02:00] Not a valid Opa Pdp Message                  
Failed to write to log, can't make directories for new logfile: mkdir /var/logs: permission denied
[33mWARN[0m[2026-08-26T03:17:37.6875+02:00] Not a valid Opa Pdp Message                  
Failed to write to log, can't make directories for new logfile: mkdir /var/logs: permission denied
[33mWARN[0m[2026-08-26T03:17:37.6859+02:00] Ignoring message with unexpected type:       
Failed to write to log, can't make directories for new logfile: mkdir /var/logs: permission denied
[33mWARN[0m[2026-08-26T03:17:37.6880+02:00] Not a valid Opa Pdp Message                  
Failed to write to log, can't make directories for new logfile: mkdir /var/logs: permission denied
[33mWARN[0m[2026-08-26T03:17:37.6881+02:00] Ignoring message with unexpected type:       
Failed to write to log, can't make directories for new logfile: mkdir /var/logs: permission denied
[33mWARN[0m[2026-08-26T03:17:37.6885+02:00] Not a valid Opa Pdp Message                  
Failed to write to log, can't make directories for new logfile: mkdir /var/logs: permission denied
[33mWARN[0m[2026-08-26T03:17:37.6886+02:00] Ignoring message with unexpected type:       
Failed to write to log, can't make directories for new logfile: mkdir /var/logs: permission denied
[33mWARN[0m[2026-08-26T03:17:37.6887+02:00] Not a valid Opa Pdp Message                  
Failed to write to log, can't make directories for new logfile: mkdir /var/logs: permission denied
[33mWARN[0m[2026-08-26T03:17:37.6890+02:00] Not a valid Opa Pdp Message                  
Failed to write to log, can't make directories for new logfile: mkdir /var/logs: permission denied
[33mWARN[0m[2026-08-26T03:17:37.6891+02:00] Ignoring message with unexpected type:       
Failed to write to log, can't make directories for new logfile: mkdir /var/logs: permission denied
[33mWARN[0m[2026-08-26T03:17:37.6897+02:00] Not a valid Opa Pdp Message                  
Failed to write to log, can't make directories for new logfile: mkdir /var/logs: permission denied
[33mWARN[0m[2026-08-26T03:17:37.6898+02:00] Ignoring message with unexpected type:       
Failed to write to log, can't make directories for new logfile: mkdir /var/logs: permission denied
[33mWARN[0m[2026-08-26T03:17:37.6900+02:00] Not a valid Opa Pdp Message                  
Failed to write to log, can't make directories for new logfile: mkdir /var/logs: permission denied
[33mWARN[0m[2026-08-26T03:17:37.6901+02:00] Ignoring message with unexpected type:       
Failed to write to log, can't make directories for new logfile: mkdir /var/logs: permission denied
[33mWARN[0m[2026-08-26T03:17:37.6902+02:00] Not a valid Opa Pdp Message                  
Failed to write to log, can't make directories for new logfile: mkdir /var/logs: permission denied
[33mWARN[0m[2026-08-26T03:17:37.6905+02:00] Ignoring message with unexpected type:       
Failed to write to log, can't make directories for new logfile: mkdir /var/logs: permission denied
[33mWARN[0m[2026-08-26T03:17:37.6907+02:00] Ignoring message with unexpected type:       
Failed to write to log, can't make directories for new logfile: mkdir /var/logs: permission denied
[33mWARN[0m[2026-08-26T03:17:37.6907+02:00] Not a valid Opa Pdp Message                  
Failed to write to log, can't make directories for new logfile: mkdir /var/logs: permission denied
[33mWARN[0m[2026-08-26T03:17:37.6912+02:00] Not a valid Opa Pdp Message                  
Failed to write to log, can't make directories for new logfile: mkdir /var/logs: permission denied
[33mWARN[0m[2026-08-26T03:17:37.6910+02:00] Ignoring message with unexpected type:       
Failed to write to log, can't make directories for new logfile: mkdir /var/logs: permission denied
[33mWARN[0m[2026-08-26T03:17:37.6917+02:00] Not a valid Opa Pdp Message                  
Failed to write to log, can't make directories for new logfile: mkdir /var/logs: permission denied
[33mWARN[0m[2026-08-26T03:17:37.6917+02:00] Ignoring message with unexpected type:       
Failed to write to log, can't make directories for new logfile: mkdir /var/logs: permission denied
[33mWARN[0m[2026-08-26T03:17:37.6919+02:00] Not a valid Opa Pdp Message                  
Failed to write to log, can't make directories for new logfile: mkdir /var/logs: permission denied
[33mWARN[0m[2026-08-26T03:17:37.6923+02:00] Ignoring message with unexpected type:       
Failed to write to log, can't make directories for new logfile: mkdir /var/logs: permission denied
[33mWARN[0m[2026-08-26T03:17:37.6925+02:00] Not a valid Opa Pdp Message                  
Failed to write to log, can't make directories for new logfile: mkdir /var/logs: permission denied
[33mWARN[0m[2026-08-26T03:17:37.6926+02:00] Ignoring message with unexpected type:       
Failed to write to log, can't make directories for new logfile: mkdir /var/logs: permission denied
[33mWARN[0m[2026-08-26T03:17:37.6929+02:00] Not a valid Opa Pdp Message                  
Failed to write to log, can't make directories for new logfile: mkdir /var/logs: permission denied
[33mWARN[0m[2026-08-26T03:17:37.6932+02:00] Ignoring message with unexpected type:       
Failed to write to log, can't make directories for new logfile: mkdir /var/logs: permission denied
[33mWARN[0m[2026-08-26T03:17:37.6934+02:00] Not a valid Opa Pdp Message                  
Failed to write to log, can't make directories for new logfile: mkdir /var/logs: permission denied
[33mWARN[0m[2026-08-26T03:17:37.6939+02:00] Ignoring message with unexpected type:       
Failed to write to log, can't make directories for new logfile: mkdir /var/logs: permission denied
[33mWARN[0m[2026-08-26T03:17:37.6941+02:00] Ignoring message with unexpected type:       
Failed to write to log, can't make directories for new logfile: mkdir /var/logs: permission denied
[33mWARN[0m[2026-08-26T03:17:37.6941+02:00] Not a valid Opa Pdp Message                  
Failed to write to log, can't make directories for new logfile: mkdir /var/logs: permission denied
[33mWARN[0m[2026-08-26T03:17:37.6943+02:00] Ignoring message with unexpected type:       
Failed to write to log, can't make directories for new logfile: mkdir /var/logs: permission denied
[33mWARN[0m[2026-08-26T03:17:37.6948+02:00] Ignoring message with unexpected type:       
Failed to write to log, can't make directories for new logfile: mkdir /var/logs: permission denied
[33mWARN[0m[2026-08-26T03:17:37.6946+02:00] Not a valid Opa Pdp Message                  
Failed to write to log, can't make directories for new logfile: mkdir /var/logs: permission denied
[33mWARN[0m[2026-08-26T03:17:37.6950+02:00] Ignoring message with unexpected type:       
Failed to write to log, can't make directories for new logfile: mkdir /var/logs: permission denied
[33mWARN[0m[2026-08-26T03:17:37.6952+02:00] Not a valid Opa Pdp Message                  
Failed to write to log, can't make directories for new logfile: mkdir /var/logs: permission denied
[33mWARN[0m[2026-08-26T03:17:37.6955+02:00] Not a valid Opa Pdp Message                  
Failed to write to log, can't make directories for new logfile: mkdir /var/logs: permission denied
[33mWARN[0m[2026-08-26T03:17:37.6954+02:00] Ignoring message with unexpected type:       
Failed to write to log, can't make directories for new logfile: mkdir /var/logs: permission denied
[33mWARN[0m[2026-08-26T03:17:37.6957+02:00] Not a valid Opa Pdp Message                  
Failed to write to log, can't make directories for new logfile: mkdir /var/logs: permission denied
[33mWARN[0m[2026-08-26T03:17:37.6960+02:00] Ignoring message with unexpected type:       
Failed to write to log, can't make directories for new logfile: mkdir /var/logs: permission denied
[33mWARN[0m[2026-08-26T03:17:37.6961+02:00] Not a valid Opa Pdp Message                  
Failed to write to log, can't make directories for new logfile: mkdir /var/logs: permission denied
[33mWARN[0m[2026-08-26T03:17:37.6963+02:00] Ignoring message with unexpected type:       
Failed to write to log, can't make directories for new logfile: mkdir /var/logs: permission denied
[33mWARN[0m[2026-08-26T03:17:37.6964+02:00] Not a valid Opa Pdp Message                  
Failed to write to log, can't make directories for new logfile: mkdir /var/logs: permission denied
[33mWARN[0m[2026-08-26T03:17:37.6967+02:00] Not a valid Opa Pdp Message                  
Failed to write to log, can't make directories for new logfile: mkdir /var/logs: permission denied
[33mWARN[0m[2026-08-26T03:17:37.6967+02:00] Ignoring message with unexpected type:       
Failed to write to log, can't make directories for new logfile: mkdir /var/logs: permission denied
[33mWARN[0m[2026-08-26T03:17:37.6970+02:00] Not a valid Opa Pdp Message                  
Failed to write to log, can't make directories for new logfile: mkdir /var/logs: permission denied
[33mWARN[0m[2026-08-26T03:17:37.6974+02:00] Not a valid Opa Pdp Message                  
Failed to write to log, can't make directories for new logfile: mkdir /var/logs: permission denied
[33mWARN[0m[2026-08-26T03:17:37.6974+02:00] Ignoring message with unexpected type:       
Failed to write to log, can't make directories for new logfile: mkdir /var/logs: permission denied
[33mWARN[0m[2026-08-26T03:17:37.6979+02:00] Not a valid Opa Pdp Message                  
Failed to write to log, can't make directories for new logfile: mkdir /var/logs: permission denied
[33mWARN[0m[2026-08-26T03:17:37.6980+02:00] Ignoring message with unexpected type:       
Failed to write to log, can't make directories for new logfile: mkdir /var/logs: permission denied
[33mWARN[0m[2026-08-26T03:17:37.6982+02:00] Not a valid Opa Pdp Message                  
Failed to write to log, can't make directories for new logfile: mkdir /var/logs: permission denied
[33mWARN[0m[2026-08-26T03:17:37.6986+02:00] Ignoring message with unexpected type:       
Failed to write to log, can't make directories for new logfile: mkdir /var/logs: permission denied
[33mWARN[0m[2026-08-26T03:17:37.6987+02:00] Not a valid Opa Pdp Message                  
Failed to write to log, can't make directories for new logfile: mkdir /var/logs: permission denied
[33mWARN[0m[2026-08-26T03:17:37.6988+02:00] Ignoring message with unexpected type:       
Failed to write to log, can't make directories for new logfile: mkdir /var/logs: permission denied
[33mWARN[0m[2026-08-26T03:17:37.6990+02:00] Not a valid Opa Pdp Message                  
Failed to write to log, can't make directories for new logfile: mkdir /var/logs: permission denied
[33mWARN[0m[2026-08-26T03:17:37.6993+02:00] Ignoring message with unexpected type:       
Failed to write to log, can't make directories for new logfile: mkdir /var/logs: permission denied
[33mWARN[0m[2026-08-26T03:17:37.6998+02:00] Not a valid Opa Pdp Message                  
Failed to write to log, can't make directories for new logfile: mkdir /var/logs: permission denied
[33mWARN[0m[2026-08-26T03:17:37.7000+02:00] Ignoring message with unexpected type:       
Failed to write to log, can't make directories for new logfile: mkdir /var/logs: permission denied
[33mWARN[0m[2026-08-26T03:17:37.7002+02:00] Not a valid Opa Pdp Message                  
Failed to write to log, can't make directories for new logfile: mkdir /var/logs: permission denied
[33mWARN[0m[2026-08-26T03:17:37.7004+02:00] Not a valid Opa Pdp Message                  
Failed to write to log, can't make directories for new logfile: mkdir /var/logs: permission denied
[33mWARN[0m[2026-08-26T03:17:37.7005+02:00] Ignoring message with unexpected type:       
Failed to write to log, can't make directories for new logfile: mkdir /var/logs: permission denied
[33mWARN[0m[2026-08-26T03:17:37.7006+02:00] Not a valid Opa Pdp Message                  
Failed to write to log, can't make directories for new logfile: mkdir /var/logs: permission denied
[33mWARN[0m[2026-08-26T03:17:37.7011+02:00] Ignoring message with unexpected type:       
Failed to write to log, can't make directories for new logfile: mkdir /var/logs: permission denied
[33mWARN[0m[2026-08-26T03:17:37.7011+02:00] Not a valid Opa Pdp Message                  
Failed to write to log, can't make directories for new logfile: mkdir /var/logs: permission denied
[33mWARN[0m[2026-08-26T03:17:37.7016+02:00] Not a valid Opa Pdp Message                  
Failed to write to log, can't make directories for new logfile: mkdir /var/logs: permission denied
[33mWARN[0m[2026-08-26T03:17:37.7016+02:00] Ignoring message with unexpected type:       
Failed to write to log, can't make directories for new logfile: mkdir /var/logs: permission denied
[33mWARN[0m[2026-08-26T03:17:37.7018+02:00] Not a valid Opa Pdp Message                  
Failed to write to log, can't make directories for new logfile: mkdir /var/logs: permission denied
[33mWARN[0m[2026-08-26T03:17:37.7020+02:00] Ignoring message with unexpected type:       
Failed to write to log, can't make directories for new logfile: mkdir /var/logs: permission denied
[33mWARN[0m[2026-08-26T03:17:37.7024+02:00] Not a valid Opa Pdp Message                  
Failed to write to log, can't make directories for new logfile: mkdir /var/logs: permission denied
[33mWARN[0m[2026-08-26T03:17:37.7029+02:00] Ignoring message with unexpected type:       
Failed to write to log, can't make directories for new logfile: mkdir /var/logs: permission denied
[33mWARN[0m[2026-08-26T03:17:37.7029+02:00] Not a valid Opa Pdp Message                  
Failed to write to log, can't make directories for new logfile: mkdir /var/logs: permission denied
[33mWARN[0m[2026-08-26T03:17:37.7034+02:00] Ignoring message with unexpected type:       
Failed to write to log, can't make directories for new logfile: mkdir /var/logs: permission denied
[33mWARN[0m[2026-08-26T03:17:37.7035+02:00] Not a valid Opa Pdp Message                  
Failed to write to log, can't make directories for new logfile: mkdir /var/logs: permission denied
[33mWARN[0m[2026-08-26T03:17:37.7038+02:00] Not a valid Opa Pdp Message                  
Failed to write to log, can't make directories for new logfile: mkdir /var/logs: permission denied
[33mWARN[0m[2026-08-26T03:17:37.7041+02:00] Not a valid Opa Pdp Message                  
Failed to write to log, can't make directories for new logfile: mkdir /var/logs: permission denied
[33mWARN[0m[2026-08-26T03:17:37.7036+02:00] Ignoring message with unexpected type:       
Failed to write to log, can't make directories for new logfile: mkdir /var/logs: permission denied
[33mWARN[0m[2026-08-26T03:17:37.7044+02:00] Not a valid Opa Pdp Message                  
Failed to write to log, can't make directories for new logfile: mkdir /var/logs: permission denied
[33mWARN[0m[2026-08-26T03:17:37.7046+02:00] Ignoring message with unexpected type:       
Failed to write to log, can't make directories for new logfile: mkdir /var/logs: permission denied
[33mWARN[0m[2026-08-26T03:17:37.7047+02:00] Not a valid Opa Pdp Message                  
Failed to write to log, can't make directories for new logfile: mkdir /var/logs: permission denied
[33mWARN[0m[2026-08-26T03:17:37.7051+02:00] Not a valid Opa Pdp Message                  
Failed to write to log, can't make directories for new logfile: mkdir /var/logs: permission denied
[33mWARN[0m[2026-08-26T03:17:37.7049+02:00] Ignoring message with unexpected type:       
Failed to write to log, can't make directories for new logfile: mkdir /var/logs: permission denied
[33mWARN[0m[2026-08-26T03:17:37.7055+02:00] Not a valid Opa Pdp Message                  
Failed to write to log, can't make directories for new logfile: mkdir /var/logs: permission denied
[33mWARN[0m[2026-08-26T03:17:37.7057+02:00] Not a valid Opa Pdp Message                  
Failed to write to log, can't make directories for new logfile: mkdir /var/logs: permission denied
[33mWARN[0m[2026-08-26T03:17:37.7056+02:00] Ignoring message with unexpected type:       
Failed to write to log, can't make directories for new logfile: mkdir /var/logs: permission denied
[33mWARN[0m[2026-08-26T03:17:37.7059+02:00] Not a valid Opa Pdp Message                  
Failed to write to log, can't make directories for new logfile: mkdir /var/logs: permission denied
[33mWARN[0m[2026-08-26T03:17:37.7065+02:00] Not a valid Opa Pdp Message                  
Failed to write to log, can't make directories for new logfile: mkdir /var/logs: permission denied
[33mWARN[0m[2026-08-26T03:17:37.7066+02:00] Ignoring message with unexpected type:       
Failed to write to log, can't make directories for new logfile: mkdir /var/logs: permission denied
[33mWARN[0m[2026-08-26T03:17:37.7068+02:00] Not a valid Opa Pdp Message                  
Failed to write to log, can't make directories for new logfile: mkdir /var/logs: permission denied
[33mWARN[0m[2026-08-26T03:17:37.7072+02:00] Not a valid Opa Pdp Message                  
Failed to write to log, can't make directories for new logfile: mkdir /var/logs: permission denied
[33mWARN[0m[2026-08-26T03:17:37.7071+02:00] Ignoring message with unexpected type:       
Failed to write to log, can't make directories for new logfile: mkdir /var/logs: permission denied
[33mWARN[0m[2026-08-26T03:17:37.7075+02:00] Not a valid Opa Pdp Message                  
Failed to write to log, can't make directories for new logfile: mkdir /var/logs: permission denied
[33mWARN[0m[2026-08-26T03:17:37.7076+02:00] Ignoring message with unexpected type:       
Failed to write to log, can't make directories for new logfile: mkdir /var/logs: permission denied
[33mWARN[0m[2026-08-26T03:17:37.7080+02:00] Ignoring message with unexpected type:       
Failed to write to log, can't make directories for new logfile: mkdir /var/logs: permission denied
[33mWARN[0m[2026-08-26T03:17:37.7083+02:00] Ignoring message with unexpected type:       
Failed to write to log, can't make directories for new logfile: mkdir /var/logs: permission denied
[33mWARN[0m[2026-08-26T03:17:37.7085+02:00] Ignoring message with unexpected type:       
Failed to write to log, can't make directories for new logfile: mkdir /var/logs: permission denied
[33mWARN[0m[2026-08-26T03:17:37.7087+02:00] Ignoring message with unexpected type:       
Failed to write to log, can't make directories for new logfile: mkdir /var/logs: permission denied
[33mWARN[0m[2026-08-26T03:17:37.7087+02:00] Not a valid Opa Pdp Message                  
Failed to write to log, can't make directories for new logfile: mkdir /var/logs: permission denied
[33mWARN[0m[2026-08-26T03:17:37.7089+02:00] Ignoring message with unexpected type:       
Failed to write to log, can't make directories for new logfile: mkdir /var/logs: permission denied
[33mWARN[0m[2026-08-26T03:17:37.7090+02:00] Not a valid Opa Pdp Message                  
Failed to write to log, can't make directories for new logfile: mkdir /var/logs: permission denied
[33mWARN[0m[2026-08-26T03:17:37.7091+02:00] Ignoring message with unexpected type:       
Failed to write to log, can't make directories for new logfile: mkdir /var/logs: permission denied
[33mWARN[0m[2026-08-26T03:17:37.7092+02:00] Not a valid Opa Pdp Message                  
Failed to write to log, can't make directories for new logfile: mkdir /var/logs: permission denied
[33mWARN[0m[2026-08-26T03:17:37.7095+02:00] Ignoring message with unexpected type:       
Failed to write to log, can't make directories for new logfile: mkdir /var/logs: permission denied
[33mWARN[0m[2026-08-26T03:17:37.7097+02:00] Not a valid Opa Pdp Message                  
Failed to write to log, can't make directories for new logfile: mkdir /var/logs: permission denied
[33mWARN[0m[2026-08-26T03:17:37.7100+02:00] Ignoring message with unexpected type:       
Failed to write to log, can't make directories for new logfile: mkdir /var/logs: permission denied
[33mWARN[0m[2026-08-26T03:17:37.7101+02:00] Not a valid Opa Pdp Message                  
Failed to write to log, can't make directories for new logfile: mkdir /var/logs: permission denied
[33mWARN[0m[2026-08-26T03:17:37.7105+02:00] Ignoring message with unexpected type:       
Failed to write to log, can't make directories for new logfile: mkdir /var/logs: permission denied
[33mWARN[0m[2026-08-26T03:17:37.7106+02:00] Not a valid Opa Pdp Message                  
Failed to write to log, can't make directories for new logfile: mkdir /var/logs: permission denied
[33mWARN[0m[2026-08-26T03:17:37.7108+02:00] Ignoring message with unexpected type:       
Failed to write to log, can't make directories for new logfile: mkdir /var/logs: permission denied
[33mWARN[0m[2026-08-26T03:17:37.7110+02:00] Not a valid Opa Pdp Message                  
Failed to write to log, can't make directories for new logfile: mkdir /var/logs: permission denied
[33mWARN[0m[2026-08-26T03:17:37.7111+02:00] Not a valid Opa Pdp Message                  
Failed to write to log, can't make directories for new logfile: mkdir /var/logs: permission denied
[33mWARN[0m[2026-08-26T03:17:37.7110+02:00] Ignoring message with unexpected type:       
Failed to write to log, can't make directories for new logfile: mkdir /var/logs: permission denied
[33mWARN[0m[2026-08-26T03:17:37.7113+02:00] Not a valid Opa Pdp Message                  
Failed to write to log, can't make directories for new logfile: mkdir /var/logs: permission denied
[33mWARN[0m[2026-08-26T03:17:37.7119+02:00] Not a valid Opa Pdp Message                  
Failed to write to log, can't make directories for new logfile: mkdir /var/logs: permission denied
[33mWARN[0m[2026-08-26T03:17:37.7117+02:00] Ignoring message with unexpected type:       
Failed to write to log, can't make directories for new logfile: mkdir /var/logs: permission denied
[33mWARN[0m[2026-08-26T03:17:37.7121+02:00] Not a valid Opa Pdp Message                  
Failed to write to log, can't make directories for new logfile: mkdir /var/logs: permission denied
[33mWARN[0m[2026-08-26T03:17:37.7126+02:00] Ignoring message with unexpected type:       
Failed to write to log, can't make directories for new logfile: mkdir /var/logs: permission denied
[33mWARN[0m[2026-08-26T03:17:37.7127+02:00] Not a valid Opa Pdp Message                  
Failed to write to log, can't make directories for new logfile: mkdir /var/logs: permission denied
[33mWARN[0m[2026-08-26T03:17:37.7128+02:00] Ignoring message with unexpected type:       
Failed to write to log, can't make directories for new logfile: mkdir /var/logs: permission denied
[33mWARN[0m[2026-08-26T03:17:37.7131+02:00] Not a valid Opa Pdp Message                  
Failed to write to log, can't make directories for new logfile: mkdir /var/logs: permission denied
[33mWARN[0m[2026-08-26T03:17:37.7131+02:00] Ignoring message with unexpected type:       
Failed to write to log, can't make directories for new logfile: mkdir /var/logs: permission denied
[33mWARN[0m[2026-08-26T03:17:37.7133+02:00] Not a valid Opa Pdp Message                  
Failed to write to log, can't make directories for new logfile: mkdir /var/logs: permission denied
[33mWARN[0m[2026-08-26T03:17:37.7137+02:00] Not a valid Opa Pdp Message                  
Failed to write to log, can't make directories for new logfile: mkdir /var/logs: permission denied
[33mWARN[0m[2026-08-26T03:17:37.7137+02:00] Ignoring message with unexpected type:       
Failed to write to log, can't make directories for new logfile: mkdir /var/logs: permission denied
[33mWARN[0m[2026-08-26T03:17:37.7141+02:00] Not a valid Opa Pdp Message                  
Failed to write to log, can't make directories for new logfile: mkdir /var/logs: permission denied
[33mWARN[0m[2026-08-26T03:17:37.7143+02:00] Ignoring message with unexpected type:       
Failed to write to log, can't make directories for new logfile: mkdir /var/logs: permission denied
[33mWARN[0m[2026-08-26T03:17:37.7146+02:00] Not a valid Opa Pdp Message                  
Failed to write to log, can't make directories for new logfile: mkdir /var/logs: permission denied
[33mWARN[0m[2026-08-26T03:17:37.7151+02:00] Ignoring message with unexpected type:       
Failed to write to log, can't make directories for new logfile: mkdir /var/logs: permission denied
[33mWARN[0m[2026-08-26T03:17:37.7153+02:00] Not a valid Opa Pdp Message                  
Failed to write to log, can't make directories for new logfile: mkdir /var/logs: permission denied
[33mWARN[0m[2026-08-26T03:17:37.7155+02:00] Ignoring message with unexpected type:       
Failed to write to log, can't make directories for new logfile: mkdir /var/logs: permission denied
[33mWARN[0m[2026-08-26T03:17:37.7159+02:00] Ignoring message with unexpected type:       
Failed to write to log, can't make directories for new logfile: mkdir /var/logs: permission denied
[33mWARN[0m[2026-08-26T03:17:37.7158+02:00] Not a valid Opa Pdp Message                  
Failed to write to log, can't make directories for new logfile: mkdir /var/logs: permission denied
[33mWARN[0m[2026-08-26T03:17:37.7161+02:00] Ignoring message with unexpected type:       
Failed to write to log, can't make directories for new logfile: mkdir /var/logs: permission denied
[33mWARN[0m[2026-08-26T03:17:37.7163+02:00] Not a valid Opa Pdp Message                  
Failed to write to log, can't make directories for new logfile: mkdir /var/logs: permission denied
[33mWARN[0m[2026-08-26T03:17:37.7169+02:00] Ignoring message with unexpected type:       
Failed to write to log, can't make directories for new logfile: mkdir /var/logs: permission denied
[33mWARN[0m[2026-08-26T03:17:37.7173+02:00] Not a valid Opa Pdp Message                  
Failed to write to log, can't make directories for new logfile: mkdir /var/logs: permission denied
[33mWARN[0m[2026-08-26T03:17:37.7174+02:00] Ignoring message with unexpected type:       
Failed to write to log, can't make directories for new logfile: mkdir /var/logs: permission denied
[33mWARN[0m[2026-08-26T03:17:37.7176+02:00] Not a valid Opa Pdp Message                  
Failed to write to log, can't make directories for new logfile: mkdir /var/logs: permission denied
[33mWARN[0m[2026-08-26T03:17:37.7181+02:00] Ignoring message with unexpected type:       
Failed to write to log, can't make directories for new logfile: mkdir /var/logs: permission denied
[33mWARN[0m[2026-08-26T03:17:37.7181+02:00] Not a valid Opa Pdp Message                  
Failed to write to log, can't make directories for new logfile: mkdir /var/logs: permission denied
[33mWARN[0m[2026-08-26T03:17:37.7186+02:00] Ignoring message with unexpected type:       
Failed to write to log, can't make directories for new logfile: mkdir /var/logs: permission denied
[33mWARN[0m[2026-08-26T03:17:37.7187+02:00] Not a valid Opa Pdp Message                  
Failed to write to log, can't make directories for new logfile: mkdir /var/logs: permission denied
[33mWARN[0m[2026-08-26T03:17:37.7190+02:00] Ignoring message with unexpected type:       
Failed to write to log, can't make directories for new logfile: mkdir /var/logs: permission denied
[33mWARN[0m[2026-08-26T03:17:37.7191+02:00] Not a valid Opa Pdp Message                  
Failed to write to log, can't make directories for new logfile: mkdir /var/logs: permission denied
[33mWARN[0m[2026-08-26T03:17:37.7194+02:00] Not a valid Opa Pdp Message                  
Failed to write to log, can't make directories for new logfile: mkdir /var/logs: permission denied
[33mWARN[0m[2026-08-26T03:17:37.7197+02:00] Not a valid Opa Pdp Message                  
Failed to write to log, can't make directories for new logfile: mkdir /var/logs: permission denied
[33mWARN[0m[2026-08-26T03:17:37.7193+02:00] Ignoring message with unexpected type:       
Failed to write to log, can't make directories for new logfile: mkdir /var/logs: permission denied
[33mWARN[0m[2026-08-26T03:17:37.7200+02:00] Not a valid Opa Pdp Message                  
Failed to write to log, can't make directories for new logfile: mkdir /var/logs: permission denied
[33mWARN[0m[2026-08-26T03:17:37.7202+02:00] Ignoring message with unexpected type:       
Failed to write to log, can't make directories for new logfile: mkdir /var/logs: permission denied
[33mWARN[0m[2026-08-26T03:17:37.7203+02:00] Not a valid Opa Pdp Message                  
Failed to write to log, can't make directories for new logfile: mkdir /var/logs: permission denied
[33mWARN[0m[2026-08-26T03:17:37.7204+02:00] Ignoring message with unexpected type:       
Failed to write to log, can't make directories for new logfile: mkdir /var/logs: permission denied
[33mWARN[0m[2026-08-26T03:17:37.7207+02:00] Not a valid Opa Pdp Message                  
Failed to write to log, can't make directories for new logfile: mkdir /var/logs: permission denied
[33mWARN[0m[2026-08-26T03:17:37.7211+02:00] Ignoring message with unexpected type:       
Failed to write to log, can't make directories for new logfile: mkdir /var/logs: permission denied
[33mWARN[0m[2026-08-26T03:17:37.7211+02:00] Not a valid Opa Pdp Message                  
Failed to write to log, can't make directories for new logfile: mkdir /var/logs: permission denied
[33mWARN[0m[2026-08-26T03:17:37.7215+02:00] Ignoring message with unexpected type:       
Failed to write to log, can't make directories for new logfile: mkdir /var/logs: permission denied
[33mWARN[0m[2026-08-26T03:17:37.7219+02:00] Not a valid Opa Pdp Message                  
Failed to write to log, can't make directories for new logfile: mkdir /var/logs: permission denied
[33mWARN[0m[2026-08-26T03:17:37.7220+02:00] Ignoring message with unexpected type:       
Failed to write to log, can't make directories for new logfile: mkdir /var/logs: permission denied
[33mWARN[0m[2026-08-26T03:17:37.7223+02:00] Not a valid Opa Pdp Message                  
Failed to write to log, can't make directories for new logfile: mkdir /var/logs: permission denied
[33mWARN[0m[2026-08-26T03:17:37.7224+02:00] Ignoring message with unexpected type:       
Failed to write to log, can't make directories for new logfile: mkdir /var/logs: permission denied
[33mWARN[0m[2026-08-26T03:17:37.7225+02:00] Not a valid Opa Pdp Message                  
Failed to write to log, can't make directories for new logfile: mkdir /var/logs: permission denied
[33mWARN[0m[2026-08-26T03:17:37.7232+02:00] Not a valid Opa Pdp Message                  
Failed to write to log, can't make directories for new logfile: mkdir /var/logs: permission denied
[33mWARN[0m[2026-08-26T03:17:37.7236+02:00] Not a valid Opa Pdp Message                  
Failed to write to log, can't make directories for new logfile: mkdir /var/logs: permission denied
[33mWARN[0m[2026-08-26T03:17:37.7226+02:00] Ignoring message with unexpected type:       
Failed to write to log, can't make directories for new logfile: mkdir /var/logs: permission denied
[33mWARN[0m[2026-08-26T03:17:37.7243+02:00] Ignoring message with unexpected type:       
Failed to write to log, can't make directories for new logfile: mkdir /var/logs: permission denied
[33mWARN[0m[2026-08-26T03:17:37.7247+02:00] Ignoring message with unexpected type:       
Failed to write to log, can't make directories for new logfile: mkdir /var/logs: permission denied
[33mWARN[0m[2026-08-26T03:17:37.7251+02:00] Ignoring message with unexpected type:       
Failed to write to log, can't make directories for new logfile: mkdir /var/logs: permission denied
[33mWARN[0m[2026-08-26T03:17:37.7256+02:00] Ignoring message with unexpected type:       
Failed to write to log, can't make directories for new logfile: mkdir /var/logs: permission denied
[33mWARN[0m[2026-08-26T03:17:37.7240+02:00] Not a valid Opa Pdp Message                  
Failed to write to log, can't make directories for new logfile: mkdir /var/logs: permission denied
[33mWARN[0m[2026-08-26T03:17:37.7266+02:00] Not a valid Opa Pdp Message                  
Failed to write to log, can't make directories for new logfile: mkdir /var/logs: permission denied
[33mWARN[0m[2026-08-26T03:17:37.7263+02:00] Ignoring message with unexpected type:       
Failed to write to log, can't make directories for new logfile: mkdir /var/logs: permission denied
[33mWARN[0m[2026-08-26T03:17:37.7270+02:00] Not a valid Opa Pdp Message                  
Failed to write to log, can't make directories for new logfile: mkdir /var/logs: permission denied
[33mWARN[0m[2026-08-26T03:17:37.7280+02:00] Not a valid Opa Pdp Message                  
Failed to write to log, can't make directories for new logfile: mkdir /var/logs: permission denied
[33mWARN[0m[2026-08-26T03:17:37.7286+02:00] Not a valid Opa Pdp Message                  
Failed to write to log, can't make directories for new logfile: mkdir /var/logs: permission denied
[33mWARN[0m[2026-08-26T03:17:37.7290+02:00] Not a valid Opa Pdp Message                  
Failed to write to log, can't make directories for new logfile: mkdir /var/logs: permission denied
[33mWARN[0m[2026-08-26T03:17:37.7293+02:00] Not a valid Opa Pdp Message                  
Failed to write to log, can't make directories for new logfile: mkdir /var/logs: permission denied
[33mWARN[0m[2026-08-26T03:17:37.7295+02:00] Not a valid Opa Pdp Message                  
Failed to write to log, can't make directories for new logfile: mkdir /var/logs: permission denied
[33mWARN[0m[2026-08-26T03:17:37.7296+02:00] Ignoring message with unexpected type:       
Failed to write to log, can't make directories for new logfile: mkdir /var/logs: permission denied
[33mWARN[0m[2026-08-26T03:17:37.7297+02:00] Not a valid Opa Pdp Message                  
Failed to write to log, can't make directories for new logfile: mkdir /var/logs: permission denied
[33mWARN[0m[2026-08-26T03:17:37.7300+02:00] Ignoring message with unexpected type:       
Failed to write to log, can't make directories for new logfile: mkdir /var/logs: permission denied
[33mWARN[0m[2026-08-26T03:17:37.7300+02:00] Not a valid Opa Pdp Message                  
Failed to write to log, can't make directories for new logfile: mkdir /var/logs: permission denied
[33mWARN[0m[2026-08-26T03:17:37.7302+02:00] Ignoring message with unexpected type:       
Failed to write to log, can't make directories for new logfile: mkdir /var/logs: permission denied
[33mWARN[0m[2026-08-26T03:17:37.7306+02:00] Not a valid Opa Pdp Message                  
Failed to write to log, can't make directories for new logfile: mkdir /var/logs: permission denied
[33mWARN[0m[2026-08-26T03:17:37.7309+02:00] Ignoring message with unexpected type:       
Failed to write to log, can't make directories for new logfile: mkdir /var/logs: permission denied
[33mWARN[0m[2026-08-26T03:17:37.7311+02:00] Not a valid Opa Pdp Message                  
Failed to write to log, can't make directories for new logfile: mkdir /var/logs: permission denied
[33mWARN[0m[2026-08-26T03:17:37.7312+02:00] Ignoring message with unexpected type:       
Failed to write to log, can't make directories for new logfile: mkdir /var/logs: permission denied
[33mWARN[0m[2026-08-26T03:17:37.7315+02:00] Not a valid Opa Pdp Message                  
Failed to write to log, can't make directories for new logfile: mkdir /var/logs: permission denied
[33mWARN[0m[2026-08-26T03:17:37.7317+02:00] Ignoring message with unexpected type:       
Failed to write to log, can't make directories for new logfile: mkdir /var/logs: permission denied
[33mWARN[0m[2026-08-26T03:17:37.7322+02:00] Not a valid Opa Pdp Message                  
Failed to write to log, can't make directories for new logfile: mkdir /var/logs: permission denied
[33mWARN[0m[2026-08-26T03:17:37.7324+02:00] Ignoring message with unexpected type:       
Failed to write to log, can't make directories for new logfile: mkdir /var/logs: permission denied
[33mWARN[0m[2026-08-26T03:17:37.7324+02:00] Not a valid Opa Pdp Message                  
Failed to write to log, can't make directories for new logfile: mkdir /var/logs: permission denied
[33mWARN[0m[2026-08-26T03:17:37.7326+02:00] Ignoring message with unexpected type:       
Failed to write to log, can't make directories for new logfile: mkdir /var/logs: permission denied
[33mWARN[0m[2026-08-26T03:17:37.7327+02:00] Not a valid Opa Pdp Message                  
Failed to write to log, can't make directories for new logfile: mkdir /var/logs: permission denied
[33mWARN[0m[2026-08-26T03:17:37.7328+02:00] Ignoring message with unexpected type:       
Failed to write to log, can't make directories for new logfile: mkdir /var/logs: permission denied
[33mWARN[0m[2026-08-26T03:17:37.7331+02:00] Not a valid Opa Pdp Message                  
Failed to write to log, can't make directories for new logfile: mkdir /var/logs: permission denied
[33mWARN[0m[2026-08-26T03:17:37.7333+02:00] Not a valid Opa Pdp Message                  
Failed to write to log, can't make directories for new logfile: mkdir /var/logs: permission denied
[33mWARN[0m[2026-08-26T03:17:37.7333+02:00] Ignoring message with unexpected type:       
Failed to write to log, can't make directories for new logfile: mkdir /var/logs: permission denied
[33mWARN[0m[2026-08-26T03:17:37.7335+02:00] Not a valid Opa Pdp Message                  
Failed to write to log, can't make directories for new logfile: mkdir /var/logs: permission denied
[33mWARN[0m[2026-08-26T03:17:37.7338+02:00] Ignoring message with unexpected type:       
Failed to write to log, can't make directories for new logfile: mkdir /var/logs: permission denied
[33mWARN[0m[2026-08-26T03:17:37.7341+02:00] Not a valid Opa Pdp Message                  
Failed to write to log, can't make directories for new logfile: mkdir /var/logs: permission denied
[33mWARN[0m[2026-08-26T03:17:37.7343+02:00] Ignoring message with unexpected type:       
Failed to write to log, can't make directories for new logfile: mkdir /var/logs: permission denied
[33mWARN[0m[2026-08-26T03:17:37.7343+02:00] Not a valid Opa Pdp Message                  
Failed to write to log, can't make directories for new logfile: mkdir /var/logs: permission denied
[33mWARN[0m[2026-08-26T03:17:37.7345+02:00] Ignoring message with unexpected type:       
Failed to write to log, can't make directories for new logfile: mkdir /var/logs: permission denied
[33mWARN[0m[2026-08-26T03:17:37.7350+02:00] Not a valid Opa Pdp Message                  
Failed to write to log, can't make directories for new logfile: mkdir /var/logs: permission denied
[33mWARN[0m[2026-08-26T03:17:37.7350+02:00] Ignoring message with unexpected type:       
Failed to write to log, can't make directories for new logfile: mkdir /var/logs: permission denied
[33mWARN[0m[2026-08-26T03:17:37.7354+02:00] Not a valid Opa Pdp Message                  
Failed to write to log, can't make directories for new logfile: mkdir /var/logs: permission denied
[33mWARN[0m[2026-08-26T03:17:37.7355+02:00] Ignoring message with unexpected type:       
Failed to write to log, can't make directories for new logfile: mkdir /var/logs: permission denied
[33mWARN[0m[2026-08-26T03:17:37.7361+02:00] Not a valid Opa Pdp Message                  
Failed to write to log, can't make directories for new logfile: mkdir /var/logs: permission denied
[33mWARN[0m[2026-08-26T03:17:37.7362+02:00] Ignoring message with unexpected type:       
Failed to write to log, can't make directories for new logfile: mkdir /var/logs: permission denied
[33mWARN[0m[2026-08-26T03:17:37.7365+02:00] Not a valid Opa Pdp Message                  
Failed to write to log, can't make directories for new logfile: mkdir /var/logs: permission denied
[33mWARN[0m[2026-08-26T03:17:37.7368+02:00] Ignoring message with unexpected type:       
Failed to write to log, can't make directories for new logfile: mkdir /var/logs: permission denied
[33mWARN[0m[2026-08-26T03:17:37.7371+02:00] Ignoring message with unexpected type:       
Failed to write to log, can't make directories for new logfile: mkdir /var/logs: permission denied
[33mWARN[0m[2026-08-26T03:17:37.7369+02:00] Not a valid Opa Pdp Message                  
Failed to write to log, can't make directories for new logfile: mkdir /var/logs: permission denied
[33mWARN[0m[2026-08-26T03:17:37.7373+02:00] Ignoring message with unexpected type:       
Failed to write to log, can't make directories for new logfile: mkdir /var/logs: permission denied
[33mWARN[0m[2026-08-26T03:17:37.7376+02:00] Not a valid Opa Pdp Message                  
Failed to write to log, can't make directories for new logfile: mkdir /var/logs: permission denied
[33mWARN[0m[2026-08-26T03:17:37.7381+02:00] Ignoring message with unexpected type:       
Failed to write to log, can't make directories for new logfile: mkdir /var/logs: permission denied
[33mWARN[0m[2026-08-26T03:17:37.7384+02:00] Ignoring message with unexpected type:       
Failed to write to log, can't make directories for new logfile: mkdir /var/logs: permission denied
[33mWARN[0m[2026-08-26T03:17:37.7382+02:00] Not a valid Opa Pdp Message                  
Failed to write to log, can't make directories for new logfile: mkdir /var/logs: permission denied
[33mWARN[0m[2026-08-26T03:17:37.7389+02:00] Ignoring message with unexpected type:       
Failed to write to log, can't make directories for new logfile: mkdir /var/logs: permission denied
[33mWARN[0m[2026-08-26T03:17:37.7390+02:00] Not a valid Opa Pdp Message                  
Failed to write to log, can't make directories for new logfile: mkdir /var/logs: permission denied
[33mWARN[0m[2026-08-26T03:17:37.7394+02:00] Ignoring message with unexpected type:       
Failed to write to log, can't make directories for new logfile: mkdir /var/logs: permission denied
[33mWARN[0m[2026-08-26T03:17:37.7396+02:00] Not a valid Opa Pdp Message                  
Failed to write to log, can't make directories for new logfile: mkdir /var/logs: permission denied
[33mWARN[0m[2026-08-26T03:17:37.7399+02:00] Ignoring message with unexpected type:       
Failed to write to log, can't make directories for new logfile: mkdir /var/logs: permission denied
[33mWARN[0m[2026-08-26T03:17:37.7402+02:00] Ignoring message with unexpected type:       
Failed to write to log, can't make directories for new logfile: mkdir /var/logs: permission denied
[33mWARN[0m[2026-08-26T03:17:37.7405+02:00] Ignoring message with unexpected type:       
Failed to write to log, can't make directories for new logfile: mkdir /var/logs: permission denied
[33mWARN[0m[2026-08-26T03:17:37.7400+02:00] Not a valid Opa Pdp Message                  
Failed to write to log, can't make directories for new logfile: mkdir /var/logs: permission denied
[33mWARN[0m[2026-08-26T03:17:37.7410+02:00] Ignoring message with unexpected type:       
Failed to write to log, can't make directories for new logfile: mkdir /var/logs: permission denied
[33mWARN[0m[2026-08-26T03:17:37.7411+02:00] Not a valid Opa Pdp Message                  
Failed to write to log, can't make directories for new logfile: mkdir /var/logs: permission denied
[33mWARN[0m[2026-08-26T03:17:37.7416+02:00] Not a valid Opa Pdp Message                  
Failed to write to log, can't make directories for new logfile: mkdir /var/logs: permission denied
[33mWARN[0m[2026-08-26T03:17:37.7418+02:00] Not a valid Opa Pdp Message                  
Failed to write to log, can't make directories for new logfile: mkdir /var/logs: permission denied
[33mWARN[0m[2026-08-26T03:17:37.7414+02:00] Ignoring message with unexpected type:       
Failed to write to log, can't make directories for new logfile: mkdir /var/logs: permission denied
[33mWARN[0m[2026-08-26T03:17:37.7420+02:00] Not a valid Opa Pdp Message                  
Failed to write to log, can't make directories for new logfile: mkdir /var/logs: permission denied
[33mWARN[0m[2026-08-26T03:17:37.7422+02:00] Not a valid Opa Pdp Message                  
Failed to write to log, can't make directories for new logfile: mkdir /var/logs: permission denied
[33mWARN[0m[2026-08-26T03:17:37.7423+02:00] Ignoring message with unexpected type:       
Failed to write to log, can't make directories for new logfile: mkdir /var/logs: permission denied
[33mWARN[0m[2026-08-26T03:17:37.7424+02:00] Not a valid Opa Pdp Message                  
Failed to write to log, can't make directories for new logfile: mkdir /var/logs: permission denied
[33mWARN[0m[2026-08-26T03:17:37.7426+02:00] Ignoring message with unexpected type:       
Failed to write to log, can't make directories for new logfile: mkdir /var/logs: permission denied
[33mWARN[0m[2026-08-26T03:17:37.7427+02:00] Not a valid Opa Pdp Message                  
Failed to write to log, can't make directories for new logfile: mkdir /var/logs: permission denied
[33mWARN[0m[2026-08-26T03:17:37.7428+02:00] Ignoring message with unexpected type:       
Failed to write to log, can't make directories for new logfile: mkdir /var/logs: permission denied
[33mWARN[0m[2026-08-26T03:17:37.7429+02:00] Not a valid Opa Pdp Message                  
Failed to write to log, can't make directories for new logfile: mkdir /var/logs: permission denied
[33mWARN[0m[2026-08-26T03:17:37.7431+02:00] Ignoring message with unexpected type:       
Failed to write to log, can't make directories for new logfile: mkdir /var/logs: permission denied
[33mWARN[0m[2026-08-26T03:17:37.7435+02:00] Not a valid Opa Pdp Message                  
Failed to write to log, can't make directories for new logfile: mkdir /var/logs: permission denied
[33mWARN[0m[2026-08-26T03:17:37.7435+02:00] Ignoring message with unexpected type:       
Failed to write to log, can't make directories for new logfile: mkdir /var/logs: permission denied
[33mWARN[0m[2026-08-26T03:17:37.7439+02:00] Not a valid Opa Pdp Message                  
Failed to write to log, can't make directories for new logfile: mkdir /var/logs: permission denied
[33mWARN[0m[2026-08-26T03:17:37.7441+02:00] Ignoring message with unexpected type:       
Failed to write to log, can't make directories for new logfile: mkdir /var/logs: permission denied
[33mWARN[0m[2026-08-26T03:17:37.7446+02:00] Not a valid Opa Pdp Message                  
Failed to write to log, can't make directories for new logfile: mkdir /var/logs: permission denied
[33mWARN[0m[2026-08-26T03:17:37.7446+02:00] Ignoring message with unexpected type:       
Failed to write to log, can't make directories for new logfile: mkdir /var/logs: permission denied
[33mWARN[0m[2026-08-26T03:17:37.7451+02:00] Not a valid Opa Pdp Message                  
Failed to write to log, can't make directories for new logfile: mkdir /var/logs: permission denied
[33mWARN[0m[2026-08-26T03:17:37.7454+02:00] Ignoring message with unexpected type:       
Failed to write to log, can't make directories for new logfile: mkdir /var/logs: permission denied
[33mWARN[0m[2026-08-26T03:17:37.7454+02:00] Not a valid Opa Pdp Message                  
Failed to write to log, can't make directories for new logfile: mkdir /var/logs: permission denied
[33mWARN[0m[2026-08-26T03:17:37.7457+02:00] Ignoring message with unexpected type:       
Failed to write to log, can't make directories for new logfile: mkdir /var/logs: permission denied
[33mWARN[0m[2026-08-26T03:17:37.7461+02:00] Not a valid Opa Pdp Message                  
Failed to write to log, can't make directories for new logfile: mkdir /var/logs: permission denied
[33mWARN[0m[2026-08-26T03:17:37.7462+02:00] Ignoring message with unexpected type:       
Failed to write to log, can't make directories for new logfile: mkdir /var/logs: permission denied
[33mWARN[0m[2026-08-26T03:17:37.7463+02:00] Not a valid Opa Pdp Message                  
Failed to write to log, can't make directories for new logfile: mkdir /var/logs: permission denied
[33mWARN[0m[2026-08-26T03:17:37.7464+02:00] Ignoring message with unexpected type:       
Failed to write to log, can't make directories for new logfile: mkdir /var/logs: permission denied
[33mWARN[0m[2026-08-26T03:17:37.7465+02:00] Not a valid Opa Pdp Message                  
Failed to write to log, can't make directories for new logfile: mkdir /var/logs: permission denied
[33mWARN[0m[2026-08-26T03:17:37.7466+02:00] Ignoring message with unexpected type:       
Failed to write to log, can't make directories for new logfile: mkdir /var/logs: permission denied
[33mWARN[0m[2026-08-26T03:17:37.7467+02:00] Not a valid Opa Pdp Message                  
Failed to write to log, can't make directories for new logfile: mkdir /var/logs: permission denied
[33mWARN[0m[2026-08-26T03:17:37.7468+02:00] Ignoring message with unexpected type:       
Failed to write to log, can't make directories for new logfile: mkdir /var/logs: permission denied
[33mWARN[0m[2026-08-26T03:17:37.7473+02:00] Not a valid Opa Pdp Message                  
Failed to write to log, can't make directories for new logfile: mkdir /var/logs: permission denied
[33mWARN[0m[2026-08-26T03:17:37.7474+02:00] Ignoring message with unexpected type:       
Failed to write to log, can't make directories for new logfile: mkdir /var/logs: permission denied
[33mWARN[0m[2026-08-26T03:17:37.7475+02:00] Not a valid Opa Pdp Message                  
Failed to write to log, can't make directories for new logfile: mkdir /var/logs: permission denied
[33mWARN[0m[2026-08-26T03:17:37.7476+02:00] Ignoring message with unexpected type:       
Failed to write to log, can't make directories for new logfile: mkdir /var/logs: permission denied
[33mWARN[0m[2026-08-26T03:17:37.7477+02:00] Not a valid Opa Pdp Message                  
Failed to write to log, can't make directories for new logfile: mkdir /var/logs: permission denied
[33mWARN[0m[2026-08-26T03:17:37.7479+02:00] Ignoring message with unexpected type:       
Failed to write to log, can't make directories for new logfile: mkdir /var/logs: permission denied
[33mWARN[0m[2026-08-26T03:17:37.7480+02:00] Not a valid Opa Pdp Message                  
Failed to write to log, can't make directories for new logfile: mkdir /var/logs: permission denied
[33mWARN[0m[2026-08-26T03:17:37.7481+02:00] Ignoring message with unexpected type:       
Failed to write to log, can't make directories for new logfile: mkdir /var/logs: permission denied
[33mWARN[0m[2026-08-26T03:17:37.7482+02:00] Not a valid Opa Pdp Message                  
Failed to write to log, can't make directories for new logfile: mkdir /var/logs: permission denied
[33mWARN[0m[2026-08-26T03:17:37.7484+02:00] Ignoring message with unexpected type:       
Failed to write to log, can't make directories for new logfile: mkdir /var/logs: permission denied
[33mWARN[0m[2026-08-26T03:17:37.7489+02:00] Ignoring message with unexpected type:       
Failed to write to log, can't make directories for new logfile: mkdir /var/logs: permission denied
[33mWARN[0m[2026-08-26T03:17:37.7490+02:00] Not a valid Opa Pdp Message                  
Failed to write to log, can't make directories for new logfile: mkdir /var/logs: permission denied
[33mWARN[0m[2026-08-26T03:17:37.7493+02:00] Ignoring message with unexpected type:       
Failed to write to log, can't make directories for new logfile: mkdir /var/logs: permission denied
[33mWARN[0m[2026-08-26T03:17:37.7496+02:00] Not a valid Opa Pdp Message                  
Failed to write to log, can't make directories for new logfile: mkdir /var/logs: permission denied
[33mWARN[0m[2026-08-26T03:17:37.7497+02:00] Ignoring message with unexpected type:       
Failed to write to log, can't make directories for new logfile: mkdir /var/logs: permission denied
[33mWARN[0m[2026-08-26T03:17:37.7501+02:00] Ignoring message with unexpected type:       
Failed to write to log, can't make directories for new logfile: mkdir /var/logs: permission denied
[33mWARN[0m[2026-08-26T03:17:37.7503+02:00] Not a valid Opa Pdp Message                  
Failed to write to log, can't make directories for new logfile: mkdir /var/logs: permission denied
[33mWARN[0m[2026-08-26T03:17:37.7506+02:00] Ignoring message with unexpected type:       
Failed to write to log, can't make directories for new logfile: mkdir /var/logs: permission denied
[33mWARN[0m[2026-08-26T03:17:37.7507+02:00] Not a valid Opa Pdp Message                  
Failed to write to log, can't make directories for new logfile: mkdir /var/logs: permission denied
[33mWARN[0m[2026-08-26T03:17:37.7509+02:00] Ignoring message with unexpected type:       
Failed to write to log, can't make directories for new logfile: mkdir /var/logs: permission denied
[33mWARN[0m[2026-08-26T03:17:37.7513+02:00] Not a valid Opa Pdp Message                  
Failed to write to log, can't make directories for new logfile: mkdir /var/logs: permission denied
[33mWARN[0m[2026-08-26T03:17:37.7514+02:00] Ignoring message with unexpected type:       
Failed to write to log, can't make directories for new logfile: mkdir /var/logs: permission denied
[33mWARN[0m[2026-08-26T03:17:37.7517+02:00] Not a valid Opa Pdp Message                  
Failed to write to log, can't make directories for new logfile: mkdir /var/logs: permission denied
[33mWARN[0m[2026-08-26T03:17:37.7518+02:00] Ignoring message with unexpected type:       
Failed to write to log, can't make directories for new logfile: mkdir /var/logs: permission denied
[33mWARN[0m[2026-08-26T03:17:37.7519+02:00] Not a valid Opa Pdp Message                  
Failed to write to log, can't make directories for new logfile: mkdir /var/logs: permission denied
[33mWARN[0m[2026-08-26T03:17:37.7520+02:00] Ignoring message with unexpected type:       
Failed to write to log, can't make directories for new logfile: mkdir /var/logs: permission denied
[33mWARN[0m[2026-08-26T03:17:37.7523+02:00] Ignoring message with unexpected type:       
Failed to write to log, can't make directories for new logfile: mkdir /var/logs: permission denied
[33mWARN[0m[2026-08-26T03:17:37.7525+02:00] Ignoring message with unexpected type:       
Failed to write to log, can't make directories for new logfile: mkdir /var/logs: permission denied
[33mWARN[0m[2026-08-26T03:17:37.7521+02:00] Not a valid Opa Pdp Message                  
Failed to write to log, can't make directories for new logfile: mkdir /var/logs: permission denied
[33mWARN[0m[2026-08-26T03:17:37.7530+02:00] Ignoring message with unexpected type:       
Failed to write to log, can't make directories for new logfile: mkdir /var/logs: permission denied
[33mWARN[0m[2026-08-26T03:17:37.7533+02:00] Not a valid Opa Pdp Message                  
Failed to write to log, can't make directories for new logfile: mkdir /var/logs: permission denied
[33mWARN[0m[2026-08-26T03:17:37.7535+02:00] Ignoring message with unexpected type:       
Failed to write to log, can't make directories for new logfile: mkdir /var/logs: permission denied
[33mWARN[0m[2026-08-26T03:17:37.7536+02:00] Not a valid Opa Pdp Message                  
Failed to write to log, can't make directories for new logfile: mkdir /var/logs: permission denied
[33mWARN[0m[2026-08-26T03:17:37.7540+02:00] Not a valid Opa Pdp Message                  
Failed to write to log, can't make directories for new logfile: mkdir /var/logs: permission denied
[33mWARN[0m[2026-08-26T03:17:37.7539+02:00] Ignoring message with unexpected type:       
Failed to write to log, can't make directories for new logfile: mkdir /var/logs: permission denied
[33mWARN[0m[2026-08-26T03:17:37.7543+02:00] Not a valid Opa Pdp Message                  
Failed to write to log, can't make directories for new logfile: mkdir /var/logs: permission denied
[33mWARN[0m[2026-08-26T03:17:37.7544+02:00] Ignoring message with unexpected type:       
Failed to write to log, can't make directories for new logfile: mkdir /var/logs: permission denied
[33mWARN[0m[2026-08-26T03:17:37.7545+02:00] Not a valid Opa Pdp Message                  
Failed to write to log, can't make directories for new logfile: mkdir /var/logs: permission denied
[33mWARN[0m[2026-08-26T03:17:37.7547+02:00] Ignoring message with unexpected type:       
Failed to write to log, can't make directories for new logfile: mkdir /var/logs: permission denied
[33mWARN[0m[2026-08-26T03:17:37.7549+02:00] Not a valid Opa Pdp Message                  
Failed to write to log, can't make directories for new logfile: mkdir /var/logs: permission denied
[33mWARN[0m[2026-08-26T03:17:37.7550+02:00] Ignoring message with unexpected type:       
Failed to write to log, can't make directories for new logfile: mkdir /var/logs: permission denied
[33mWARN[0m[2026-08-26T03:17:37.7551+02:00] Not a valid Opa Pdp Message                  
Failed to write to log, can't make directories for new logfile: mkdir /var/logs: permission denied
[33mWARN[0m[2026-08-26T03:17:37.7552+02:00] Ignoring message with unexpected type:       
Failed to write to log, can't make directories for new logfile: mkdir /var/logs: permission denied
[33mWARN[0m[2026-08-26T03:17:37.7553+02:00] Not a valid Opa Pdp Message                  
Failed to write to log, can't make directories for new logfile: mkdir /var/logs: permission denied
[33mWARN[0m[2026-08-26T03:17:37.7555+02:00] Ignoring message with unexpected type:       
Failed to write to log, can't make directories for new logfile: mkdir /var/logs: permission denied
[33mWARN[0m[2026-08-26T03:17:37.7559+02:00] Ignoring message with unexpected type:       
Failed to write to log, can't make directories for new logfile: mkdir /var/logs: permission denied
[33mWARN[0m[2026-08-26T03:17:37.7559+02:00] Not a valid Opa Pdp Message                  
Failed to write to log, can't make directories for new logfile: mkdir /var/logs: permission denied
[33mWARN[0m[2026-08-26T03:17:37.7563+02:00] Ignoring message with unexpected type:       
Failed to write to log, can't make directories for new logfile: mkdir /var/logs: permission denied
[33mWARN[0m[2026-08-26T03:17:37.7564+02:00] Not a valid Opa Pdp Message                  
Failed to write to log, can't make directories for new logfile: mkdir /var/logs: permission denied
[33mWARN[0m[2026-08-26T03:17:37.7567+02:00] Ignoring message with unexpected type:       
Failed to write to log, can't make directories for new logfile: mkdir /var/logs: permission denied
[33mWARN[0m[2026-08-26T03:17:37.7568+02:00] Not a valid Opa Pdp Message                  
Failed to write to log, can't make directories for new logfile: mkdir /var/logs: permission denied
[33mWARN[0m[2026-08-26T03:17:37.7570+02:00] Ignoring message with unexpected type:       
Failed to write to log, can't make directories for new logfile: mkdir /var/logs: permission denied
[33mWARN[0m[2026-08-26T03:17:37.7574+02:00] Not a valid Opa Pdp Message                  
Failed to write to log, can't make directories for new logfile: mkdir /var/logs: permission denied
[33mWARN[0m[2026-08-26T03:17:37.7575+02:00] Ignoring message with unexpected type:       
Failed to write to log, can't make directories for new logfile: mkdir /var/logs: permission denied
[33mWARN[0m[2026-08-26T03:17:37.7576+02:00] Not a valid Opa Pdp Message                  
Failed to write to log, can't make directories for new logfile: mkdir /var/logs: permission denied
[33mWARN[0m[2026-08-26T03:17:37.7577+02:00] Ignoring message with unexpected type:       
Failed to write to log, can't make directories for new logfile: mkdir /var/logs: permission denied
[33mWARN[0m[2026-08-26T03:17:37.7581+02:00] Not a valid Opa Pdp Message                  
Failed to write to log, can't make directories for new logfile: mkdir /var/logs: permission denied
[33mWARN[0m[2026-08-26T03:17:37.7583+02:00] Ignoring message with unexpected type:       
Failed to write to log, can't make directories for new logfile: mkdir /var/logs: permission denied
[33mWARN[0m[2026-08-26T03:17:37.7586+02:00] Not a valid Opa Pdp Message                  
Failed to write to log, can't make directories for new logfile: mkdir /var/logs: permission denied
[33mWARN[0m[2026-08-26T03:17:37.7586+02:00] Ignoring message with unexpected type:       
Failed to write to log, can't make directories for new logfile: mkdir /var/logs: permission denied
[33mWARN[0m[2026-08-26T03:17:37.7591+02:00] Not a valid Opa Pdp Message                  
Failed to write to log, can't make directories for new logfile: mkdir /var/logs: permission denied
[33mWARN[0m[2026-08-26T03:17:37.7592+02:00] Ignoring message with unexpected type:       
Failed to write to log, can't make directories for new logfile: mkdir /var/logs: permission denied
[33mWARN[0m[2026-08-26T03:17:37.7596+02:00] Not a valid Opa Pdp Message                  
Failed to write to log, can't make directories for new logfile: mkdir /var/logs: permission denied
[33mWARN[0m[2026-08-26T03:17:37.7598+02:00] Ignoring message with unexpected type:       
Failed to write to log, can't make directories for new logfile: mkdir /var/logs: permission denied
[33mWARN[0m[2026-08-26T03:17:37.7601+02:00] Not a valid Opa Pdp Message                  
Failed to write to log, can't make directories for new logfile: mkdir /var/logs: permission denied
[33mWARN[0m[2026-08-26T03:17:37.7602+02:00] Ignoring message with unexpected type:       
Failed to write to log, can't make directories for new logfile: mkdir /var/logs: permission denied
[33mWARN[0m[2026-08-26T03:17:37.7608+02:00] Not a valid Opa Pdp Message                  
Failed to write to log, can't make directories for new logfile: mkdir /var/logs: permission denied
[33mWARN[0m[2026-08-26T03:17:37.7610+02:00] Ignoring message with unexpected type:       
Failed to write to log, can't make directories for new logfile: mkdir /var/logs: permission denied
[33mWARN[0m[2026-08-26T03:17:37.7612+02:00] Not a valid Opa Pdp Message                  
Failed to write to log, can't make directories for new logfile: mkdir /var/logs: permission denied
[33mWARN[0m[2026-08-26T03:17:37.7615+02:00] Ignoring message with unexpected type:       
Failed to write to log, can't make directories for new logfile: mkdir /var/logs: permission denied
[33mWARN[0m[2026-08-26T03:17:37.7616+02:00] Not a valid Opa Pdp Message                  
Failed to write to log, can't make directories for new logfile: mkdir /var/logs: permission denied
[33mWARN[0m[2026-08-26T03:17:37.7617+02:00] Ignoring message with unexpected type:       
Failed to write to log, can't make directories for new logfile: mkdir /var/logs: permission denied
[33mWARN[0m[2026-08-26T03:17:37.7618+02:00] Not a valid Opa Pdp Message                  
Failed to write to log, can't make directories for new logfile: mkdir /var/logs: permission denied
[33mWARN[0m[2026-08-26T03:17:37.7620+02:00] Ignoring message with unexpected type:       
Failed to write to log, can't make directories for new logfile: mkdir /var/logs: permission denied
[33mWARN[0m[2026-08-26T03:17:37.7621+02:00] Not a valid Opa Pdp Message                  
Failed to write to log, can't make directories for new logfile: mkdir /var/logs: permission denied
[33mWARN[0m[2026-08-26T03:17:37.7622+02:00] Ignoring message with unexpected type:       
Failed to write to log, can't make directories for new logfile: mkdir /var/logs: permission denied
[33mWARN[0m[2026-08-26T03:17:37.7627+02:00] Not a valid Opa Pdp Message                  
Failed to write to log, can't make directories for new logfile: mkdir /var/logs: permission denied
[33mWARN[0m[2026-08-26T03:17:37.7628+02:00] Ignoring message with unexpected type:       
Failed to write to log, can't make directories for new logfile: mkdir /var/logs: permission denied
[33mWARN[0m[2026-08-26T03:17:37.7628+02:00] Not a valid Opa Pdp Message                  
Failed to write to log, can't make directories for new logfile: mkdir /var/logs: permission denied
[33mWARN[0m[2026-08-26T03:17:37.7631+02:00] Ignoring message with unexpected type:       
Failed to write to log, can't make directories for new logfile: mkdir /var/logs: permission denied
[33mWARN[0m[2026-08-26T03:17:37.7631+02:00] Not a valid Opa Pdp Message                  
Failed to write to log, can't make directories for new logfile: mkdir /var/logs: permission denied
[33mWARN[0m[2026-08-26T03:17:37.7633+02:00] Ignoring message with unexpected type:       
Failed to write to log, can't make directories for new logfile: mkdir /var/logs: permission denied
[33mWARN[0m[2026-08-26T03:17:37.7634+02:00] Not a valid Opa Pdp Message                  
Failed to write to log, can't make directories for new logfile: mkdir /var/logs: permission denied
[33mWARN[0m[2026-08-26T03:17:37.7635+02:00] Ignoring message with unexpected type:       
Failed to write to log, can't make directories for new logfile: mkdir /var/logs: permission denied
[33mWARN[0m[2026-08-26T03:17:37.7640+02:00] Not a valid Opa Pdp Message                  
Failed to write to log, can't make directories for new logfile: mkdir /var/logs: permission denied
[33mWARN[0m[2026-08-26T03:17:37.7641+02:00] Ignoring message with unexpected type:       
Failed to write to log, can't make directories for new logfile: mkdir /var/logs: permission denied
[33mWARN[0m[2026-08-26T03:17:37.7644+02:00] Ignoring message with unexpected type:       
Failed to write to log, can't make directories for new logfile: mkdir /var/logs: permission denied
[33mWARN[0m[2026-08-26T03:17:37.7642+02:00] Not a valid Opa Pdp Message                  
Failed to write to log, can't make directories for new logfile: mkdir /var/logs: permission denied
[33mWARN[0m[2026-08-26T03:17:37.7646+02:00] Ignoring message with unexpected type:       
Failed to write to log, can't make directories for new logfile: mkdir /var/logs: permission denied
[33mWARN[0m[2026-08-26T03:17:37.7647+02:00] Not a valid Opa Pdp Message                  
Failed to write to log, can't make directories for new logfile: mkdir /var/logs: permission denied
[33mWARN[0m[2026-08-26T03:17:37.7648+02:00] Ignoring message with unexpected type:       
Failed to write to log, can't make directories for new logfile: mkdir /var/logs: permission denied
[33mWARN[0m[2026-08-26T03:17:37.7649+02:00] Not a valid Opa Pdp Message                  
Failed to write to log, can't make directories for new logfile: mkdir /var/logs: permission denied
[33mWARN[0m[2026-08-26T03:17:37.7651+02:00] Ignoring message with unexpected type:       
Failed to write to log, can't make directories for new logfile: mkdir /var/logs: permission denied
[33mWARN[0m[2026-08-26T03:17:37.7655+02:00] Ignoring message with unexpected type:       
Failed to write to log, can't make directories for new logfile: mkdir /var/logs: permission denied
[33mWARN[0m[2026-08-26T03:17:37.7652+02:00] Not a valid Opa Pdp Message                  
Failed to write to log, can't make directories for new logfile: mkdir /var/logs: permission denied
[33mWARN[0m[2026-08-26T03:17:37.7658+02:00] Ignoring message with unexpected type:       
Failed to write to log, can't make directories for new logfile: mkdir /var/logs: permission denied
[33mWARN[0m[2026-08-26T03:17:37.7661+02:00] Ignoring message with unexpected type:       
Failed to write to log, can't make directories for new logfile: mkdir /var/logs: permission denied
[33mWARN[0m[2026-08-26T03:17:37.7660+02:00] Not a valid Opa Pdp Message                  
Failed to write to log, can't make directories for new logfile: mkdir /var/logs: permission denied
[33mWARN[0m[2026-08-26T03:17:37.7664+02:00] Ignoring message with unexpected type:       
Failed to write to log, can't make directories for new logfile: mkdir /var/logs: permission denied
[33mWARN[0m[2026-08-26T03:17:37.7670+02:00] Not a valid Opa Pdp Message                  
Failed to write to log, can't make directories for new logfile: mkdir /var/logs: permission denied
[33mWARN[0m[2026-08-26T03:17:37.7670+02:00] Ignoring message with unexpected type:       
Failed to write to log, can't make directories for new logfile: mkdir /var/logs: permission denied
[33mWARN[0m[2026-08-26T03:17:37.7673+02:00] Not a valid Opa Pdp Message                  
Failed to write to log, can't make directories for new logfile: mkdir /var/logs: permission denied
[33mWARN[0m[2026-08-26T03:17:37.7676+02:00] Not a valid Opa Pdp Message                  
Failed to write to log, can't make directories for new logfile: mkdir /var/logs: permission denied
[33mWARN[0m[2026-08-26T03:17:37.7676+02:00] Ignoring message with unexpected type:       
Failed to write to log, can't make directories for new logfile: mkdir /var/logs: permission denied
[33mWARN[0m[2026-08-26T03:17:37.7679+02:00] Not a valid Opa Pdp Message                  
Failed to write to log, can't make directories for new logfile: mkdir /var/logs: permission denied
[33mWARN[0m[2026-08-26T03:17:37.7681+02:00] Ignoring message with unexpected type:       
Failed to write to log, can't make directories for new logfile: mkdir /var/logs: permission denied
[33mWARN[0m[2026-08-26T03:17:37.7686+02:00] Ignoring message with unexpected type:       
Failed to write to log, can't make directories for new logfile: mkdir /var/logs: permission denied
[33mWARN[0m[2026-08-26T03:17:37.7686+02:00] Not a valid Opa Pdp Message                  
Failed to write to log, can't make directories for new logfile: mkdir /var/logs: permission denied
[33mWARN[0m[2026-08-26T03:17:37.7692+02:00] Ignoring message with unexpected type:       
Failed to write to log, can't make directories for new logfile: mkdir /var/logs: permission denied
[33mWARN[0m[2026-08-26T03:17:37.7696+02:00] Not a valid Opa Pdp Message                  
Failed to write to log, can't make directories for new logfile: mkdir /var/logs: permission denied
[33mWARN[0m[2026-08-26T03:17:37.7703+02:00] Ignoring message with unexpected type:       
Failed to write to log, can't make directories for new logfile: mkdir /var/logs: permission denied
[33mWARN[0m[2026-08-26T03:17:37.7709+02:00] Ignoring message with unexpected type:       
Failed to write to log, can't make directories for new logfile: mkdir /var/logs: permission denied
[33mWARN[0m[2026-08-26T03:17:37.7714+02:00] Ignoring message with unexpected type:       
Failed to write to log, can't make directories for new logfile: mkdir /var/logs: permission denied
[33mWARN[0m[2026-08-26T03:17:37.7720+02:00] Ignoring message with unexpected type:       
Failed to write to log, can't make directories for new logfile: mkdir /var/logs: permission denied
[33mWARN[0m[2026-08-26T03:17:37.7727+02:00] Ignoring message with unexpected type:       
Failed to write to log, can't make directories for new logfile: mkdir /var/logs: permission denied
[33mWARN[0m[2026-08-26T03:17:37.7704+02:00] Not a valid Opa Pdp Message                  
Failed to write to log, can't make directories for new logfile: mkdir /var/logs: permission denied
[33mWARN[0m[2026-08-26T03:17:37.7734+02:00] Not a valid Opa Pdp Message                  
Failed to write to log, can't make directories for new logfile: mkdir /var/logs: permission denied
[33mWARN[0m[2026-08-26T03:17:37.7736+02:00] Not a valid Opa Pdp Message                  
Failed to write to log, can't make directories for new logfile: mkdir /var/logs: permission denied
[33mWARN[0m[2026-08-26T03:17:37.7739+02:00] Not a valid Opa Pdp Message                  
Failed to write to log, can't make directories for new logfile: mkdir /var/logs: permission denied
[33mWARN[0m[2026-08-26T03:17:37.7741+02:00] Not a valid Opa Pdp Message                  
Failed to write to log, can't make directories for new logfile: mkdir /var/logs: permission denied
[33mWARN[0m[2026-08-26T03:17:37.7743+02:00] Not a valid Opa Pdp Message                  
Failed to write to log, can't make directories for new logfile: mkdir /var/logs: permission denied
[33mWARN[0m[2026-08-26T03:17:37.7745+02:00] Not a valid Opa Pdp Message                  
Failed to write to log, can't make directories for new logfile: mkdir /var/logs: permission denied
[33mWARN[0m[2026-08-26T03:17:37.7733+02:00] Ignoring message with unexpected type:       
Failed to write to log, can't make directories for new logfile: mkdir /var/logs: permission denied
[33mWARN[0m[2026-08-26T03:17:37.7753+02:00] Not a valid Opa Pdp Message                  
Failed to write to log, can't make directories for new logfile: mkdir /var/logs: permission denied
[33mWARN[0m[2026-08-26T03:17:37.7757+02:00] Not a valid Opa Pdp Message                  
Failed to write to log, can't make directories for new logfile: mkdir /var/logs: permission denied
[33mWARN[0m[2026-08-26T03:17:37.7760+02:00] Not a valid Opa Pdp Message                  
Failed to write to log, can't make directories for new logfile: mkdir /var/logs: permission denied
[33mWARN[0m[2026-08-26T03:17:37.7762+02:00] Ignoring message with unexpected type:       
Failed to write to log, can't make directories for new logfile: mkdir /var/logs: permission denied
[33mWARN[0m[2026-08-26T03:17:37.7764+02:00] Not a valid Opa Pdp Message                  
Failed to write to log, can't make directories for new logfile: mkdir /var/logs: permission denied
[33mWARN[0m[2026-08-26T03:17:37.7767+02:00] Ignoring message with unexpected type:       
Failed to write to log, can't make directories for new logfile: mkdir /var/logs: permission denied
[33mWARN[0m[2026-08-26T03:17:37.7768+02:00] Not a valid Opa Pdp Message                  
Failed to write to log, can't make directories for new logfile: mkdir /var/logs: permission denied
[33mWARN[0m[2026-08-26T03:17:37.7771+02:00] Ignoring message with unexpected type:       
Failed to write to log, can't make directories for new logfile: mkdir /var/logs: permission denied
[33mWARN[0m[2026-08-26T03:17:37.7771+02:00] Not a valid Opa Pdp Message                  
Failed to write to log, can't make directories for new logfile: mkdir /var/logs: permission denied
[33mWARN[0m[2026-08-26T03:17:37.7777+02:00] Not a valid Opa Pdp Message                  
Failed to write to log, can't make directories for new logfile: mkdir /var/logs: permission denied
[33mWARN[0m[2026-08-26T03:17:37.7779+02:00] Not a valid Opa Pdp Message                  
Failed to write to log, can't make directories for new logfile: mkdir /var/logs: permission denied
[33mWARN[0m[2026-08-26T03:17:37.7778+02:00] Ignoring message with unexpected type:       
Failed to write to log, can't make directories for new logfile: mkdir /var/logs: permission denied
[33mWARN[0m[2026-08-26T03:17:37.7781+02:00] Not a valid Opa Pdp Message                  
Failed to write to log, can't make directories for new logfile: mkdir /var/logs: permission denied
[33mWARN[0m[2026-08-26T03:17:37.7787+02:00] Ignoring message with unexpected type:       
Failed to write to log, can't make directories for new logfile: mkdir /var/logs: permission denied
[33mWARN[0m[2026-08-26T03:17:37.7787+02:00] Not a valid Opa Pdp Message                  
Failed to write to log, can't make directories for new logfile: mkdir /var/logs: permission denied
[33mWARN[0m[2026-08-26T03:17:37.7793+02:00] Not a valid Opa Pdp Message                  
Failed to write to log, can't make directories for new logfile: mkdir /var/logs: permission denied
[33mWARN[0m[2026-08-26T03:17:37.7796+02:00] Not a valid Opa Pdp Message                  
Failed to write to log, can't make directories for new logfile: mkdir /var/logs: permission denied
[33mWARN[0m[2026-08-26T03:17:37.7793+02:00] Ignoring message with unexpected type:       
Failed to write to log, can't make directories for new logfile: mkdir /var/logs: permission denied
[33mWARN[0m[2026-08-26T03:17:37.7800+02:00] Not a valid Opa Pdp Message                  
Failed to write to log, can't make directories for new logfile: mkdir /var/logs: permission denied
[33mWARN[0m[2026-08-26T03:17:37.7801+02:00] Ignoring message with unexpected type:       
Failed to write to log, can't make directories for new logfile: mkdir /var/logs: permission denied
[33mWARN[0m[2026-08-26T03:17:37.7803+02:00] Not a valid Opa Pdp Message                  
Failed to write to log, can't make directories for new logfile: mkdir /var/logs: permission denied
[33mWARN[0m[2026-08-26T03:17:37.7804+02:00] Ignoring message with unexpected type:       
Failed to write to log, can't make directories for new logfile: mkdir /var/logs: permission denied
[33mWARN[0m[2026-08-26T03:17:37.7807+02:00] Not a valid Opa Pdp Message                  
Failed to write to log, can't make directories for new logfile: mkdir /var/logs: permission denied
[33mWARN[0m[2026-08-26T03:17:37.7808+02:00] Ignoring message with unexpected type:       
Failed to write to log, can't make directories for new logfile: mkdir /var/logs: permission denied
[33mWARN[0m[2026-08-26T03:17:37.7811+02:00] Not a valid Opa Pdp Message                  
Failed to write to log, can't make directories for new logfile: mkdir /var/logs: permission denied
[33mWARN[0m[2026-08-26T03:17:37.7813+02:00] Ignoring message with unexpected type:       
Failed to write to log, can't make directories for new logfile: mkdir /var/logs: permission denied
[33mWARN[0m[2026-08-26T03:17:37.7817+02:00] Ignoring message with unexpected type:       
Failed to write to log, can't make directories for new logfile: mkdir /var/logs: permission denied
[33mWARN[0m[2026-08-26T03:17:37.7821+02:00] Ignoring message with unexpected type:       
Failed to write to log, can't make directories for new logfile: mkdir /var/logs: permission denied
[33mWARN[0m[2026-08-26T03:17:37.7816+02:00] Not a valid Opa Pdp Message                  
Failed to write to log, can't make directories for new logfile: mkdir /var/logs: permission denied
[33mWARN[0m[2026-08-26T03:17:37.7825+02:00] Ignoring message with unexpected type:       
Failed to write to log, can't make directories for new logfile: mkdir /var/logs: permission denied
[33mWARN[0m[2026-08-26T03:17:37.7827+02:00] Not a valid Opa Pdp Message                  
Failed to write to log, can't make directories for new logfile: mkdir /var/logs: permission denied
[33mWARN[0m[2026-08-26T03:17:37.7829+02:00] Ignoring message with unexpected type:       
Failed to write to log, can't make directories for new logfile: mkdir /var/logs: permission denied
[33mWARN[0m[2026-08-26T03:17:37.7832+02:00] Not a valid Opa Pdp Message                  
Failed to write to log, can't make directories for new logfile: mkdir /var/logs: permission denied
[33mWARN[0m[2026-08-26T03:17:37.7834+02:00] Ignoring message with unexpected type:       
Failed to write to log, can't make directories for new logfile: mkdir /var/logs: permission denied
[33mWARN[0m[2026-08-26T03:17:37.7837+02:00] Not a valid Opa Pdp Message                  
Failed to write to log, can't make directories for new logfile: mkdir /var/logs: permission denied
[33mWARN[0m[2026-08-26T03:17:37.7839+02:00] Not a valid Opa Pdp Message                  
Failed to write to log, can't make directories for new logfile: mkdir /var/logs: permission denied
[33mWARN[0m[2026-08-26T03:17:37.7839+02:00] Ignoring message with unexpected type:       
Failed to write to log, can't make directories for new logfile: mkdir /var/logs: permission denied
[33mWARN[0m[2026-08-26T03:17:37.7841+02:00] Not a valid Opa Pdp Message                  
Failed to write to log, can't make directories for new logfile: mkdir /var/logs: permission denied
[33mWARN[0m[2026-08-26T03:17:37.7843+02:00] Ignoring message with unexpected type:       
Failed to write to log, can't make directories for new logfile: mkdir /var/logs: permission denied
[33mWARN[0m[2026-08-26T03:17:37.7846+02:00] Not a valid Opa Pdp Message                  
Failed to write to log, can't make directories for new logfile: mkdir /var/logs: permission denied
[33mWARN[0m[2026-08-26T03:17:37.7847+02:00] Ignoring message with unexpected type:       
Failed to write to log, can't make directories for new logfile: mkdir /var/logs: permission denied
[33mWARN[0m[2026-08-26T03:17:37.7849+02:00] Not a valid Opa Pdp Message                  
Failed to write to log, can't make directories for new logfile: mkdir /var/logs: permission denied
[33mWARN[0m[2026-08-26T03:17:37.7850+02:00] Ignoring message with unexpected type:       
Failed to write to log, can't make directories for new logfile: mkdir /var/logs: permission denied
[33mWARN[0m[2026-08-26T03:17:37.7850+02:00] Not a valid Opa Pdp Message                  
Failed to write to log, can't make directories for new logfile: mkdir /var/logs: permission denied
[33mWARN[0m[2026-08-26T03:17:37.7853+02:00] Ignoring message with unexpected type:       
Failed to write to log, can't make directories for new logfile: mkdir /var/logs: permission denied
[33mWARN[0m[2026-08-26T03:17:37.7855+02:00] Not a valid Opa Pdp Message                  
Failed to write to log, can't make directories for new logfile: mkdir /var/logs: permission denied
[33mWARN[0m[2026-08-26T03:17:37.7856+02:00] Ignoring message with unexpected type:       
Failed to write to log, can't make directories for new logfile: mkdir /var/logs: permission denied
[33mWARN[0m[2026-08-26T03:17:37.7857+02:00] Not a valid Opa Pdp Message                  
Failed to write to log, can't make directories for new logfile: mkdir /var/logs: permission denied
[33mWARN[0m[2026-08-26T03:17:37.7859+02:00] Ignoring message with unexpected type:       
Failed to write to log, can't make directories for new logfile: mkdir /var/logs: permission denied
[33mWARN[0m[2026-08-26T03:17:37.7859+02:00] Not a valid Opa Pdp Message                  
Failed to write to log, can't make directories for new logfile: mkdir /var/logs: permission denied
[33mWARN[0m[2026-08-26T03:17:37.7861+02:00] Ignoring message with unexpected type:       
Failed to write to log, can't make directories for new logfile: mkdir /var/logs: permission denied
[33mWARN[0m[2026-08-26T03:17:37.7866+02:00] Not a valid Opa Pdp Message                  
Failed to write to log, can't make directories for new logfile: mkdir /var/logs: permission denied
[33mWARN[0m[2026-08-26T03:17:37.7867+02:00] Ignoring message with unexpected type:       
Failed to write to log, can't make directories for new logfile: mkdir /var/logs: permission denied
[33mWARN[0m[2026-08-26T03:17:37.7867+02:00] Not a valid Opa Pdp Message                  
Failed to write to log, can't make directories for new logfile: mkdir /var/logs: permission denied
[33mWARN[0m[2026-08-26T03:17:37.7869+02:00] Ignoring message with unexpected type:       
Failed to write to log, can't make directories for new logfile: mkdir /var/logs: permission denied
[33mWARN[0m[2026-08-26T03:17:37.7870+02:00] Not a valid Opa Pdp Message                  
Failed to write to log, can't make directories for new logfile: mkdir /var/logs: permission denied
[33mWARN[0m[2026-08-26T03:17:37.7874+02:00] Not a valid Opa Pdp Message                  
Failed to write to log, can't make directories for new logfile: mkdir /var/logs: permission denied
[33mWARN[0m[2026-08-26T03:17:37.7871+02:00] Ignoring message with unexpected type:       
Failed to write to log, can't make directories for new logfile: mkdir /var/logs: permission denied
[33mWARN[0m[2026-08-26T03:17:37.7877+02:00] Not a valid Opa Pdp Message                  
Failed to write to log, can't make directories for new logfile: mkdir /var/logs: permission denied
[33mWARN[0m[2026-08-26T03:17:37.7882+02:00] Ignoring message with unexpected type:       
Failed to write to log, can't make directories for new logfile: mkdir /var/logs: permission denied
[33mWARN[0m[2026-08-26T03:17:37.7883+02:00] Not a valid Opa Pdp Message                  
Failed to write to log, can't make directories for new logfile: mkdir /var/logs: permission denied
[33mWARN[0m[2026-08-26T03:17:37.7886+02:00] Ignoring message with unexpected type:       
Failed to write to log, can't make directories for new logfile: mkdir /var/logs: permission denied
[33mWARN[0m[2026-08-26T03:17:37.7891+02:00] Not a valid Opa Pdp Message                  
Failed to write to log, can't make directories for new logfile: mkdir /var/logs: permission denied
[33mWARN[0m[2026-08-26T03:17:37.7892+02:00] Ignoring message with unexpected type:       
Failed to write to log, can't make directories for new logfile: mkdir /var/logs: permission denied
[33mWARN[0m[2026-08-26T03:17:37.7897+02:00] Ignoring message with unexpected type:       
Failed to write to log, can't make directories for new logfile: mkdir /var/logs: permission denied
[33mWARN[0m[2026-08-26T03:17:37.7894+02:00] Not a valid Opa Pdp Message                  
Failed to write to log, can't make directories for new logfile: mkdir /var/logs: permission denied
[33mWARN[0m[2026-08-26T03:17:37.7902+02:00] Ignoring message with unexpected type:       
Failed to write to log, can't make directories for new logfile: mkdir /var/logs: permission denied
[33mWARN[0m[2026-08-26T03:17:37.7905+02:00] Ignoring message with unexpected type:       
Failed to write to log, can't make directories for new logfile: mkdir /var/logs: permission denied
[33mWARN[0m[2026-08-26T03:17:37.7905+02:00] Not a valid Opa Pdp Message                  
Failed to write to log, can't make directories for new logfile: mkdir /var/logs: permission denied
[33mWARN[0m[2026-08-26T03:17:37.7909+02:00] Ignoring message with unexpected type:       
Failed to write to log, can't make directories for new logfile: mkdir /var/logs: permission denied
[33mWARN[0m[2026-08-26T03:17:37.7912+02:00] Ignoring message with unexpected type:       
Failed to write to log, can't make directories for new logfile: mkdir /var/logs: permission denied
[33mWARN[0m[2026-08-26T03:17:37.7910+02:00] Not a valid Opa Pdp Message                  
Failed to write to log, can't make directories for new logfile: mkdir /var/logs: permission denied
[33mWARN[0m[2026-08-26T03:17:37.7915+02:00] Ignoring message with unexpected type:       
Failed to write to log, can't make directories for new logfile: mkdir /var/logs: permission denied
[33mWARN[0m[2026-08-26T03:17:37.7920+02:00] Not a valid Opa Pdp Message                  
Failed to write to log, can't make directories for new logfile: mkdir /var/logs: permission denied
[33mWARN[0m[2026-08-26T03:17:37.7921+02:00] Ignoring message with unexpected type:       
Failed to write to log, can't make directories for new logfile: mkdir /var/logs: permission denied
[33mWARN[0m[2026-08-26T03:17:37.7923+02:00] Not a valid Opa Pdp Message                  
Failed to write to log, can't make directories for new logfile: mkdir /var/logs: permission denied
[33mWARN[0m[2026-08-26T03:17:37.7926+02:00] Ignoring message with unexpected type:       
Failed to write to log, can't make directories for new logfile: mkdir /var/logs: permission denied
[33mWARN[0m[2026-08-26T03:17:37.7931+02:00] Not a valid Opa Pdp Message                  
Failed to write to log, can't make directories for new logfile: mkdir /var/logs: permission denied
[33mWARN[0m[2026-08-26T03:17:37.7932+02:00] Ignoring message with unexpected type:       
Failed to write to log, can't make directories for new logfile: mkdir /var/logs: permission denied
[33mWARN[0m[2026-08-26T03:17:37.7933+02:00] Not a valid Opa Pdp Message                  
Failed to write to log, can't make directories for new logfile: mkdir /var/logs: permission denied
[33mWARN[0m[2026-08-26T03:17:37.7934+02:00] Ignoring message with unexpected type:       
Failed to write to log, can't make directories for new logfile: mkdir /var/logs: permission denied
[33mWARN[0m[2026-08-26T03:17:37.7938+02:00] Not a valid Opa Pdp Message                  
Failed to write to log, can't make directories for new logfile: mkdir /var/logs: permission denied
[33mWARN[0m[2026-08-26T03:17:37.7940+02:00] Ignoring message with unexpected type:       
Failed to write to log, can't make directories for new logfile: mkdir /var/logs: permission denied
[33mWARN[0m[2026-08-26T03:17:37.7940+02:00] Not a valid Opa Pdp Message                  
Failed to write to log, can't make directories for new logfile: mkdir /var/logs: permission denied
[33mWARN[0m[2026-08-26T03:17:37.7942+02:00] Ignoring message with unexpected type:       
Failed to write to log, can't make directories for new logfile: mkdir /var/logs: permission denied
[33mWARN[0m[2026-08-26T03:17:37.7943+02:00] Not a valid Opa Pdp Message                  
Failed to write to log, can't make directories for new logfile: mkdir /var/logs: permission denied
[33mWARN[0m[2026-08-26T03:17:37.7944+02:00] Ignoring message with unexpected type:       
Failed to write to log, can't make directories for new logfile: mkdir /var/logs: permission denied
[33mWARN[0m[2026-08-26T03:17:37.7948+02:00] Not a valid Opa Pdp Message                  
Failed to write to log, can't make directories for new logfile: mkdir /var/logs: permission denied
[33mWARN[0m[2026-08-26T03:17:37.7949+02:00] Ignoring message with unexpected type:       
Failed to write to log, can't make directories for new logfile: mkdir /var/logs: permission denied
[33mWARN[0m[2026-08-26T03:17:37.7952+02:00] Ignoring message with unexpected type:       
Failed to write to log, can't make directories for new logfile: mkdir /var/logs: permission denied
[33mWARN[0m[2026-08-26T03:17:37.7950+02:00] Not a valid Opa Pdp Message                  
Failed to write to log, can't make directories for new logfile: mkdir /var/logs: permission denied
[33mWARN[0m[2026-08-26T03:17:37.7956+02:00] Ignoring message with unexpected type:       
Failed to write to log, can't make directories for new logfile: mkdir /var/logs: permission denied
[33mWARN[0m[2026-08-26T03:17:37.7956+02:00] Not a valid Opa Pdp Message                  
Failed to write to log, can't make directories for new logfile: mkdir /var/logs: permission denied
[33mWARN[0m[2026-08-26T03:17:37.7960+02:00] Ignoring message with unexpected type:       
Failed to write to log, can't make directories for new logfile: mkdir /var/logs: permission denied
[33mWARN[0m[2026-08-26T03:17:37.7964+02:00] Ignoring message with unexpected type:       
Failed to write to log, can't make directories for new logfile: mkdir /var/logs: permission denied
[33mWARN[0m[2026-08-26T03:17:37.7962+02:00] Not a valid Opa Pdp Message                  
Failed to write to log, can't make directories for new logfile: mkdir /var/logs: permission denied
[33mWARN[0m[2026-08-26T03:17:37.7966+02:00] Ignoring message with unexpected type:       
Failed to write to log, can't make directories for new logfile: mkdir /var/logs: permission denied
[33mWARN[0m[2026-08-26T03:17:37.7970+02:00] Not a valid Opa Pdp Message                  
Failed to write to log, can't make directories for new logfile: mkdir /var/logs: permission denied
[33mWARN[0m[2026-08-26T03:17:37.7973+02:00] Ignoring message with unexpected type:       
Failed to write to log, can't make directories for new logfile: mkdir /var/logs: permission denied
[33mWARN[0m[2026-08-26T03:17:37.7973+02:00] Not a valid Opa Pdp Message                  
Failed to write to log, can't make directories for new logfile: mkdir /var/logs: permission denied
[33mWARN[0m[2026-08-26T03:17:37.7977+02:00] Ignoring message with unexpected type:       
Failed to write to log, can't make directories for new logfile: mkdir /var/logs: permission denied
[33mWARN[0m[2026-08-26T03:17:37.7979+02:00] Not a valid Opa Pdp Message                  
Failed to write to log, can't make directories for new logfile: mkdir /var/logs: permission denied
[33mWARN[0m[2026-08-26T03:17:37.7981+02:00] Ignoring message with unexpected type:       
Failed to write to log, can't make directories for new logfile: mkdir /var/logs: permission denied
[33mWARN[0m[2026-08-26T03:17:37.7985+02:00] Not a valid Opa Pdp Message                  
Failed to write to log, can't make directories for new logfile: mkdir /var/logs: permission denied
[33mWARN[0m[2026-08-26T03:17:37.7985+02:00] Ignoring message with unexpected type:       
Failed to write to log, can't make directories for new logfile: mkdir /var/logs: permission denied
[33mWARN[0m[2026-08-26T03:17:37.7989+02:00] Not a valid Opa Pdp Message                  
Failed to write to log, can't make directories for new logfile: mkdir /var/logs: permission denied
[33mWARN[0m[2026-08-26T03:17:37.7991+02:00] Ignoring message with unexpected type:       
Failed to write to log, can't make directories for new logfile: mkdir /var/logs: permission denied
[33mWARN[0m[2026-08-26T03:17:37.7994+02:00] Not a valid Opa Pdp Message                  
Failed to write to log, can't make directories for new logfile: mkdir /var/logs: permission denied
[33mWARN[0m[2026-08-26T03:17:37.7999+02:00] Not a valid Opa Pdp Message                  
Failed to write to log, can't make directories for new logfile: mkdir /var/logs: permission denied
[33mWARN[0m[2026-08-26T03:17:37.8002+02:00] Not a valid Opa Pdp Message                  
Failed to write to log, can't make directories for new logfile: mkdir /var/logs: permission denied
[33mWARN[0m[2026-08-26T03:17:37.8005+02:00] Not a valid Opa Pdp Message                  
Failed to write to log, can't make directories for new logfile: mkdir /var/logs: permission denied
[33mWARN[0m[2026-08-26T03:17:37.8008+02:00] Ignoring message with unexpected type:       
Failed to write to log, can't make directories for new logfile: mkdir /var/logs: permission denied
[33mWARN[0m[2026-08-26T03:17:37.8011+02:00] Not a valid Opa Pdp Message                  
Failed to write to log, can't make directories for new logfile: mkdir /var/logs: permission denied
[33mWARN[0m[2026-08-26T03:17:37.8013+02:00] Ignoring message with unexpected type:       
Failed to write to log, can't make directories for new logfile: mkdir /var/logs: permission denied
[33mWARN[0m[2026-08-26T03:17:37.8016+02:00] Not a valid Opa Pdp Message                  
Failed to write to log, can't make directories for new logfile: mkdir /var/logs: permission denied
[33mWARN[0m[2026-08-26T03:17:37.8019+02:00] Ignoring message with unexpected type:       
Failed to write to log, can't make directories for new logfile: mkdir /var/logs: permission denied
[33mWARN[0m[2026-08-26T03:17:37.8022+02:00] Ignoring message with unexpected type:       
Failed to write to log, can't make directories for new logfile: mkdir /var/logs: permission denied
[33mWARN[0m[2026-08-26T03:17:37.8019+02:00] Not a valid Opa Pdp Message                  
Failed to write to log, can't make directories for new logfile: mkdir /var/logs: permission denied
[33mWARN[0m[2026-08-26T03:17:37.8024+02:00] Ignoring message with unexpected type:       
Failed to write to log, can't make directories for new logfile: mkdir /var/logs: permission denied
[33mWARN[0m[2026-08-26T03:17:37.8032+02:00] Not a valid Opa Pdp Message                  
Failed to write to log, can't make directories for new logfile: mkdir /var/logs: permission denied
[33mWARN[0m[2026-08-26T03:17:37.8033+02:00] Ignoring message with unexpected type:       
Failed to write to log, can't make directories for new logfile: mkdir /var/logs: permission denied
[33mWARN[0m[2026-08-26T03:17:37.8036+02:00] Not a valid Opa Pdp Message                  
Failed to write to log, can't make directories for new logfile: mkdir /var/logs: permission denied
[33mWARN[0m[2026-08-26T03:17:37.8040+02:00] Not a valid Opa Pdp Message                  
Failed to write to log, can't make directories for new logfile: mkdir /var/logs: permission denied
[33mWARN[0m[2026-08-26T03:17:37.8042+02:00] Ignoring message with unexpected type:       
Failed to write to log, can't make directories for new logfile: mkdir /var/logs: permission denied
[33mWARN[0m[2026-08-26T03:17:37.8042+02:00] Not a valid Opa Pdp Message                  
Failed to write to log, can't make directories for new logfile: mkdir /var/logs: permission denied
[33mWARN[0m[2026-08-26T03:17:37.8047+02:00] Ignoring message with unexpected type:       
Failed to write to log, can't make directories for new logfile: mkdir /var/logs: permission denied
[33mWARN[0m[2026-08-26T03:17:37.8047+02:00] Not a valid Opa Pdp Message                  
Failed to write to log, can't make directories for new logfile: mkdir /var/logs: permission denied
[33mWARN[0m[2026-08-26T03:17:37.8051+02:00] Ignoring message with unexpected type:       
Failed to write to log, can't make directories for new logfile: mkdir /var/logs: permission denied
[33mWARN[0m[2026-08-26T03:17:37.8053+02:00] Not a valid Opa Pdp Message                  
Failed to write to log, can't make directories for new logfile: mkdir /var/logs: permission denied
[33mWARN[0m[2026-08-26T03:17:37.8056+02:00] Ignoring message with unexpected type:       
Failed to write to log, can't make directories for new logfile: mkdir /var/logs: permission denied
[33mWARN[0m[2026-08-26T03:17:37.8058+02:00] Not a valid Opa Pdp Message                  
Failed to write to log, can't make directories for new logfile: mkdir /var/logs: permission denied
[33mWARN[0m[2026-08-26T03:17:37.8061+02:00] Ignoring message with unexpected type:       
Failed to write to log, can't make directories for new logfile: mkdir /var/logs: permission denied
[33mWARN[0m[2026-08-26T03:17:37.8061+02:00] Not a valid Opa Pdp Message                  
Failed to write to log, can't make directories for new logfile: mkdir /var/logs: permission denied
[33mWARN[0m[2026-08-26T03:17:37.8064+02:00] Ignoring message with unexpected type:       
Failed to write to log, can't make directories for new logfile: mkdir /var/logs: permission denied
[33mWARN[0m[2026-08-26T03:17:37.8069+02:00] Not a valid Opa Pdp Message                  
Failed to write to log, can't make directories for new logfile: mkdir /var/logs: permission denied
[33mWARN[0m[2026-08-26T03:17:37.8071+02:00] Ignoring message with unexpected type:       
Failed to write to log, can't make directories for new logfile: mkdir /var/logs: permission denied
[33mWARN[0m[2026-08-26T03:17:37.8071+02:00] Not a valid Opa Pdp Message                  
Failed to write to log, can't make directories for new logfile: mkdir /var/logs: permission denied
[33mWARN[0m[2026-08-26T03:17:37.8073+02:00] Ignoring message with unexpected type:       
Failed to write to log, can't make directories for new logfile: mkdir /var/logs: permission denied
[33mWARN[0m[2026-08-26T03:17:37.8077+02:00] Not a valid Opa Pdp Message                  
Failed to write to log, can't make directories for new logfile: mkdir /var/logs: permission denied
[33mWARN[0m[2026-08-26T03:17:37.8077+02:00] Ignoring message with unexpected type:       
Failed to write to log, can't make directories for new logfile: mkdir /var/logs: permission denied
[33mWARN[0m[2026-08-26T03:17:37.8081+02:00] Not a valid Opa Pdp Message                  
Failed to write to log, can't make directories for new logfile: mkdir /var/logs: permission denied
[33mWARN[0m[2026-08-26T03:17:37.8082+02:00] Ignoring message with unexpected type:       
Failed to write to log, can't make directories for new logfile: mkdir /var/logs: permission denied
[33mWARN[0m[2026-08-26T03:17:37.8086+02:00] Not a valid Opa Pdp Message                  
Failed to write to log, can't make directories for new logfile: mkdir /var/logs: permission denied
[33mWARN[0m[2026-08-26T03:17:37.8086+02:00] Ignoring message with unexpected type:       
Failed to write to log, can't make directories for new logfile: mkdir /var/logs: permission denied
[33mWARN[0m[2026-08-26T03:17:37.8089+02:00] Ignoring message with unexpected type:       
Failed to write to log, can't make directories for new logfile: mkdir /var/logs: permission denied
[33mWARN[0m[2026-08-26T03:17:37.8087+02:00] Not a valid Opa Pdp Message                  
Failed to write to log, can't make directories for new logfile: mkdir /var/logs: permission denied
[33mWARN[0m[2026-08-26T03:17:37.8091+02:00] Ignoring message with unexpected type:       
Failed to write to log, can't make directories for new logfile: mkdir /var/logs: permission denied
[33mWARN[0m[2026-08-26T03:17:37.8092+02:00] Not a valid Opa Pdp Message                  
Failed to write to log, can't make directories for new logfile: mkdir /var/logs: permission denied
[33mWARN[0m[2026-08-26T03:17:37.8093+02:00] Ignoring message with unexpected type:       
Failed to write to log, can't make directories for new logfile: mkdir /var/logs: permission denied
[33mWARN[0m[2026-08-26T03:17:37.8094+02:00] Not a valid Opa Pdp Message                  
Failed to write to log, can't make directories for new logfile: mkdir /var/logs: permission denied
[33mWARN[0m[2026-08-26T03:17:37.8095+02:00] Ignoring message with unexpected type:       
Failed to write to log, can't make directories for new logfile: mkdir /var/logs: permission denied
[33mWARN[0m[2026-08-26T03:17:37.8097+02:00] Not a valid Opa Pdp Message                  
Failed to write to log, can't make directories for new logfile: mkdir /var/logs: permission denied
[33mWARN[0m[2026-08-26T03:17:37.8100+02:00] Ignoring message with unexpected type:       
Failed to write to log, can't make directories for new logfile: mkdir /var/logs: permission denied
[33mWARN[0m[2026-08-26T03:17:37.8104+02:00] Not a valid Opa Pdp Message                  
Failed to write to log, can't make directories for new logfile: mkdir /var/logs: permission denied
[33mWARN[0m[2026-08-26T03:17:37.8104+02:00] Ignoring message with unexpected type:       
Failed to write to log, can't make directories for new logfile: mkdir /var/logs: permission denied
[33mWARN[0m[2026-08-26T03:17:37.8106+02:00] Not a valid Opa Pdp Message                  
Failed to write to log, can't make directories for new logfile: mkdir /var/logs: permission denied
[33mWARN[0m[2026-08-26T03:17:37.8107+02:00] Ignoring message with unexpected type:       
Failed to write to log, can't make directories for new logfile: mkdir /var/logs: permission denied
[33mWARN[0m[2026-08-26T03:17:37.8109+02:00] Not a valid Opa Pdp Message                  
Failed to write to log, can't make directories for new logfile: mkdir /var/logs: permission denied
[33mWARN[0m[2026-08-26T03:17:37.8110+02:00] Ignoring message with unexpected type:       
Failed to write to log, can't make directories for new logfile: mkdir /var/logs: permission denied
[33mWARN[0m[2026-08-26T03:17:37.8111+02:00] Not a valid Opa Pdp Message                  
Failed to write to log, can't make directories for new logfile: mkdir /var/logs: permission denied
[33mWARN[0m[2026-08-26T03:17:37.8113+02:00] Ignoring message with unexpected type:       
Failed to write to log, can't make directories for new logfile: mkdir /var/logs: permission denied
[33mWARN[0m[2026-08-26T03:17:37.8118+02:00] Not a valid Opa Pdp Message                  
Failed to write to log, can't make directories for new logfile: mkdir /var/logs: permission denied
[33mWARN[0m[2026-08-26T03:17:37.8119+02:00] Ignoring message with unexpected type:       
Failed to write to log, can't make directories for new logfile: mkdir /var/logs: permission denied
[33mWARN[0m[2026-08-26T03:17:37.8121+02:00] Ignoring message with unexpected type:       
Failed to write to log, can't make directories for new logfile: mkdir /var/logs: permission denied
[33mWARN[0m[2026-08-26T03:17:37.8120+02:00] Not a valid Opa Pdp Message                  
Failed to write to log, can't make directories for new logfile: mkdir /var/logs: permission denied
[33mWARN[0m[2026-08-26T03:17:37.8124+02:00] Ignoring message with unexpected type:       
Failed to write to log, can't make directories for new logfile: mkdir /var/logs: permission denied
[33mWARN[0m[2026-08-26T03:17:37.8126+02:00] Not a valid Opa Pdp Message                  
Failed to write to log, can't make directories for new logfile: mkdir /var/logs: permission denied
[33mWARN[0m[2026-08-26T03:17:37.8130+02:00] Ignoring message with unexpected type:       
Failed to write to log, can't make directories for new logfile: mkdir /var/logs: permission denied
[33mWARN[0m[2026-08-26T03:17:37.8133+02:00] Not a valid Opa Pdp Message                  
Failed to write to log, can't make directories for new logfile: mkdir /var/logs: permission denied
[33mWARN[0m[2026-08-26T03:17:37.8134+02:00] Ignoring message with unexpected type:       
Failed to write to log, can't make directories for new logfile: mkdir /var/logs: permission denied
[33mWARN[0m[2026-08-26T03:17:37.8135+02:00] Not a valid Opa Pdp Message                  
Failed to write to log, can't make directories for new logfile: mkdir /var/logs: permission denied
[33mWARN[0m[2026-08-26T03:17:37.8136+02:00] Ignoring message with unexpected type:       
Failed to write to log, can't make directories for new logfile: mkdir /var/logs: permission denied
[33mWARN[0m[2026-08-26T03:17:37.8140+02:00] Not a valid Opa Pdp Message                  
Failed to write to log, can't make directories for new logfile: mkdir /var/logs: permission denied
[33mWARN[0m[2026-08-26T03:17:37.8144+02:00] Ignoring message with unexpected type:       
Failed to write to log, can't make directories for new logfile: mkdir /var/logs: permission denied
[33mWARN[0m[2026-08-26T03:17:37.8146+02:00] Not a valid Opa Pdp Message                  
Failed to write to log, can't make directories for new logfile: mkdir /var/logs: permission denied
[33mWARN[0m[2026-08-26T03:17:37.8148+02:00] Ignoring message with unexpected type:       
Failed to write to log, can't make directories for new logfile: mkdir /var/logs: permission denied
[33mWARN[0m[2026-08-26T03:17:37.8148+02:00] Not a valid Opa Pdp Message                  
Failed to write to log, can't make directories for new logfile: mkdir /var/logs: permission denied
[33mWARN[0m[2026-08-26T03:17:37.8150+02:00] Ignoring message with unexpected type:       
Failed to write to log, can't make directories for new logfile: mkdir /var/logs: permission denied
[33mWARN[0m[2026-08-26T03:17:37.8160+02:00] Not a valid Opa Pdp Message                  
Failed to write to log, can't make directories for new logfile: mkdir /var/logs: permission denied
[33mWARN[0m[2026-08-26T03:17:37.8162+02:00] Ignoring message with unexpected type:       
Failed to write to log, can't make directories for new logfile: mkdir /var/logs: permission denied
[33mWARN[0m[2026-08-26T03:17:37.8163+02:00] Not a valid Opa Pdp Message                  
Failed to write to log, can't make directories for new logfile: mkdir /var/logs: permission denied
[33mWARN[0m[2026-08-26T03:17:37.8168+02:00] Not a valid Opa Pdp Message                  
Failed to write to log, can't make directories for new logfile: mkdir /var/logs: permission denied
[33mWARN[0m[2026-08-26T03:17:37.8169+02:00] Ignoring message with unexpected type:       
Failed to write to log, can't make directories for new logfile: mkdir /var/logs: permission denied
[33mWARN[0m[2026-08-26T03:17:37.8172+02:00] Ignoring message with unexpected type:       
Failed to write to log, can't make directories for new logfile: mkdir /var/logs: permission denied
[33mWARN[0m[2026-08-26T03:17:37.8170+02:00] Not a valid Opa Pdp Message                  
Failed to write to log, can't make directories for new logfile: mkdir /var/logs: permission denied
[33mWARN[0m[2026-08-26T03:17:37.8177+02:00] Ignoring message with unexpected type:       
Failed to write to log, can't make directories for new logfile: mkdir /var/logs: permission denied
[33mWARN[0m[2026-08-26T03:17:37.8179+02:00] Not a valid Opa Pdp Message                  
Failed to write to log, can't make directories for new logfile: mkdir /var/logs: permission denied
[33mWARN[0m[2026-08-26T03:17:37.8183+02:00] Not a valid Opa Pdp Message                  
Failed to write to log, can't make directories for new logfile: mkdir /var/logs: permission denied
[33mWARN[0m[2026-08-26T03:17:37.8185+02:00] Not a valid Opa Pdp Message                  
Failed to write to log, can't make directories for new logfile: mkdir /var/logs: permission denied
[33mWARN[0m[2026-08-26T03:17:37.8181+02:00] Ignoring message with unexpected type:       
Failed to write to log, can't make directories for new logfile: mkdir /var/logs: permission denied
[33mWARN[0m[2026-08-26T03:17:37.8193+02:00] Ignoring message with unexpected type:       
Failed to write to log, can't make directories for new logfile: mkdir /var/logs: permission denied
[33mWARN[0m[2026-08-26T03:17:37.8188+02:00] Not a valid Opa Pdp Message                  
Failed to write to log, can't make directories for new logfile: mkdir /var/logs: permission denied
[33mWARN[0m[2026-08-26T03:17:37.8201+02:00] Not a valid Opa Pdp Message                  
Failed to write to log, can't make directories for new logfile: mkdir /var/logs: permission denied
[33mWARN[0m[2026-08-26T03:17:37.8204+02:00] Not a valid Opa Pdp Message                  
Failed to write to log, can't make directories for new logfile: mkdir /var/logs: permission denied
[33mWARN[0m[2026-08-26T03:17:37.8208+02:00] Not a valid Opa Pdp Message                  
Failed to write to log, can't make directories for new logfile: mkdir /var/logs: permission denied
[33mWARN[0m[2026-08-26T03:17:37.8199+02:00] Ignoring message with unexpected type:       
Failed to write to log, can't make directories for new logfile: mkdir /var/logs: permission denied
[33mWARN[0m[2026-08-26T03:17:37.8223+02:00] Ignoring message with unexpected type:       
Failed to write to log, can't make directories for new logfile: mkdir /var/logs: permission denied
[33mWARN[0m[2026-08-26T03:17:37.8227+02:00] Ignoring message with unexpected type:       
Failed to write to log, can't make directories for new logfile: mkdir /var/logs: permission denied
[33mWARN[0m[2026-08-26T03:17:37.8217+02:00] Not a valid Opa Pdp Message                  
Failed to write to log, can't make directories for new logfile: mkdir /var/logs: permission denied
[33mWARN[0m[2026-08-26T03:17:37.8232+02:00] Ignoring message with unexpected type:       
Failed to write to log, can't make directories for new logfile: mkdir /var/logs: permission denied
[33mWARN[0m[2026-08-26T03:17:37.8233+02:00] Not a valid Opa Pdp Message                  
Failed to write to log, can't make directories for new logfile: mkdir /var/logs: permission denied
[33mWARN[0m[2026-08-26T03:17:37.8235+02:00] Ignoring message with unexpected type:       
Failed to write to log, can't make directories for new logfile: mkdir /var/logs: permission denied
[33mWARN[0m[2026-08-26T03:17:37.8236+02:00] Not a valid Opa Pdp Message                  
Failed to write to log, can't make directories for new logfile: mkdir /var/logs: permission denied
[33mWARN[0m[2026-08-26T03:17:37.8237+02:00] Ignoring message with unexpected type:       
Failed to write to log, can't make directories for new logfile: mkdir /var/logs: permission denied
[33mWARN[0m[2026-08-26T03:17:37.8239+02:00] Not a valid Opa Pdp Message                  
Failed to write to log, can't make directories for new logfile: mkdir /var/logs: permission denied
[33mWARN[0m[2026-08-26T03:17:37.8240+02:00] Ignoring message with unexpected type:       
Failed to write to log, can't make directories for new logfile: mkdir /var/logs: permission denied
[33mWARN[0m[2026-08-26T03:17:37.8241+02:00] Not a valid Opa Pdp Message                  
Failed to write to log, can't make directories for new logfile: mkdir /var/logs: permission denied
[33mWARN[0m[2026-08-26T03:17:37.8243+02:00] Ignoring message with unexpected type:       
Failed to write to log, can't make directories for new logfile: mkdir /var/logs: permission denied
[33mWARN[0m[2026-08-26T03:17:37.8245+02:00] Not a valid Opa Pdp Message                  
Failed to write to log, can't make directories for new logfile: mkdir /var/logs: permission denied
[33mWARN[0m[2026-08-26T03:17:37.8249+02:00] Ignoring message with unexpected type:       
Failed to write to log, can't make directories for new logfile: mkdir /var/logs: permission denied
[33mWARN[0m[2026-08-26T03:17:37.8249+02:00] Not a valid Opa Pdp Message                  
Failed to write to log, can't make directories for new logfile: mkdir /var/logs: permission denied
[33mWARN[0m[2026-08-26T03:17:37.8254+02:00] Ignoring message with unexpected type:       
Failed to write to log, can't make directories for new logfile: mkdir /var/logs: permission denied
[33mWARN[0m[2026-08-26T03:17:37.8256+02:00] Not a valid Opa Pdp Message                  
Failed to write to log, can't make directories for new logfile: mkdir /var/logs: permission denied
[33mWARN[0m[2026-08-26T03:17:37.8257+02:00] Ignoring message with unexpected type:       
Failed to write to log, can't make directories for new logfile: mkdir /var/logs: permission denied
[33mWARN[0m[2026-08-26T03:17:37.8258+02:00] Not a valid Opa Pdp Message                  
Failed to write to log, can't make directories for new logfile: mkdir /var/logs: permission denied
[33mWARN[0m[2026-08-26T03:17:37.8260+02:00] Ignoring message with unexpected type:       
Failed to write to log, can't make directories for new logfile: mkdir /var/logs: permission denied
[33mWARN[0m[2026-08-26T03:17:37.8261+02:00] Not a valid Opa Pdp Message                  
Failed to write to log, can't make directories for new logfile: mkdir /var/logs: permission denied
[33mWARN[0m[2026-08-26T03:17:37.8263+02:00] Ignoring message with unexpected type:       
Failed to write to log, can't make directories for new logfile: mkdir /var/logs: permission denied
[33mWARN[0m[2026-08-26T03:17:37.8267+02:00] Not a valid Opa Pdp Message                  
Failed to write to log, can't make directories for new logfile: mkdir /var/logs: permission denied
[33mWARN[0m[2026-08-26T03:17:37.8267+02:00] Ignoring message with unexpected type:       
Failed to write to log, can't make directories for new logfile: mkdir /var/logs: permission denied
[33mWARN[0m[2026-08-26T03:17:37.8269+02:00] Not a valid Opa Pdp Message                  
Failed to write to log, can't make directories for new logfile: mkdir /var/logs: permission denied
[33mWARN[0m[2026-08-26T03:17:37.8273+02:00] Ignoring message with unexpected type:       
Failed to write to log, can't make directories for new logfile: mkdir /var/logs: permission denied
[33mWARN[0m[2026-08-26T03:17:37.8278+02:00] Ignoring message with unexpected type:       
Failed to write to log, can't make directories for new logfile: mkdir /var/logs: permission denied
[33mWARN[0m[2026-08-26T03:17:37.8278+02:00] Not a valid Opa Pdp Message                  
Failed to write to log, can't make directories for new logfile: mkdir /var/logs: permission denied
[33mWARN[0m[2026-08-26T03:17:37.8283+02:00] Ignoring message with unexpected type:       
Failed to write to log, can't make directories for new logfile: mkdir /var/logs: permission denied
[33mWARN[0m[2026-08-26T03:17:37.8284+02:00] Not a valid Opa Pdp Message                  
Failed to write to log, can't make directories for new logfile: mkdir /var/logs: permission denied
[33mWARN[0m[2026-08-26T03:17:37.8285+02:00] Ignoring message with unexpected type:       
Failed to write to log, can't make directories for new logfile: mkdir /var/logs: permission denied
[33mWARN[0m[2026-08-26T03:17:37.8286+02:00] Not a valid Opa Pdp Message                  
Failed to write to log, can't make directories for new logfile: mkdir /var/logs: permission denied
[33mWARN[0m[2026-08-26T03:17:37.8288+02:00] Ignoring message with unexpected type:       
Failed to write to log, can't make directories for new logfile: mkdir /var/logs: permission denied
[33mWARN[0m[2026-08-26T03:17:37.8291+02:00] Not a valid Opa Pdp Message                  
Failed to write to log, can't make directories for new logfile: mkdir /var/logs: permission denied
[33mWARN[0m[2026-08-26T03:17:37.8294+02:00] Ignoring message with unexpected type:       
Failed to write to log, can't make directories for new logfile: mkdir /var/logs: permission denied
[33mWARN[0m[2026-08-26T03:17:37.8297+02:00] Ignoring message with unexpected type:       
Failed to write to log, can't make directories for new logfile: mkdir /var/logs: permission denied
[33mWARN[0m[2026-08-26T03:17:37.8295+02:00] Not a valid Opa Pdp Message                  
Failed to write to log, can't make directories for new logfile: mkdir /var/logs: permission denied
[33mWARN[0m[2026-08-26T03:17:37.8302+02:00] Ignoring message with unexpected type:       
Failed to write to log, can't make directories for new logfile: mkdir /var/logs: permission denied
[33mWARN[0m[2026-08-26T03:17:37.8305+02:00] Ignoring message with unexpected type:       
Failed to write to log, can't make directories for new logfile: mkdir /var/logs: permission denied
[33mWARN[0m[2026-08-26T03:17:37.8302+02:00] Not a valid Opa Pdp Message                  
Failed to write to log, can't make directories for new logfile: mkdir /var/logs: permission denied
[33mWARN[0m[2026-08-26T03:17:37.8309+02:00] Ignoring message with unexpected type:       
Failed to write to log, can't make directories for new logfile: mkdir /var/logs: permission denied
[33mWARN[0m[2026-08-26T03:17:37.8311+02:00] Not a valid Opa Pdp Message                  
Failed to write to log, can't make directories for new logfile: mkdir /var/logs: permission denied
[33mWARN[0m[2026-08-26T03:17:37.8312+02:00] Ignoring message with unexpected type:       
Failed to write to log, can't make directories for new logfile: mkdir /var/logs: permission denied
[33mWARN[0m[2026-08-26T03:17:37.8313+02:00] Not a valid Opa Pdp Message                  
Failed to write to log, can't make directories for new logfile: mkdir /var/logs: permission denied
[33mWARN[0m[2026-08-26T03:17:37.8316+02:00] Ignoring message with unexpected type:       
Failed to write to log, can't make directories for new logfile: mkdir /var/logs: permission denied
[33mWARN[0m[2026-08-26T03:17:37.8318+02:00] Not a valid Opa Pdp Message                  
Failed to write to log, can't make directories for new logfile: mkdir /var/logs: permission denied
[33mWARN[0m[2026-08-26T03:17:37.8323+02:00] Ignoring message with unexpected type:       
Failed to write to log, can't make directories for new logfile: mkdir /var/logs: permission denied
[33mWARN[0m[2026-08-26T03:17:37.8323+02:00] Not a valid Opa Pdp Message                  
Failed to write to log, can't make directories for new logfile: mkdir /var/logs: permission denied
[33mWARN[0m[2026-08-26T03:17:37.8325+02:00] Ignoring message with unexpected type:       
Failed to write to log, can't make directories for new logfile: mkdir /var/logs: permission denied
[33mWARN[0m[2026-08-26T03:17:37.8330+02:00] Not a valid Opa Pdp Message                  
Failed to write to log, can't make directories for new logfile: mkdir /var/logs: permission denied
[33mWARN[0m[2026-08-26T03:17:37.8331+02:00] Ignoring message with unexpected type:       
Failed to write to log, can't make directories for new logfile: mkdir /var/logs: permission denied
[33mWARN[0m[2026-08-26T03:17:37.8332+02:00] Not a valid Opa Pdp Message                  
Failed to write to log, can't make directories for new logfile: mkdir /var/logs: permission denied
[33mWARN[0m[2026-08-26T03:17:37.8334+02:00] Ignoring message with unexpected type:       
Failed to write to log, can't make directories for new logfile: mkdir /var/logs: permission denied
[33mWARN[0m[2026-08-26T03:17:37.8335+02:00] Not a valid Opa Pdp Message                  
Failed to write to log, can't make directories for new logfile: mkdir /var/logs: permission denied
[33mWARN[0m[2026-08-26T03:17:37.8336+02:00] Ignoring message with unexpected type:       
Failed to write to log, can't make directories for new logfile: mkdir /var/logs: permission denied
[33mWARN[0m[2026-08-26T03:17:37.8337+02:00] Not a valid Opa Pdp Message                  
Failed to write to log, can't make directories for new logfile: mkdir /var/logs: permission denied
[33mWARN[0m[2026-08-26T03:17:37.8338+02:00] Ignoring message with unexpected type:       
Failed to write to log, can't make directories for new logfile: mkdir /var/logs: permission denied
[33mWARN[0m[2026-08-26T03:17:37.8338+02:00] Not a valid Opa Pdp Message                  
Failed to write to log, can't make directories for new logfile: mkdir /var/logs: permission denied
[33mWARN[0m[2026-08-26T03:17:37.8340+02:00] Ignoring message with unexpected type:       
Failed to write to log, can't make directories for new logfile: mkdir /var/logs: permission denied
[33mWARN[0m[2026-08-26T03:17:37.8341+02:00] Not a valid Opa Pdp Message                  
Failed to write to log, can't make directories for new logfile: mkdir /var/logs: permission denied
[33mWARN[0m[2026-08-26T03:17:37.8343+02:00] Ignoring message with unexpected type:       
Failed to write to log, can't make directories for new logfile: mkdir /var/logs: permission denied
[33mWARN[0m[2026-08-26T03:17:37.8346+02:00] Not a valid Opa Pdp Message                  
Failed to write to log, can't make directories for new logfile: mkdir /var/logs: permission denied
[33mWARN[0m[2026-08-26T03:17:37.8347+02:00] Ignoring message with unexpected type:       
Failed to write to log, can't make directories for new logfile: mkdir /var/logs: permission denied
[33mWARN[0m[2026-08-26T03:17:37.8350+02:00] Ignoring message with unexpected type:       
Failed to write to log, can't make directories for new logfile: mkdir /var/logs: permission denied
[33mWARN[0m[2026-08-26T03:17:37.8348+02:00] Not a valid Opa Pdp Message                  
Failed to write to log, can't make directories for new logfile: mkdir /var/logs: permission denied
[33mWARN[0m[2026-08-26T03:17:37.8355+02:00] Ignoring message with unexpected type:       
Failed to write to log, can't make directories for new logfile: mkdir /var/logs: permission denied
[33mWARN[0m[2026-08-26T03:17:37.8356+02:00] Not a valid Opa Pdp Message                  
Failed to write to log, can't make directories for new logfile: mkdir /var/logs: permission denied
[33mWARN[0m[2026-08-26T03:17:37.8359+02:00] Ignoring message with unexpected type:       
Failed to write to log, can't make directories for new logfile: mkdir /var/logs: permission denied
[33mWARN[0m[2026-08-26T03:17:37.8363+02:00] Not a valid Opa Pdp Message                  
Failed to write to log, can't make directories for new logfile: mkdir /var/logs: permission denied
[33mWARN[0m[2026-08-26T03:17:37.8364+02:00] Ignoring message with unexpected type:       
Failed to write to log, can't make directories for new logfile: mkdir /var/logs: permission denied
[33mWARN[0m[2026-08-26T03:17:37.8367+02:00] Not a valid Opa Pdp Message                  
Failed to write to log, can't make directories for new logfile: mkdir /var/logs: permission denied
[33mWARN[0m[2026-08-26T03:17:37.8369+02:00] Ignoring message with unexpected type:       
Failed to write to log, can't make directories for new logfile: mkdir /var/logs: permission denied
[33mWARN[0m[2026-08-26T03:17:37.8369+02:00] Not a valid Opa Pdp Message                  
Failed to write to log, can't make directories for new logfile: mkdir /var/logs: permission denied
[33mWARN[0m[2026-08-26T03:17:37.8372+02:00] Ignoring message with unexpected type:       
Failed to write to log, can't make directories for new logfile: mkdir /var/logs: permission denied
[33mWARN[0m[2026-08-26T03:17:37.8380+02:00] Not a valid Opa Pdp Message                  
Failed to write to log, can't make directories for new logfile: mkdir /var/logs: permission denied
[33mWARN[0m[2026-08-26T03:17:37.8380+02:00] Ignoring message with unexpected type:       
Failed to write to log, can't make directories for new logfile: mkdir /var/logs: permission denied
[33mWARN[0m[2026-08-26T03:17:37.8382+02:00] Not a valid Opa Pdp Message                  
Failed to write to log, can't make directories for new logfile: mkdir /var/logs: permission denied
[33mWARN[0m[2026-08-26T03:17:37.8386+02:00] Not a valid Opa Pdp Message                  
Failed to write to log, can't make directories for new logfile: mkdir /var/logs: permission denied
[33mWARN[0m[2026-08-26T03:17:37.8384+02:00] Ignoring message with unexpected type:       
Failed to write to log, can't make directories for new logfile: mkdir /var/logs: permission denied
[33mWARN[0m[2026-08-26T03:17:37.8389+02:00] Not a valid Opa Pdp Message                  
Failed to write to log, can't make directories for new logfile: mkdir /var/logs: permission denied
[33mWARN[0m[2026-08-26T03:17:37.8390+02:00] Ignoring message with unexpected type:       
Failed to write to log, can't make directories for new logfile: mkdir /var/logs: permission denied
[33mWARN[0m[2026-08-26T03:17:37.8391+02:00] Not a valid Opa Pdp Message                  
Failed to write to log, can't make directories for new logfile: mkdir /var/logs: permission denied
[33mWARN[0m[2026-08-26T03:17:37.8393+02:00] Ignoring message with unexpected type:       
Failed to write to log, can't make directories for new logfile: mkdir /var/logs: permission denied
[33mWARN[0m[2026-08-26T03:17:37.8394+02:00] Not a valid Opa Pdp Message                  
Failed to write to log, can't make directories for new logfile: mkdir /var/logs: permission denied
[33mWARN[0m[2026-08-26T03:17:37.8395+02:00] Ignoring message with unexpected type:       
Failed to write to log, can't make directories for new logfile: mkdir /var/logs: permission denied
[33mWARN[0m[2026-08-26T03:17:37.8396+02:00] Not a valid Opa Pdp Message                  
Failed to write to log, can't make directories for new logfile: mkdir /var/logs: permission denied
[33mWARN[0m[2026-08-26T03:17:37.8397+02:00] Ignoring message with unexpected type:       
Failed to write to log, can't make directories for new logfile: mkdir /var/logs: permission denied
[33mWARN[0m[2026-08-26T03:17:37.8398+02:00] Not a valid Opa Pdp Message                  
Failed to write to log, can't make directories for new logfile: mkdir /var/logs: permission denied
[33mWARN[0m[2026-08-26T03:17:37.8399+02:00] Ignoring message with unexpected type:       
Failed to write to log, can't make directories for new logfile: mkdir /var/logs: permission denied
[33mWARN[0m[2026-08-26T03:17:37.8402+02:00] Ignoring message with unexpected type:       
Failed to write to log, can't make directories for new logfile: mkdir /var/logs: permission denied
[33mWARN[0m[2026-08-26T03:17:37.8400+02:00] Not a valid Opa Pdp Message                  
Failed to write to log, can't make directories for new logfile: mkdir /var/logs: permission denied
[33mWARN[0m[2026-08-26T03:17:37.8406+02:00] Ignoring message with unexpected type:       
Failed to write to log, can't make directories for new logfile: mkdir /var/logs: permission denied
[33mWARN[0m[2026-08-26T03:17:37.8409+02:00] Not a valid Opa Pdp Message                  
Failed to write to log, can't make directories for new logfile: mkdir /var/logs: permission denied
[33mWARN[0m[2026-08-26T03:17:37.8410+02:00] Ignoring message with unexpected type:       
Failed to write to log, can't make directories for new logfile: mkdir /var/logs: permission denied
[33mWARN[0m[2026-08-26T03:17:37.8414+02:00] Not a valid Opa Pdp Message                  
Failed to write to log, can't make directories for new logfile: mkdir /var/logs: permission denied
[33mWARN[0m[2026-08-26T03:17:37.8415+02:00] Ignoring message with unexpected type:       
Failed to write to log, can't make directories for new logfile: mkdir /var/logs: permission denied
[33mWARN[0m[2026-08-26T03:17:37.8415+02:00] Not a valid Opa Pdp Message                  
Failed to write to log, can't make directories for new logfile: mkdir /var/logs: permission denied
[33mWARN[0m[2026-08-26T03:17:37.8417+02:00] Ignoring message with unexpected type:       
Failed to write to log, can't make directories for new logfile: mkdir /var/logs: permission denied
[33mWARN[0m[2026-08-26T03:17:37.8422+02:00] Not a valid Opa Pdp Message                  
Failed to write to log, can't make directories for new logfile: mkdir /var/logs: permission denied
[33mWARN[0m[2026-08-26T03:17:37.8423+02:00] Ignoring message with unexpected type:       
Failed to write to log, can't make directories for new logfile: mkdir /var/logs: permission denied
[33mWARN[0m[2026-08-26T03:17:37.8427+02:00] Not a valid Opa Pdp Message                  
Failed to write to log, can't make directories for new logfile: mkdir /var/logs: permission denied
[33mWARN[0m[2026-08-26T03:17:37.8427+02:00] Ignoring message with unexpected type:       
Failed to write to log, can't make directories for new logfile: mkdir /var/logs: permission denied
[33mWARN[0m[2026-08-26T03:17:37.8431+02:00] Not a valid Opa Pdp Message                  
Failed to write to log, can't make directories for new logfile: mkdir /var/logs: permission denied
[33mWARN[0m[2026-08-26T03:17:37.8433+02:00] Ignoring message with unexpected type:       
Failed to write to log, can't make directories for new logfile: mkdir /var/logs: permission denied
[33mWARN[0m[2026-08-26T03:17:37.8433+02:00] Not a valid Opa Pdp Message                  
Failed to write to log, can't make directories for new logfile: mkdir /var/logs: permission denied
[33mWARN[0m[2026-08-26T03:17:37.8435+02:00] Ignoring message with unexpected type:       
Failed to write to log, can't make directories for new logfile: mkdir /var/logs: permission denied
[33mWARN[0m[2026-08-26T03:17:37.8436+02:00] Not a valid Opa Pdp Message                  
Failed to write to log, can't make directories for new logfile: mkdir /var/logs: permission denied
[33mWARN[0m[2026-08-26T03:17:37.8437+02:00] Ignoring message with unexpected type:       
Failed to write to log, can't make directories for new logfile: mkdir /var/logs: permission denied
[33mWARN[0m[2026-08-26T03:17:37.8438+02:00] Not a valid Opa Pdp Message                  
Failed to write to log, can't make directories for new logfile: mkdir /var/logs: permission denied
[33mWARN[0m[2026-08-26T03:17:37.8439+02:00] Ignoring message with unexpected type:       
Failed to write to log, can't make directories for new logfile: mkdir /var/logs: permission denied
[33mWARN[0m[2026-08-26T03:17:37.8440+02:00] Not a valid Opa Pdp Message                  
Failed to write to log, can't make directories for new logfile: mkdir /var/logs: permission denied
[33mWARN[0m[2026-08-26T03:17:37.8441+02:00] Ignoring message with unexpected type:       
Failed to write to log, can't make directories for new logfile: mkdir /var/logs: permission denied
[33mWARN[0m[2026-08-26T03:17:37.8442+02:00] Not a valid Opa Pdp Message                  
Failed to write to log, can't make directories for new logfile: mkdir /var/logs: permission denied
[33mWARN[0m[2026-08-26T03:17:37.8444+02:00] Ignoring message with unexpected type:       
Failed to write to log, can't make directories for new logfile: mkdir /var/logs: permission denied
[33mWARN[0m[2026-08-26T03:17:37.8448+02:00] Ignoring message with unexpected type:       
Failed to write to log, can't make directories for new logfile: mkdir /var/logs: permission denied
[33mWARN[0m[2026-08-26T03:17:37.8446+02:00] Not a valid Opa Pdp Message                  
Failed to write to log, can't make directories for new logfile: mkdir /var/logs: permission denied
[33mWARN[0m[2026-08-26T03:17:37.8452+02:00] Ignoring message with unexpected type:       
Failed to write to log, can't make directories for new logfile: mkdir /var/logs: permission denied
[33mWARN[0m[2026-08-26T03:17:37.8454+02:00] Not a valid Opa Pdp Message                  
Failed to write to log, can't make directories for new logfile: mkdir /var/logs: permission denied
[33mWARN[0m[2026-08-26T03:17:37.8456+02:00] Ignoring message with unexpected type:       
Failed to write to log, can't make directories for new logfile: mkdir /var/logs: permission denied
[33mWARN[0m[2026-08-26T03:17:37.8460+02:00] Not a valid Opa Pdp Message                  
Failed to write to log, can't make directories for new logfile: mkdir /var/logs: permission denied
[33mWARN[0m[2026-08-26T03:17:37.8462+02:00] Ignoring message with unexpected type:       
Failed to write to log, can't make directories for new logfile: mkdir /var/logs: permission denied
[33mWARN[0m[2026-08-26T03:17:37.8462+02:00] Not a valid Opa Pdp Message                  
Failed to write to log, can't make directories for new logfile: mkdir /var/logs: permission denied
[33mWARN[0m[2026-08-26T03:17:37.8464+02:00] Ignoring message with unexpected type:       
Failed to write to log, can't make directories for new logfile: mkdir /var/logs: permission denied
[33mWARN[0m[2026-08-26T03:17:37.8465+02:00] Not a valid Opa Pdp Message                  
Failed to write to log, can't make directories for new logfile: mkdir /var/logs: permission denied
[33mWARN[0m[2026-08-26T03:17:37.8466+02:00] Ignoring message with unexpected type:       
Failed to write to log, can't make directories for new logfile: mkdir /var/logs: permission denied
[33mWARN[0m[2026-08-26T03:17:37.8467+02:00] Not a valid Opa Pdp Message                  
Failed to write to log, can't make directories for new logfile: mkdir /var/logs: permission denied
[33mWARN[0m[2026-08-26T03:17:37.8469+02:00] Ignoring message with unexpected type:       
Failed to write to log, can't make directories for new logfile: mkdir /var/logs: permission denied
[33mWARN[0m[2026-08-26T03:17:37.8470+02:00] Not a valid Opa Pdp Message                  
Failed to write to log, can't make directories for new logfile: mkdir /var/logs: permission denied
[33mWARN[0m[2026-08-26T03:17:37.8471+02:00] Ignoring message with unexpected type:       
Failed to write to log, can't make directories for new logfile: mkdir /var/logs: permission denied
[33mWARN[0m[2026-08-26T03:17:37.8475+02:00] Not a valid Opa Pdp Message                  
Failed to write to log, can't make directories for new logfile: mkdir /var/logs: permission denied
[33mWARN[0m[2026-08-26T03:17:37.8477+02:00] Not a valid Opa Pdp Message                  
Failed to write to log, can't make directories for new logfile: mkdir /var/logs: permission denied
[33mWARN[0m[2026-08-26T03:17:37.8477+02:00] Ignoring message with unexpected type:       
Failed to write to log, can't make directories for new logfile: mkdir /var/logs: permission denied
[33mWARN[0m[2026-08-26T03:17:37.8479+02:00] Not a valid Opa Pdp Message                  
Failed to write to log, can't make directories for new logfile: mkdir /var/logs: permission denied
[33mWARN[0m[2026-08-26T03:17:37.8482+02:00] Ignoring message with unexpected type:       
Failed to write to log, can't make directories for new logfile: mkdir /var/logs: permission denied
[33mWARN[0m[2026-08-26T03:17:37.8487+02:00] Not a valid Opa Pdp Message                  
Failed to write to log, can't make directories for new logfile: mkdir /var/logs: permission denied
[33mWARN[0m[2026-08-26T03:17:37.8488+02:00] Ignoring message with unexpected type:       
Failed to write to log, can't make directories for new logfile: mkdir /var/logs: permission denied
[33mWARN[0m[2026-08-26T03:17:37.8490+02:00] Not a valid Opa Pdp Message                  
Failed to write to log, can't make directories for new logfile: mkdir /var/logs: permission denied
[33mWARN[0m[2026-08-26T03:17:37.8490+02:00] Ignoring message with unexpected type:       
Failed to write to log, can't make directories for new logfile: mkdir /var/logs: permission denied
[33mWARN[0m[2026-08-26T03:17:37.8493+02:00] Not a valid Opa Pdp Message                  
Failed to write to log, can't make directories for new logfile: mkdir /var/logs: permission denied
[33mWARN[0m[2026-08-26T03:17:37.8494+02:00] Ignoring message with unexpected type:       
Failed to write to log, can't make directories for new logfile: mkdir /var/logs: permission denied
[33mWARN[0m[2026-08-26T03:17:37.8496+02:00] Not a valid Opa Pdp Message                  
Failed to write to log, can't make directories for new logfile: mkdir /var/logs: permission denied
[33mWARN[0m[2026-08-26T03:17:37.8499+02:00] Ignoring message with unexpected type:       
Failed to write to log, can't make directories for new logfile: mkdir /var/logs: permission denied
[33mWARN[0m[2026-08-26T03:17:37.8500+02:00] Not a valid Opa Pdp Message                  
Failed to write to log, can't make directories for new logfile: mkdir /var/logs: permission denied
[33mWARN[0m[2026-08-26T03:17:37.8503+02:00] Ignoring message with unexpected type:       
Failed to write to log, can't make directories for new logfile: mkdir /var/logs: permission denied
[33mWARN[0m[2026-08-26T03:17:37.8507+02:00] Not a valid Opa Pdp Message                  
Failed to write to log, can't make directories for new logfile: mkdir /var/logs: permission denied
[33mWARN[0m[2026-08-26T03:17:37.8509+02:00] Ignoring message with unexpected type:       
Failed to write to log, can't make directories for new logfile: mkdir /var/logs: permission denied
[33mWARN[0m[2026-08-26T03:17:37.8509+02:00] Not a valid Opa Pdp Message                  
Failed to write to log, can't make directories for new logfile: mkdir /var/logs: permission denied
[33mWARN[0m[2026-08-26T03:17:37.8511+02:00] Ignoring message with unexpected type:       
Failed to write to log, can't make directories for new logfile: mkdir /var/logs: permission denied
[33mWARN[0m[2026-08-26T03:17:37.8515+02:00] Ignoring message with unexpected type:       
Failed to write to log, can't make directories for new logfile: mkdir /var/logs: permission denied
[33mWARN[0m[2026-08-26T03:17:37.8516+02:00] Not a valid Opa Pdp Message                  
Failed to write to log, can't make directories for new logfile: mkdir /var/logs: permission denied
[33mWARN[0m[2026-08-26T03:17:37.8520+02:00] Ignoring message with unexpected type:       
Failed to write to log, can't make directories for new logfile: mkdir /var/logs: permission denied
[33mWARN[0m[2026-08-26T03:17:37.8523+02:00] Ignoring message with unexpected type:       
Failed to write to log, can't make directories for new logfile: mkdir /var/logs: permission denied
[33mWARN[0m[2026-08-26T03:17:37.8521+02:00] Not a valid Opa Pdp Message                  
Failed to write to log, can't make directories for new logfile: mkdir /var/logs: permission denied
[33mWARN[0m[2026-08-26T03:17:37.8527+02:00] Ignoring message with unexpected type:       
Failed to write to log, can't make directories for new logfile: mkdir /var/logs: permission denied
[33mWARN[0m[2026-08-26T03:17:37.8532+02:00] Not a valid Opa Pdp Message                  
Failed to write to log, can't make directories for new logfile: mkdir /var/logs: permission denied
[33mWARN[0m[2026-08-26T03:17:37.8534+02:00] Ignoring message with unexpected type:       
Failed to write to log, can't make directories for new logfile: mkdir /var/logs: permission denied
[33mWARN[0m[2026-08-26T03:17:37.8536+02:00] Not a valid Opa Pdp Message                  
Failed to write to log, can't make directories for new logfile: mkdir /var/logs: permission denied
[33mWARN[0m[2026-08-26T03:17:37.8538+02:00] Ignoring message with unexpected type:       
Failed to write to log, can't make directories for new logfile: mkdir /var/logs: permission denied
[33mWARN[0m[2026-08-26T03:17:37.8542+02:00] Not a valid Opa Pdp Message                  
Failed to write to log, can't make directories for new logfile: mkdir /var/logs: permission denied
[33mWARN[0m[2026-08-26T03:17:37.8544+02:00] Ignoring message with unexpected type:       
Failed to write to log, can't make directories for new logfile: mkdir /var/logs: permission denied
[33mWARN[0m[2026-08-26T03:17:37.8547+02:00] Not a valid Opa Pdp Message                  
Failed to write to log, can't make directories for new logfile: mkdir /var/logs: permission denied
[33mWARN[0m[2026-08-26T03:17:37.8548+02:00] Ignoring message with unexpected type:       
Failed to write to log, can't make directories for new logfile: mkdir /var/logs: permission denied
[33mWARN[0m[2026-08-26T03:17:37.8551+02:00] Not a valid Opa Pdp Message                  
Failed to write to log, can't make directories for new logfile: mkdir /var/logs: permission denied
[33mWARN[0m[2026-08-26T03:17:37.8555+02:00] Ignoring message with unexpected type:       
Failed to write to log, can't make directories for new logfile: mkdir /var/logs: permission denied
[33mWARN[0m[2026-08-26T03:17:37.8555+02:00] Not a valid Opa Pdp Message                  
Failed to write to log, can't make directories for new logfile: mkdir /var/logs: permission denied
[33mWARN[0m[2026-08-26T03:17:37.8558+02:00] Ignoring message with unexpected type:       
Failed to write to log, can't make directories for new logfile: mkdir /var/logs: permission denied
[33mWARN[0m[2026-08-26T03:17:37.8564+02:00] Not a valid Opa Pdp Message                  
Failed to write to log, can't make directories for new logfile: mkdir /var/logs: permission denied
[33mWARN[0m[2026-08-26T03:17:37.8564+02:00] Ignoring message with unexpected type:       
Failed to write to log, can't make directories for new logfile: mkdir /var/logs: permission denied
[33mWARN[0m[2026-08-26T03:17:37.8566+02:00] Not a valid Opa Pdp Message                  
Failed to write to log, can't make directories for new logfile: mkdir /var/logs: permission denied
[33mWARN[0m[2026-08-26T03:17:37.8569+02:00] Ignoring message with unexpected type:       
Failed to write to log, can't make directories for new logfile: mkdir /var/logs: permission denied
[33mWARN[0m[2026-08-26T03:17:37.8569+02:00] Not a valid Opa Pdp Message                  
Failed to write to log, can't make directories for new logfile: mkdir /var/logs: permission denied
[33mWARN[0m[2026-08-26T03:17:37.8571+02:00] Ignoring message with unexpected type:       
Failed to write to log, can't make directories for new logfile: mkdir /var/logs: permission denied
[33mWARN[0m[2026-08-26T03:17:37.8577+02:00] Ignoring message with unexpected type:       
Failed to write to log, can't make directories for new logfile: mkdir /var/logs: permission denied
[33mWARN[0m[2026-08-26T03:17:37.8579+02:00] Not a valid Opa Pdp Message                  
Failed to write to log, can't make directories for new logfile: mkdir /var/logs: permission denied
[33mWARN[0m[2026-08-26T03:17:37.8581+02:00] Ignoring message with unexpected type:       
Failed to write to log, can't make directories for new logfile: mkdir /var/logs: permission denied
[33mWARN[0m[2026-08-26T03:17:37.8584+02:00] Not a valid Opa Pdp Message                  
Failed to write to log, can't make directories for new logfile: mkdir /var/logs: permission denied
[33mWARN[0m[2026-08-26T03:17:37.8591+02:00] Ignoring message with unexpected type:       
Failed to write to log, can't make directories for new logfile: mkdir /var/logs: permission denied
[33mWARN[0m[2026-08-26T03:17:37.8595+02:00] Ignoring message with unexpected type:       
Failed to write to log, can't make directories for new logfile: mkdir /var/logs: permission denied
[33mWARN[0m[2026-08-26T03:17:37.8592+02:00] Not a valid Opa Pdp Message                  
Failed to write to log, can't make directories for new logfile: mkdir /var/logs: permission denied
[33mWARN[0m[2026-08-26T03:17:37.8599+02:00] Ignoring message with unexpected type:       
Failed to write to log, can't make directories for new logfile: mkdir /var/logs: permission denied
[33mWARN[0m[2026-08-26T03:17:37.8603+02:00] Ignoring message with unexpected type:       
Failed to write to log, can't make directories for new logfile: mkdir /var/logs: permission denied
[33mWARN[0m[2026-08-26T03:17:37.8605+02:00] Ignoring message with unexpected type:       
Failed to write to log, can't make directories for new logfile: mkdir /var/logs: permission denied
[33mWARN[0m[2026-08-26T03:17:37.8607+02:00] Ignoring message with unexpected type:       
Failed to write to log, can't make directories for new logfile: mkdir /var/logs: permission denied
[33mWARN[0m[2026-08-26T03:17:37.8610+02:00] Ignoring message with unexpected type:       
Failed to write to log, can't make directories for new logfile: mkdir /var/logs: permission denied
[33mWARN[0m[2026-08-26T03:17:37.8600+02:00] Not a valid Opa Pdp Message                  
Failed to write to log, can't make directories for new logfile: mkdir /var/logs: permission denied
[33mWARN[0m[2026-08-26T03:17:37.8622+02:00] Not a valid Opa Pdp Message                  
Failed to write to log, can't make directories for new logfile: mkdir /var/logs: permission denied
[33mWARN[0m[2026-08-26T03:17:37.8624+02:00] Ignoring message with unexpected type:       
Failed to write to log, can't make directories for new logfile: mkdir /var/logs: permission denied
[33mWARN[0m[2026-08-26T03:17:37.8634+02:00] Ignoring message with unexpected type:       
Failed to write to log, can't make directories for new logfile: mkdir /var/logs: permission denied
[33mWARN[0m[2026-08-26T03:17:37.8637+02:00] Ignoring message with unexpected type:       
Failed to write to log, can't make directories for new logfile: mkdir /var/logs: permission denied
[33mWARN[0m[2026-08-26T03:17:37.8639+02:00] Ignoring message with unexpected type:       
Failed to write to log, can't make directories for new logfile: mkdir /var/logs: permission denied
[33mWARN[0m[2026-08-26T03:17:37.8641+02:00] Ignoring message with unexpected type:       
Failed to write to log, can't make directories for new logfile: mkdir /var/logs: permission denied
[33mWARN[0m[2026-08-26T03:17:37.8643+02:00] Ignoring message with unexpected type:       
Failed to write to log, can't make directories for new logfile: mkdir /var/logs: permission denied
[33mWARN[0m[2026-08-26T03:17:37.8645+02:00] Not a valid Opa Pdp Message                  
Failed to write to log, can't make directories for new logfile: mkdir /var/logs: permission denied
[33mWARN[0m[2026-08-26T03:17:37.8646+02:00] Ignoring message with unexpected type:       
Failed to write to log, can't make directories for new logfile: mkdir /var/logs: permission denied
[33mWARN[0m[2026-08-26T03:17:37.8649+02:00] Not a valid Opa Pdp Message                  
Failed to write to log, can't make directories for new logfile: mkdir /var/logs: permission denied
[33mWARN[0m[2026-08-26T03:17:37.8652+02:00] Ignoring message with unexpected type:       
Failed to write to log, can't make directories for new logfile: mkdir /var/logs: permission denied
[33mWARN[0m[2026-08-26T03:17:37.8654+02:00] Not a valid Opa Pdp Message                  
Failed to write to log, can't make directories for new logfile: mkdir /var/logs: permission denied
[33mWARN[0m[2026-08-26T03:17:37.8659+02:00] Not a valid Opa Pdp Message                  
Failed to write to log, can't make directories for new logfile: mkdir /var/logs: permission denied
[33mWARN[0m[2026-08-26T03:17:37.8660+02:00] Ignoring message with unexpected type:       
Failed to write to log, can't make directories for new logfile: mkdir /var/logs: permission denied
[33mWARN[0m[2026-08-26T03:17:37.8660+02:00] Not a valid Opa Pdp Message                  
Failed to write to log, can't make directories for new logfile: mkdir /var/logs: permission denied
[33mWARN[0m[2026-08-26T03:17:37.8664+02:00] Ignoring message with unexpected type:       
Failed to write to log, can't make directories for new logfile: mkdir /var/logs: permission denied
[33mWARN[0m[2026-08-26T03:17:37.8666+02:00] Not a valid Opa Pdp Message                  
Failed to write to log, can't make directories for new logfile: mkdir /var/logs: permission denied
[33mWARN[0m[2026-08-26T03:17:37.8671+02:00] Ignoring message with unexpected type:       
Failed to write to log, can't make directories for new logfile: mkdir /var/logs: permission denied
[33mWARN[0m[2026-08-26T03:17:37.8671+02:00] Not a valid Opa Pdp Message                  
Failed to write to log, can't make directories for new logfile: mkdir /var/logs: permission denied
[33mWARN[0m[2026-08-26T03:17:37.8675+02:00] Ignoring message with unexpected type:       
Failed to write to log, can't make directories for new logfile: mkdir /var/logs: permission denied
[33mWARN[0m[2026-08-26T03:17:37.8676+02:00] Not a valid Opa Pdp Message                  
Failed to write to log, can't make directories for new logfile: mkdir /var/logs: permission denied
[33mWARN[0m[2026-08-26T03:17:37.8679+02:00] Not a valid Opa Pdp Message                  
Failed to write to log, can't make directories for new logfile: mkdir /var/logs: permission denied
[33mWARN[0m[2026-08-26T03:17:37.8678+02:00] Ignoring message with unexpected type:       
Failed to write to log, can't make directories for new logfile: mkdir /var/logs: permission denied
[33mWARN[0m[2026-08-26T03:17:37.8683+02:00] Not a valid Opa Pdp Message                  
Failed to write to log, can't make directories for new logfile: mkdir /var/logs: permission denied
[33mWARN[0m[2026-08-26T03:17:37.8684+02:00] Ignoring message with unexpected type:       
Failed to write to log, can't make directories for new logfile: mkdir /var/logs: permission denied
[33mWARN[0m[2026-08-26T03:17:37.8684+02:00] Not a valid Opa Pdp Message                  
Failed to write to log, can't make directories for new logfile: mkdir /var/logs: permission denied
[33mWARN[0m[2026-08-26T03:17:37.8686+02:00] Not a valid Opa Pdp Message                  
Failed to write to log, can't make directories for new logfile: mkdir /var/logs: permission denied
[33mWARN[0m[2026-08-26T03:17:37.8686+02:00] Ignoring message with unexpected type:       
Failed to write to log, can't make directories for new logfile: mkdir /var/logs: permission denied
[33mWARN[0m[2026-08-26T03:17:37.8691+02:00] Not a valid Opa Pdp Message                  
Failed to write to log, can't make directories for new logfile: mkdir /var/logs: permission denied
[33mWARN[0m[2026-08-26T03:17:37.8691+02:00] Ignoring message with unexpected type:       
Failed to write to log, can't make directories for new logfile: mkdir /var/logs: permission denied
[33mWARN[0m[2026-08-26T03:17:37.8695+02:00] Not a valid Opa Pdp Message                  
Failed to write to log, can't make directories for new logfile: mkdir /var/logs: permission denied
[33mWARN[0m[2026-08-26T03:17:37.8697+02:00] Ignoring message with unexpected type:       
Failed to write to log, can't make directories for new logfile: mkdir /var/logs: permission denied
[33mWARN[0m[2026-08-26T03:17:37.8697+02:00] Not a valid Opa Pdp Message                  
Failed to write to log, can't make directories for new logfile: mkdir /var/logs: permission denied
[33mWARN[0m[2026-08-26T03:17:37.8699+02:00] Ignoring message with unexpected type:       
Failed to write to log, can't make directories for new logfile: mkdir /var/logs: permission denied
[33mWARN[0m[2026-08-26T03:17:37.8701+02:00] Not a valid Opa Pdp Message                  
Failed to write to log, can't make directories for new logfile: mkdir /var/logs: permission denied
[33mWARN[0m[2026-08-26T03:17:37.8702+02:00] Ignoring message with unexpected type:       
Failed to write to log, can't make directories for new logfile: mkdir /var/logs: permission denied
[33mWARN[0m[2026-08-26T03:17:37.8702+02:00] Not a valid Opa Pdp Message                  
Failed to write to log, can't make directories for new logfile: mkdir /var/logs: permission denied
[33mWARN[0m[2026-08-26T03:17:37.8704+02:00] Ignoring message with unexpected type:       
Failed to write to log, can't make directories for new logfile: mkdir /var/logs: permission denied
[33mWARN[0m[2026-08-26T03:17:37.8707+02:00] Not a valid Opa Pdp Message                  
Failed to write to log, can't make directories for new logfile: mkdir /var/logs: permission denied
[33mWARN[0m[2026-08-26T03:17:37.8711+02:00] Not a valid Opa Pdp Message                  
Failed to write to log, can't make directories for new logfile: mkdir /var/logs: permission denied
[33mWARN[0m[2026-08-26T03:17:37.8711+02:00] Ignoring message with unexpected type:       
Failed to write to log, can't make directories for new logfile: mkdir /var/logs: permission denied
[33mWARN[0m[2026-08-26T03:17:37.8714+02:00] Not a valid Opa Pdp Message                  
Failed to write to log, can't make directories for new logfile: mkdir /var/logs: permission denied
[33mWARN[0m[2026-08-26T03:17:37.8716+02:00] Ignoring message with unexpected type:       
Failed to write to log, can't make directories for new logfile: mkdir /var/logs: permission denied
[33mWARN[0m[2026-08-26T03:17:37.8719+02:00] Not a valid Opa Pdp Message                  
Failed to write to log, can't make directories for new logfile: mkdir /var/logs: permission denied
[33mWARN[0m[2026-08-26T03:17:37.8723+02:00] Ignoring message with unexpected type:       
Failed to write to log, can't make directories for new logfile: mkdir /var/logs: permission denied
[33mWARN[0m[2026-08-26T03:17:37.8726+02:00] Ignoring message with unexpected type:       
Failed to write to log, can't make directories for new logfile: mkdir /var/logs: permission denied
[33mWARN[0m[2026-08-26T03:17:37.8723+02:00] Not a valid Opa Pdp Message                  
Failed to write to log, can't make directories for new logfile: mkdir /var/logs: permission denied
[33mWARN[0m[2026-08-26T03:17:37.8731+02:00] Ignoring message with unexpected type:       
Failed to write to log, can't make directories for new logfile: mkdir /var/logs: permission denied
[33mWARN[0m[2026-08-26T03:17:37.8734+02:00] Not a valid Opa Pdp Message                  
Failed to write to log, can't make directories for new logfile: mkdir /var/logs: permission denied
[33mWARN[0m[2026-08-26T03:17:37.8736+02:00] Ignoring message with unexpected type:       
Failed to write to log, can't make directories for new logfile: mkdir /var/logs: permission denied
[33mWARN[0m[2026-08-26T03:17:37.8736+02:00] Not a valid Opa Pdp Message                  
Failed to write to log, can't make directories for new logfile: mkdir /var/logs: permission denied
[33mWARN[0m[2026-08-26T03:17:37.8738+02:00] Ignoring message with unexpected type:       
Failed to write to log, can't make directories for new logfile: mkdir /var/logs: permission denied
[33mWARN[0m[2026-08-26T03:17:37.8743+02:00] Not a valid Opa Pdp Message                  
Failed to write to log, can't make directories for new logfile: mkdir /var/logs: permission denied
[33mWARN[0m[2026-08-26T03:17:37.8744+02:00] Ignoring message with unexpected type:       
Failed to write to log, can't make directories for new logfile: mkdir /var/logs: permission denied
[33mWARN[0m[2026-08-26T03:17:37.8745+02:00] Not a valid Opa Pdp Message                  
Failed to write to log, can't make directories for new logfile: mkdir /var/logs: permission denied
[33mWARN[0m[2026-08-26T03:17:37.8747+02:00] Ignoring message with unexpected type:       
Failed to write to log, can't make directories for new logfile: mkdir /var/logs: permission denied
[33mWARN[0m[2026-08-26T03:17:37.8748+02:00] Not a valid Opa Pdp Message                  
Failed to write to log, can't make directories for new logfile: mkdir /var/logs: permission denied
[33mWARN[0m[2026-08-26T03:17:37.8750+02:00] Not a valid Opa Pdp Message                  
Failed to write to log, can't make directories for new logfile: mkdir /var/logs: permission denied
[33mWARN[0m[2026-08-26T03:17:37.8750+02:00] Ignoring message with unexpected type:       
Failed to write to log, can't make directories for new logfile: mkdir /var/logs: permission denied
[33mWARN[0m[2026-08-26T03:17:37.8755+02:00] Ignoring message with unexpected type:       
Failed to write to log, can't make directories for new logfile: mkdir /var/logs: permission denied
[33mWARN[0m[2026-08-26T03:17:37.8756+02:00] Not a valid Opa Pdp Message                  
Failed to write to log, can't make directories for new logfile: mkdir /var/logs: permission denied
[33mWARN[0m[2026-08-26T03:17:37.8761+02:00] Not a valid Opa Pdp Message                  
Failed to write to log, can't make directories for new logfile: mkdir /var/logs: permission denied
[33mWARN[0m[2026-08-26T03:17:37.8762+02:00] Ignoring message with unexpected type:       
Failed to write to log, can't make directories for new logfile: mkdir /var/logs: permission denied
[33mWARN[0m[2026-08-26T03:17:37.8763+02:00] Not a valid Opa Pdp Message                  
Failed to write to log, can't make directories for new logfile: mkdir /var/logs: permission denied
[33mWARN[0m[2026-08-26T03:17:37.8766+02:00] Ignoring message with unexpected type:       
Failed to write to log, can't make directories for new logfile: mkdir /var/logs: permission denied
[33mWARN[0m[2026-08-26T03:17:37.8768+02:00] Not a valid Opa Pdp Message                  
Failed to write to log, can't make directories for new logfile: mkdir /var/logs: permission denied
[33mWARN[0m[2026-08-26T03:17:37.8770+02:00] Ignoring message with unexpected type:       
Failed to write to log, can't make directories for new logfile: mkdir /var/logs: permission denied
[33mWARN[0m[2026-08-26T03:17:37.8770+02:00] Not a valid Opa Pdp Message                  
Failed to write to log, can't make directories for new logfile: mkdir /var/logs: permission denied
[33mWARN[0m[2026-08-26T03:17:37.8773+02:00] Ignoring message with unexpected type:       
Failed to write to log, can't make directories for new logfile: mkdir /var/logs: permission denied
[33mWARN[0m[2026-08-26T03:17:37.8773+02:00] Not a valid Opa Pdp Message                  
Failed to write to log, can't make directories for new logfile: mkdir /var/logs: permission denied
[33mWARN[0m[2026-08-26T03:17:37.8775+02:00] Ignoring message with unexpected type:       
Failed to write to log, can't make directories for new logfile: mkdir /var/logs: permission denied
[33mWARN[0m[2026-08-26T03:17:37.8779+02:00] Not a valid Opa Pdp Message                  
Failed to write to log, can't make directories for new logfile: mkdir /var/logs: permission denied
[33mWARN[0m[2026-08-26T03:17:37.8780+02:00] Ignoring message with unexpected type:       
Failed to write to log, can't make directories for new logfile: mkdir /var/logs: permission denied
[33mWARN[0m[2026-08-26T03:17:37.8781+02:00] Not a valid Opa Pdp Message                  
Failed to write to log, can't make directories for new logfile: mkdir /var/logs: permission denied
[33mWARN[0m[2026-08-26T03:17:37.8784+02:00] Ignoring message with unexpected type:       
Failed to write to log, can't make directories for new logfile: mkdir /var/logs: permission denied
[33mWARN[0m[2026-08-26T03:17:37.8786+02:00] Not a valid Opa Pdp Message                  
Failed to write to log, can't make directories for new logfile: mkdir /var/logs: permission denied
[33mWARN[0m[2026-08-26T03:17:37.8789+02:00] Ignoring message with unexpected type:       
Failed to write to log, can't make directories for new logfile: mkdir /var/logs: permission denied
[33mWARN[0m[2026-08-26T03:17:37.8790+02:00] Not a valid Opa Pdp Message                  
Failed to write to log, can't make directories for new logfile: mkdir /var/logs: permission denied
[33mWARN[0m[2026-08-26T03:17:37.8791+02:00] Ignoring message with unexpected type:       
Failed to write to log, can't make directories for new logfile: mkdir /var/logs: permission denied
[33mWARN[0m[2026-08-26T03:17:37.8795+02:00] Not a valid Opa Pdp Message                  
Failed to write to log, can't make directories for new logfile: mkdir /var/logs: permission denied
[33mWARN[0m[2026-08-26T03:17:37.8797+02:00] Not a valid Opa Pdp Message                  
Failed to write to log, can't make directories for new logfile: mkdir /var/logs: permission denied
[33mWARN[0m[2026-08-26T03:17:37.8797+02:00] Ignoring message with unexpected type:       
Failed to write to log, can't make directories for new logfile: mkdir /var/logs: permission denied
[33mWARN[0m[2026-08-26T03:17:37.8799+02:00] Not a valid Opa Pdp Message                  
Failed to write to log, can't make directories for new logfile: mkdir /var/logs: permission denied
[33mWARN[0m[2026-08-26T03:17:37.8802+02:00] Ignoring message with unexpected type:       
Failed to write to log, can't make directories for new logfile: mkdir /var/logs: permission denied
[33mWARN[0m[2026-08-26T03:17:37.8808+02:00] Not a valid Opa Pdp Message                  
Failed to write to log, can't make directories for new logfile: mkdir /var/logs: permission denied
[33mWARN[0m[2026-08-26T03:17:37.8809+02:00] Ignoring message with unexpected type:       
Failed to write to log, can't make directories for new logfile: mkdir /var/logs: permission denied
[33mWARN[0m[2026-08-26T03:17:37.8813+02:00] Not a valid Opa Pdp Message                  
Failed to write to log, can't make directories for new logfile: mkdir /var/logs: permission denied
[33mWARN[0m[2026-08-26T03:17:37.8815+02:00] Ignoring message with unexpected type:       
Failed to write to log, can't make directories for new logfile: mkdir /var/logs: permission denied
[33mWARN[0m[2026-08-26T03:17:37.8822+02:00] Ignoring message with unexpected type:       
Failed to write to log, can't make directories for new logfile: mkdir /var/logs: permission denied
[33mWARN[0m[2026-08-26T03:17:37.8823+02:00] Not a valid Opa Pdp Message                  
Failed to write to log, can't make directories for new logfile: mkdir /var/logs: permission denied
[33mWARN[0m[2026-08-26T03:17:37.8825+02:00] Ignoring message with unexpected type:       
Failed to write to log, can't make directories for new logfile: mkdir /var/logs: permission denied
[33mWARN[0m[2026-08-26T03:17:37.8826+02:00] Not a valid Opa Pdp Message                  
Failed to write to log, can't make directories for new logfile: mkdir /var/logs: permission denied
[33mWARN[0m[2026-08-26T03:17:37.8828+02:00] Ignoring message with unexpected type:       
Failed to write to log, can't make directories for new logfile: mkdir /var/logs: permission denied
[33mWARN[0m[2026-08-26T03:17:37.8829+02:00] Not a valid Opa Pdp Message                  
Failed to write to log, can't make directories for new logfile: mkdir /var/logs: permission denied
[33mWARN[0m[2026-08-26T03:17:37.8831+02:00] Ignoring message with unexpected type:       
Failed to write to log, can't make directories for new logfile: mkdir /var/logs: permission denied
[33mWARN[0m[2026-08-26T03:17:37.8833+02:00] Ignoring message with unexpected type:       
Failed to write to log, can't make directories for new logfile: mkdir /var/logs: permission denied
[33mWARN[0m[2026-08-26T03:17:37.8837+02:00] Ignoring message with unexpected type:       
Failed to write to log, can't make directories for new logfile: mkdir /var/logs: permission denied
[33mWARN[0m[2026-08-26T03:17:37.8832+02:00] Not a valid Opa Pdp Message                  
Failed to write to log, can't make directories for new logfile: mkdir /var/logs: permission denied
[33mWARN[0m[2026-08-26T03:17:37.8841+02:00] Ignoring message with unexpected type:       
Failed to write to log, can't make directories for new logfile: mkdir /var/logs: permission denied
[33mWARN[0m[2026-08-26T03:17:37.8841+02:00] Not a valid Opa Pdp Message                  
Failed to write to log, can't make directories for new logfile: mkdir /var/logs: permission denied
[33mWARN[0m[2026-08-26T03:17:37.8849+02:00] Ignoring message with unexpected type:       
Failed to write to log, can't make directories for new logfile: mkdir /var/logs: permission denied
[33mWARN[0m[2026-08-26T03:17:37.8850+02:00] Not a valid Opa Pdp Message                  
Failed to write to log, can't make directories for new logfile: mkdir /var/logs: permission denied
[33mWARN[0m[2026-08-26T03:17:37.8856+02:00] Ignoring message with unexpected type:       
Failed to write to log, can't make directories for new logfile: mkdir /var/logs: permission denied
[33mWARN[0m[2026-08-26T03:17:37.8857+02:00] Not a valid Opa Pdp Message                  
Failed to write to log, can't make directories for new logfile: mkdir /var/logs: permission denied
[33mWARN[0m[2026-08-26T03:17:37.8860+02:00] Ignoring message with unexpected type:       
Failed to write to log, can't make directories for new logfile: mkdir /var/logs: permission denied
[33mWARN[0m[2026-08-26T03:17:37.8863+02:00] Not a valid Opa Pdp Message                  
Failed to write to log, can't make directories for new logfile: mkdir /var/logs: permission denied
[33mWARN[0m[2026-08-26T03:17:37.8865+02:00] Ignoring message with unexpected type:       
Failed to write to log, can't make directories for new logfile: mkdir /var/logs: permission denied
[33mWARN[0m[2026-08-26T03:17:37.8866+02:00] Not a valid Opa Pdp Message                  
Failed to write to log, can't make directories for new logfile: mkdir /var/logs: permission denied
[33mWARN[0m[2026-08-26T03:17:37.8867+02:00] Ignoring message with unexpected type:       
Failed to write to log, can't make directories for new logfile: mkdir /var/logs: permission denied
[33mWARN[0m[2026-08-26T03:17:37.8867+02:00] Not a valid Opa Pdp Message                  
Failed to write to log, can't make directories for new logfile: mkdir /var/logs: permission denied
[33mWARN[0m[2026-08-26T03:17:37.8870+02:00] Ignoring message with unexpected type:       
Failed to write to log, can't make directories for new logfile: mkdir /var/logs: permission denied
[33mWARN[0m[2026-08-26T03:17:37.8870+02:00] Not a valid Opa Pdp Message                  
Failed to write to log, can't make directories for new logfile: mkdir /var/logs: permission denied
[33mWARN[0m[2026-08-26T03:17:37.8872+02:00] Ignoring message with unexpected type:       
Failed to write to log, can't make directories for new logfile: mkdir /var/logs: permission denied
[33mWARN[0m[2026-08-26T03:17:37.8872+02:00] Not a valid Opa Pdp Message                  
Failed to write to log, can't make directories for new logfile: mkdir /var/logs: permission denied
[33mWARN[0m[2026-08-26T03:17:37.8874+02:00] Ignoring message with unexpected type:       
Failed to write to log, can't make directories for new logfile: mkdir /var/logs: permission denied
[33mWARN[0m[2026-08-26T03:17:37.8876+02:00] Not a valid Opa Pdp Message                  
Failed to write to log, can't make directories for new logfile: mkdir /var/logs: permission denied
[33mWARN[0m[2026-08-26T03:17:37.8879+02:00] Ignoring message with unexpected type:       
Failed to write to log, can't make directories for new logfile: mkdir /var/logs: permission denied
[33mWARN[0m[2026-08-26T03:17:37.8880+02:00] Not a valid Opa Pdp Message                  
Failed to write to log, can't make directories for new logfile: mkdir /var/logs: permission denied
[33mWARN[0m[2026-08-26T03:17:37.8883+02:00] Ignoring message with unexpected type:       
Failed to write to log, can't make directories for new logfile: mkdir /var/logs: permission denied
[33mWARN[0m[2026-08-26T03:17:37.8886+02:00] Not a valid Opa Pdp Message                  
Failed to write to log, can't make directories for new logfile: mkdir /var/logs: permission denied
[33mWARN[0m[2026-08-26T03:17:37.8887+02:00] Ignoring message with unexpected type:       
Failed to write to log, can't make directories for new logfile: mkdir /var/logs: permission denied
[33mWARN[0m[2026-08-26T03:17:37.8888+02:00] Not a valid Opa Pdp Message                  
Failed to write to log, can't make directories for new logfile: mkdir /var/logs: permission denied
[33mWARN[0m[2026-08-26T03:17:37.8890+02:00] Not a valid Opa Pdp Message                  
Failed to write to log, can't make directories for new logfile: mkdir /var/logs: permission denied
[33mWARN[0m[2026-08-26T03:17:37.8889+02:00] Ignoring message with unexpected type:       
Failed to write to log, can't make directories for new logfile: mkdir /var/logs: permission denied
[33mWARN[0m[2026-08-26T03:17:37.8892+02:00] Not a valid Opa Pdp Message                  
Failed to write to log, can't make directories for new logfile: mkdir /var/logs: permission denied
[33mWARN[0m[2026-08-26T03:17:37.8895+02:00] Ignoring message with unexpected type:       
Failed to write to log, can't make directories for new logfile: mkdir /var/logs: permission denied
[33mWARN[0m[2026-08-26T03:17:37.8899+02:00] Not a valid Opa Pdp Message                  
Failed to write to log, can't make directories for new logfile: mkdir /var/logs: permission denied
[33mWARN[0m[2026-08-26T03:17:37.8901+02:00] Ignoring message with unexpected type:       
Failed to write to log, can't make directories for new logfile: mkdir /var/logs: permission denied
[33mWARN[0m[2026-08-26T03:17:37.8905+02:00] Not a valid Opa Pdp Message                  
Failed to write to log, can't make directories for new logfile: mkdir /var/logs: permission denied
[33mWARN[0m[2026-08-26T03:17:37.8905+02:00] Ignoring message with unexpected type:       
Failed to write to log, can't make directories for new logfile: mkdir /var/logs: permission denied
[33mWARN[0m[2026-08-26T03:17:37.8908+02:00] Not a valid Opa Pdp Message                  
Failed to write to log, can't make directories for new logfile: mkdir /var/logs: permission denied
[33mWARN[0m[2026-08-26T03:17:37.8910+02:00] Ignoring message with unexpected type:       
Failed to write to log, can't make directories for new logfile: mkdir /var/logs: permission denied
[33mWARN[0m[2026-08-26T03:17:37.8911+02:00] Not a valid Opa Pdp Message                  
Failed to write to log, can't make directories for new logfile: mkdir /var/logs: permission denied
[33mWARN[0m[2026-08-26T03:17:37.8915+02:00] Ignoring message with unexpected type:       
Failed to write to log, can't make directories for new logfile: mkdir /var/logs: permission denied
[33mWARN[0m[2026-08-26T03:17:37.8916+02:00] Not a valid Opa Pdp Message                  
Failed to write to log, can't make directories for new logfile: mkdir /var/logs: permission denied
[33mWARN[0m[2026-08-26T03:17:37.8919+02:00] Ignoring message with unexpected type:       
Failed to write to log, can't make directories for new logfile: mkdir /var/logs: permission denied
[33mWARN[0m[2026-08-26T03:17:37.8924+02:00] Not a valid Opa Pdp Message                  
Failed to write to log, can't make directories for new logfile: mkdir /var/logs: permission denied
[33mWARN[0m[2026-08-26T03:17:37.8924+02:00] Ignoring message with unexpected type:       
Failed to write to log, can't make directories for new logfile: mkdir /var/logs: permission denied
[33mWARN[0m[2026-08-26T03:17:37.8927+02:00] Not a valid Opa Pdp Message                  
Failed to write to log, can't make directories for new logfile: mkdir /var/logs: permission denied
[33mWARN[0m[2026-08-26T03:17:37.8929+02:00] Ignoring message with unexpected type:       
Failed to write to log, can't make directories for new logfile: mkdir /var/logs: permission denied
[33mWARN[0m[2026-08-26T03:17:37.8929+02:00] Not a valid Opa Pdp Message                  
Failed to write to log, can't make directories for new logfile: mkdir /var/logs: permission denied
[33mWARN[0m[2026-08-26T03:17:37.8932+02:00] Ignoring message with unexpected type:       
Failed to write to log, can't make directories for new logfile: mkdir /var/logs: permission denied
[33mWARN[0m[2026-08-26T03:17:37.8935+02:00] Not a valid Opa Pdp Message                  
Failed to write to log, can't make directories for new logfile: mkdir /var/logs: permission denied
[33mWARN[0m[2026-08-26T03:17:37.8937+02:00] Ignoring message with unexpected type:       
Failed to write to log, can't make directories for new logfile: mkdir /var/logs: permission denied
[33mWARN[0m[2026-08-26T03:17:37.8940+02:00] Not a valid Opa Pdp Message                  
Failed to write to log, can't make directories for new logfile: mkdir /var/logs: permission denied
[33mWARN[0m[2026-08-26T03:17:37.8942+02:00] Not a valid Opa Pdp Message                  
Failed to write to log, can't make directories for new logfile: mkdir /var/logs: permission denied
[33mWARN[0m[2026-08-26T03:17:37.8942+02:00] Ignoring message with unexpected type:       
Failed to write to log, can't make directories for new logfile: mkdir /var/logs: permission denied
[33mWARN[0m[2026-08-26T03:17:37.8946+02:00] Not a valid Opa Pdp Message                  
Failed to write to log, can't make directories for new logfile: mkdir /var/logs: permission denied
[33mWARN[0m[2026-08-26T03:17:37.8947+02:00] Ignoring message with unexpected type:       
Failed to write to log, can't make directories for new logfile: mkdir /var/logs: permission denied
[33mWARN[0m[2026-08-26T03:17:37.8949+02:00] Not a valid Opa Pdp Message                  
Failed to write to log, can't make directories for new logfile: mkdir /var/logs: permission denied
[33mWARN[0m[2026-08-26T03:17:37.8950+02:00] Ignoring message with unexpected type:       
Failed to write to log, can't make directories for new logfile: mkdir /var/logs: permission denied
[33mWARN[0m[2026-08-26T03:17:37.8951+02:00] Not a valid Opa Pdp Message                  
Failed to write to log, can't make directories for new logfile: mkdir /var/logs: permission denied
[33mWARN[0m[2026-08-26T03:17:37.8953+02:00] Ignoring message with unexpected type:       
Failed to write to log, can't make directories for new logfile: mkdir /var/logs: permission denied
[33mWARN[0m[2026-08-26T03:17:37.8953+02:00] Not a valid Opa Pdp Message                  
Failed to write to log, can't make directories for new logfile: mkdir /var/logs: permission denied
[33mWARN[0m[2026-08-26T03:17:37.8955+02:00] Ignoring message with unexpected type:       
Failed to write to log, can't make directories for new logfile: mkdir /var/logs: permission denied
[33mWARN[0m[2026-08-26T03:17:37.8955+02:00] Not a valid Opa Pdp Message                  
Failed to write to log, can't make directories for new logfile: mkdir /var/logs: permission denied
[33mWARN[0m[2026-08-26T03:17:37.8957+02:00] Ignoring message with unexpected type:       
Failed to write to log, can't make directories for new logfile: mkdir /var/logs: permission denied
[33mWARN[0m[2026-08-26T03:17:37.8958+02:00] Not a valid Opa Pdp Message                  
Failed to write to log, can't make directories for new logfile: mkdir /var/logs: permission denied
[33mWARN[0m[2026-08-26T03:17:37.8959+02:00] Ignoring message with unexpected type:       
Failed to write to log, can't make directories for new logfile: mkdir /var/logs: permission denied
[33mWARN[0m[2026-08-26T03:17:37.8960+02:00] Not a valid Opa Pdp Message                  
Failed to write to log, can't make directories for new logfile: mkdir /var/logs: permission denied
[33mWARN[0m[2026-08-26T03:17:37.8961+02:00] Ignoring message with unexpected type:       
Failed to write to log, can't make directories for new logfile: mkdir /var/logs: permission denied
[33mWARN[0m[2026-08-26T03:17:37.8967+02:00] Not a valid Opa Pdp Message                  
Failed to write to log, can't make directories for new logfile: mkdir /var/logs: permission denied
[33mWARN[0m[2026-08-26T03:17:37.8967+02:00] Ignoring message with unexpected type:       
Failed to write to log, can't make directories for new logfile: mkdir /var/logs: permission denied
[33mWARN[0m[2026-08-26T03:17:37.8971+02:00] Not a valid Opa Pdp Message                  
Failed to write to log, can't make directories for new logfile: mkdir /var/logs: permission denied
[33mWARN[0m[2026-08-26T03:17:37.8973+02:00] Ignoring message with unexpected type:       
Failed to write to log, can't make directories for new logfile: mkdir /var/logs: permission denied
[33mWARN[0m[2026-08-26T03:17:37.8977+02:00] Ignoring message with unexpected type:       
Failed to write to log, can't make directories for new logfile: mkdir /var/logs: permission denied
[33mWARN[0m[2026-08-26T03:17:37.8975+02:00] Not a valid Opa Pdp Message                  
Failed to write to log, can't make directories for new logfile: mkdir /var/logs: permission denied
[33mWARN[0m[2026-08-26T03:17:37.8980+02:00] Ignoring message with unexpected type:       
Failed to write to log, can't make directories for new logfile: mkdir /var/logs: permission denied
[33mWARN[0m[2026-08-26T03:17:37.8983+02:00] Not a valid Opa Pdp Message                  
Failed to write to log, can't make directories for new logfile: mkdir /var/logs: permission denied
[33mWARN[0m[2026-08-26T03:17:37.8986+02:00] Ignoring message with unexpected type:       
Failed to write to log, can't make directories for new logfile: mkdir /var/logs: permission denied
[33mWARN[0m[2026-08-26T03:17:37.8990+02:00] Not a valid Opa Pdp Message                  
Failed to write to log, can't make directories for new logfile: mkdir /var/logs: permission denied
[33mWARN[0m[2026-08-26T03:17:37.8991+02:00] Ignoring message with unexpected type:       
Failed to write to log, can't make directories for new logfile: mkdir /var/logs: permission denied
[33mWARN[0m[2026-08-26T03:17:37.8993+02:00] Not a valid Opa Pdp Message                  
Failed to write to log, can't make directories for new logfile: mkdir /var/logs: permission denied
[33mWARN[0m[2026-08-26T03:17:37.8996+02:00] Ignoring message with unexpected type:       
Failed to write to log, can't make directories for new logfile: mkdir /var/logs: permission denied
[33mWARN[0m[2026-08-26T03:17:37.9000+02:00] Ignoring message with unexpected type:       
Failed to write to log, can't make directories for new logfile: mkdir /var/logs: permission denied
[33mWARN[0m[2026-08-26T03:17:37.9000+02:00] Not a valid Opa Pdp Message                  
Failed to write to log, can't make directories for new logfile: mkdir /var/logs: permission denied
[33mWARN[0m[2026-08-26T03:17:37.9002+02:00] Ignoring message with unexpected type:       
Failed to write to log, can't make directories for new logfile: mkdir /var/logs: permission denied
[33mWARN[0m[2026-08-26T03:17:37.9006+02:00] Not a valid Opa Pdp Message                  
Failed to write to log, can't make directories for new logfile: mkdir /var/logs: permission denied
[33mWARN[0m[2026-08-26T03:17:37.9008+02:00] Ignoring message with unexpected type:       
Failed to write to log, can't make directories for new logfile: mkdir /var/logs: permission denied
[33mWARN[0m[2026-08-26T03:17:37.9009+02:00] Not a valid Opa Pdp Message                  
Failed to write to log, can't make directories for new logfile: mkdir /var/logs: permission denied
[33mWARN[0m[2026-08-26T03:17:37.9011+02:00] Ignoring message with unexpected type:       
Failed to write to log, can't make directories for new logfile: mkdir /var/logs: permission denied
[33mWARN[0m[2026-08-26T03:17:37.9013+02:00] Not a valid Opa Pdp Message                  
Failed to write to log, can't make directories for new logfile: mkdir /var/logs: permission denied
[33mWARN[0m[2026-08-26T03:17:37.9016+02:00] Ignoring message with unexpected type:       
Failed to write to log, can't make directories for new logfile: mkdir /var/logs: permission denied
[33mWARN[0m[2026-08-26T03:17:37.9017+02:00] Not a valid Opa Pdp Message                  
Failed to write to log, can't make directories for new logfile: mkdir /var/logs: permission denied
[33mWARN[0m[2026-08-26T03:17:37.9019+02:00] Ignoring message with unexpected type:       
Failed to write to log, can't make directories for new logfile: mkdir /var/logs: permission denied
[33mWARN[0m[2026-08-26T03:17:37.9020+02:00] Not a valid Opa Pdp Message                  
Failed to write to log, can't make directories for new logfile: mkdir /var/logs: permission denied
[33mWARN[0m[2026-08-26T03:17:37.9021+02:00] Ignoring message with unexpected type:       
Failed to write to log, can't make directories for new logfile: mkdir /var/logs: permission denied
[33mWARN[0m[2026-08-26T03:17:37.9025+02:00] Not a valid Opa Pdp Message                  
Failed to write to log, can't make directories for new logfile: mkdir /var/logs: permission denied
[33mWARN[0m[2026-08-26T03:17:37.9025+02:00] Ignoring message with unexpected type:       
Failed to write to log, can't make directories for new logfile: mkdir /var/logs: permission denied
[33mWARN[0m[2026-08-26T03:17:37.9028+02:00] Not a valid Opa Pdp Message                  
Failed to write to log, can't make directories for new logfile: mkdir /var/logs: permission denied
[33mWARN[0m[2026-08-26T03:17:37.9032+02:00] Not a valid Opa Pdp Message                  
Failed to write to log, can't make directories for new logfile: mkdir /var/logs: permission denied
[33mWARN[0m[2026-08-26T03:17:37.9034+02:00] Not a valid Opa Pdp Message                  
Failed to write to log, can't make directories for new logfile: mkdir /var/logs: permission denied
[33mWARN[0m[2026-08-26T03:17:37.9036+02:00] Not a valid Opa Pdp Message                  
Failed to write to log, can't make directories for new logfile: mkdir /var/logs: permission denied
[33mWARN[0m[2026-08-26T03:17:37.9038+02:00] Not a valid Opa Pdp Message                  
Failed to write to log, can't make directories for new logfile: mkdir /var/logs: permission denied
[33mWARN[0m[2026-08-26T03:17:37.9040+02:00] Not a valid Opa Pdp Message                  
Failed to write to log, can't make directories for new logfile: mkdir /var/logs: permission denied
[33mWARN[0m[2026-08-26T03:17:37.9030+02:00] Ignoring message with unexpected type:       
Failed to write to log, can't make directories for new logfile: mkdir /var/logs: permission denied
[33mWARN[0m[2026-08-26T03:17:37.9045+02:00] Ignoring message with unexpected type:       
Failed to write to log, can't make directories for new logfile: mkdir /var/logs: permission denied
[33mWARN[0m[2026-08-26T03:17:37.9047+02:00] Ignoring message with unexpected type:       
Failed to write to log, can't make directories for new logfile: mkdir /var/logs: permission denied
[33mWARN[0m[2026-08-26T03:17:37.9049+02:00] Ignoring message with unexpected type:       
Failed to write to log, can't make directories for new logfile: mkdir /var/logs: permission denied
[33mWARN[0m[2026-08-26T03:17:37.9052+02:00] Ignoring message with unexpected type:       
Failed to write to log, can't make directories for new logfile: mkdir /var/logs: permission denied
[33mWARN[0m[2026-08-26T03:17:37.9054+02:00] Ignoring message with unexpected type:       
Failed to write to log, can't make directories for new logfile: mkdir /var/logs: permission denied
[33mWARN[0m[2026-08-26T03:17:37.9056+02:00] Ignoring message with unexpected type:       
Failed to write to log, can't make directories for new logfile: mkdir /var/logs: permission denied
[33mWARN[0m[2026-08-26T03:17:37.9058+02:00] Ignoring message with unexpected type:       
Failed to write to log, can't make directories for new logfile: mkdir /var/logs: permission denied
[33mWARN[0m[2026-08-26T03:17:37.9060+02:00] Ignoring message with unexpected type:       
Failed to write to log, can't make directories for new logfile: mkdir /var/logs: permission denied
[33mWARN[0m[2026-08-26T03:17:37.9064+02:00] Not a valid Opa Pdp Message                  
Failed to write to log, can't make directories for new logfile: mkdir /var/logs: permission denied
[33mWARN[0m[2026-08-26T03:17:37.9065+02:00] Not a valid Opa Pdp Message                  
Failed to write to log, can't make directories for new logfile: mkdir /var/logs: permission denied
[33mWARN[0m[2026-08-26T03:17:37.9067+02:00] Not a valid Opa Pdp Message                  
Failed to write to log, can't make directories for new logfile: mkdir /var/logs: permission denied
[33mWARN[0m[2026-08-26T03:17:37.9069+02:00] Not a valid Opa Pdp Message                  
Failed to write to log, can't make directories for new logfile: mkdir /var/logs: permission denied
[33mWARN[0m[2026-08-26T03:17:37.9071+02:00] Not a valid Opa Pdp Message                  
Failed to write to log, can't make directories for new logfile: mkdir /var/logs: permission denied
[33mWARN[0m[2026-08-26T03:17:37.9072+02:00] Not a valid Opa Pdp Message                  
Failed to write to log, can't make directories for new logfile: mkdir /var/logs: permission denied
[33mWARN[0m[2026-08-26T03:17:37.9077+02:00] Not a valid Opa Pdp Message                  
Failed to write to log, can't make directories for new logfile: mkdir /var/logs: permission denied
[33mWARN[0m[2026-08-26T03:17:37.9081+02:00] Not a valid Opa Pdp Message                  
Failed to write to log, can't make directories for new logfile: mkdir /var/logs: permission denied
[33mWARN[0m[2026-08-26T03:17:37.9084+02:00] Ignoring message with unexpected type:       
Failed to write to log, can't make directories for new logfile: mkdir /var/logs: permission denied
[33mWARN[0m[2026-08-26T03:17:37.9092+02:00] Ignoring message with unexpected type:       
Failed to write to log, can't make directories for new logfile: mkdir /var/logs: permission denied
[33mWARN[0m[2026-08-26T03:17:37.9089+02:00] Not a valid Opa Pdp Message                  
Failed to write to log, can't make directories for new logfile: mkdir /var/logs: permission denied
[33mWARN[0m[2026-08-26T03:17:37.9100+02:00] Not a valid Opa Pdp Message                  
Failed to write to log, can't make directories for new logfile: mkdir /var/logs: permission denied
[33mWARN[0m[2026-08-26T03:17:37.9101+02:00] Ignoring message with unexpected type:       
Failed to write to log, can't make directories for new logfile: mkdir /var/logs: permission denied
[33mWARN[0m[2026-08-26T03:17:37.9102+02:00] Not a valid Opa Pdp Message                  
Failed to write to log, can't make directories for new logfile: mkdir /var/logs: permission denied
[33mWARN[0m[2026-08-26T03:17:37.9105+02:00] Ignoring message with unexpected type:       
Failed to write to log, can't make directories for new logfile: mkdir /var/logs: permission denied
[33mWARN[0m[2026-08-26T03:17:37.9105+02:00] Not a valid Opa Pdp Message                  
Failed to write to log, can't make directories for new logfile: mkdir /var/logs: permission denied
[33mWARN[0m[2026-08-26T03:17:37.9107+02:00] Ignoring message with unexpected type:       
Failed to write to log, can't make directories for new logfile: mkdir /var/logs: permission denied
[33mWARN[0m[2026-08-26T03:17:37.9110+02:00] Not a valid Opa Pdp Message                  
Failed to write to log, can't make directories for new logfile: mkdir /var/logs: permission denied
[33mWARN[0m[2026-08-26T03:17:37.9113+02:00] Ignoring message with unexpected type:       
Failed to write to log, can't make directories for new logfile: mkdir /var/logs: permission denied
[33mWARN[0m[2026-08-26T03:17:37.9115+02:00] Not a valid Opa Pdp Message                  
Failed to write to log, can't make directories for new logfile: mkdir /var/logs: permission denied
[33mWARN[0m[2026-08-26T03:17:37.9120+02:00] Not a valid Opa Pdp Message                  
Failed to write to log, can't make directories for new logfile: mkdir /var/logs: permission denied
[33mWARN[0m[2026-08-26T03:17:37.9121+02:00] Ignoring message with unexpected type:       
Failed to write to log, can't make directories for new logfile: mkdir /var/logs: permission denied
[33mWARN[0m[2026-08-26T03:17:37.9122+02:00] Not a valid Opa Pdp Message                  
Failed to write to log, can't make directories for new logfile: mkdir /var/logs: permission denied
[33mWARN[0m[2026-08-26T03:17:37.9124+02:00] Ignoring message with unexpected type:       
Failed to write to log, can't make directories for new logfile: mkdir /var/logs: permission denied
[33mWARN[0m[2026-08-26T03:17:37.9124+02:00] Not a valid Opa Pdp Message                  
Failed to write to log, can't make directories for new logfile: mkdir /var/logs: permission denied
[33mWARN[0m[2026-08-26T03:17:37.9126+02:00] Ignoring message with unexpected type:       
Failed to write to log, can't make directories for new logfile: mkdir /var/logs: permission denied
[33mWARN[0m[2026-08-26T03:17:37.9131+02:00] Not a valid Opa Pdp Message                  
Failed to write to log, can't make directories for new logfile: mkdir /var/logs: permission denied
[33mWARN[0m[2026-08-26T03:17:37.9135+02:00] Not a valid Opa Pdp Message                  
Failed to write to log, can't make directories for new logfile: mkdir /var/logs: permission denied
[33mWARN[0m[2026-08-26T03:17:37.9136+02:00] Not a valid Opa Pdp Message                  
Failed to write to log, can't make directories for new logfile: mkdir /var/logs: permission denied
[33mWARN[0m[2026-08-26T03:17:37.9137+02:00] Ignoring message with unexpected type:       
Failed to write to log, can't make directories for new logfile: mkdir /var/logs: permission denied
[33mWARN[0m[2026-08-26T03:17:37.9139+02:00] Not a valid Opa Pdp Message                  
Failed to write to log, can't make directories for new logfile: mkdir /var/logs: permission denied
[33mWARN[0m[2026-08-26T03:17:37.9142+02:00] Not a valid Opa Pdp Message                  
Failed to write to log, can't make directories for new logfile: mkdir /var/logs: permission denied
[33mWARN[0m[2026-08-26T03:17:37.9142+02:00] Ignoring message with unexpected type:       
Failed to write to log, can't make directories for new logfile: mkdir /var/logs: permission denied
[33mWARN[0m[2026-08-26T03:17:37.9150+02:00] Not a valid Opa Pdp Message                  
Failed to write to log, can't make directories for new logfile: mkdir /var/logs: permission denied
[33mWARN[0m[2026-08-26T03:17:37.9153+02:00] Ignoring message with unexpected type:       
Failed to write to log, can't make directories for new logfile: mkdir /var/logs: permission denied
[33mWARN[0m[2026-08-26T03:17:37.9158+02:00] Ignoring message with unexpected type:       
Failed to write to log, can't make directories for new logfile: mkdir /var/logs: permission denied
[33mWARN[0m[2026-08-26T03:17:37.9163+02:00] Ignoring message with unexpected type:       
Failed to write to log, can't make directories for new logfile: mkdir /var/logs: permission denied
[33mWARN[0m[2026-08-26T03:17:37.9165+02:00] Ignoring message with unexpected type:       
Failed to write to log, can't make directories for new logfile: mkdir /var/logs: permission denied
[33mWARN[0m[2026-08-26T03:17:37.9170+02:00] Ignoring message with unexpected type:       
Failed to write to log, can't make directories for new logfile: mkdir /var/logs: permission denied
[33mWARN[0m[2026-08-26T03:17:37.9156+02:00] Not a valid Opa Pdp Message                  
Failed to write to log, can't make directories for new logfile: mkdir /var/logs: permission denied
[33mWARN[0m[2026-08-26T03:17:37.9175+02:00] Ignoring message with unexpected type:       
Failed to write to log, can't make directories for new logfile: mkdir /var/logs: permission denied
[33mWARN[0m[2026-08-26T03:17:37.9179+02:00] Ignoring message with unexpected type:       
Failed to write to log, can't make directories for new logfile: mkdir /var/logs: permission denied
[33mWARN[0m[2026-08-26T03:17:37.9181+02:00] Ignoring message with unexpected type:       
Failed to write to log, can't make directories for new logfile: mkdir /var/logs: permission denied
[33mWARN[0m[2026-08-26T03:17:37.9176+02:00] Not a valid Opa Pdp Message                  
Failed to write to log, can't make directories for new logfile: mkdir /var/logs: permission denied
[33mWARN[0m[2026-08-26T03:17:37.9186+02:00] Ignoring message with unexpected type:       
Failed to write to log, can't make directories for new logfile: mkdir /var/logs: permission denied
[33mWARN[0m[2026-08-26T03:17:37.9191+02:00] Ignoring message with unexpected type:       
Failed to write to log, can't make directories for new logfile: mkdir /var/logs: permission denied
[33mWARN[0m[2026-08-26T03:17:37.9187+02:00] Not a valid Opa Pdp Message                  
Failed to write to log, can't make directories for new logfile: mkdir /var/logs: permission denied
[33mWARN[0m[2026-08-26T03:17:37.9200+02:00] Not a valid Opa Pdp Message                  
Failed to write to log, can't make directories for new logfile: mkdir /var/logs: permission denied
[33mWARN[0m[2026-08-26T03:17:37.9202+02:00] Not a valid Opa Pdp Message                  
Failed to write to log, can't make directories for new logfile: mkdir /var/logs: permission denied
[33mWARN[0m[2026-08-26T03:17:37.9197+02:00] Ignoring message with unexpected type:       
Failed to write to log, can't make directories for new logfile: mkdir /var/logs: permission denied
[33mWARN[0m[2026-08-26T03:17:37.9206+02:00] Not a valid Opa Pdp Message                  
Failed to write to log, can't make directories for new logfile: mkdir /var/logs: permission denied
[33mWARN[0m[2026-08-26T03:17:37.9210+02:00] Ignoring message with unexpected type:       
Failed to write to log, can't make directories for new logfile: mkdir /var/logs: permission denied
[33mWARN[0m[2026-08-26T03:17:37.9211+02:00] Not a valid Opa Pdp Message                  
Failed to write to log, can't make directories for new logfile: mkdir /var/logs: permission denied
[33mWARN[0m[2026-08-26T03:17:37.9215+02:00] Ignoring message with unexpected type:       
Failed to write to log, can't make directories for new logfile: mkdir /var/logs: permission denied
[33mWARN[0m[2026-08-26T03:17:37.9218+02:00] Ignoring message with unexpected type:       
Failed to write to log, can't make directories for new logfile: mkdir /var/logs: permission denied
[33mWARN[0m[2026-08-26T03:17:37.9219+02:00] Not a valid Opa Pdp Message                  
Failed to write to log, can't make directories for new logfile: mkdir /var/logs: permission denied
[33mWARN[0m[2026-08-26T03:17:37.9226+02:00] Not a valid Opa Pdp Message                  
Failed to write to log, can't make directories for new logfile: mkdir /var/logs: permission denied
[33mWARN[0m[2026-08-26T03:17:37.9229+02:00] Not a valid Opa Pdp Message                  
Failed to write to log, can't make directories for new logfile: mkdir /var/logs: permission denied
[33mWARN[0m[2026-08-26T03:17:37.9231+02:00] Not a valid Opa Pdp Message                  
Failed to write to log, can't make directories for new logfile: mkdir /var/logs: permission denied
[33mWARN[0m[2026-08-26T03:17:37.9233+02:00] Not a valid Opa Pdp Message                  
Failed to write to log, can't make directories for new logfile: mkdir /var/logs: permission denied
[33mWARN[0m[2026-08-26T03:17:37.9234+02:00] Not a valid Opa Pdp Message                  
Failed to write to log, can't make directories for new logfile: mkdir /var/logs: permission denied
[33mWARN[0m[2026-08-26T03:17:37.9236+02:00] Not a valid Opa Pdp Message                  
Failed to write to log, can't make directories for new logfile: mkdir /var/logs: permission denied
[33mWARN[0m[2026-08-26T03:17:37.9220+02:00] Ignoring message with unexpected type:       
Failed to write to log, can't make directories for new logfile: mkdir /var/logs: permission denied
[33mWARN[0m[2026-08-26T03:17:37.9249+02:00] Ignoring message with unexpected type:       
Failed to write to log, can't make directories for new logfile: mkdir /var/logs: permission denied
[33mWARN[0m[2026-08-26T03:17:37.9253+02:00] Ignoring message with unexpected type:       
Failed to write to log, can't make directories for new logfile: mkdir /var/logs: permission denied
[33mWARN[0m[2026-08-26T03:17:37.9256+02:00] Not a valid Opa Pdp Message                  
Failed to write to log, can't make directories for new logfile: mkdir /var/logs: permission denied
[33mWARN[0m[2026-08-26T03:17:37.9258+02:00] Ignoring message with unexpected type:       
Failed to write to log, can't make directories for new logfile: mkdir /var/logs: permission denied
[33mWARN[0m[2026-08-26T03:17:37.9259+02:00] Not a valid Opa Pdp Message                  
Failed to write to log, can't make directories for new logfile: mkdir /var/logs: permission denied
[33mWARN[0m[2026-08-26T03:17:37.9260+02:00] Ignoring message with unexpected type:       
Failed to write to log, can't make directories for new logfile: mkdir /var/logs: permission denied
[33mWARN[0m[2026-08-26T03:17:37.9261+02:00] Not a valid Opa Pdp Message                  
Failed to write to log, can't make directories for new logfile: mkdir /var/logs: permission denied
[33mWARN[0m[2026-08-26T03:17:37.9264+02:00] Ignoring message with unexpected type:       
Failed to write to log, can't make directories for new logfile: mkdir /var/logs: permission denied
[33mWARN[0m[2026-08-26T03:17:37.9267+02:00] Ignoring message with unexpected type:       
Failed to write to log, can't make directories for new logfile: mkdir /var/logs: permission denied
[33mWARN[0m[2026-08-26T03:17:37.9265+02:00] Not a valid Opa Pdp Message                  
Failed to write to log, can't make directories for new logfile: mkdir /var/logs: permission denied
[33mWARN[0m[2026-08-26T03:17:37.9269+02:00] Ignoring message with unexpected type:       
Failed to write to log, can't make directories for new logfile: mkdir /var/logs: permission denied
[33mWARN[0m[2026-08-26T03:17:37.9275+02:00] Ignoring message with unexpected type:       
Failed to write to log, can't make directories for new logfile: mkdir /var/logs: permission denied
[33mWARN[0m[2026-08-26T03:17:37.9273+02:00] Not a valid Opa Pdp Message                  
Failed to write to log, can't make directories for new logfile: mkdir /var/logs: permission denied
[33mWARN[0m[2026-08-26T03:17:37.9279+02:00] Not a valid Opa Pdp Message                  
Failed to write to log, can't make directories for new logfile: mkdir /var/logs: permission denied
[33mWARN[0m[2026-08-26T03:17:37.9277+02:00] Ignoring message with unexpected type:       
Failed to write to log, can't make directories for new logfile: mkdir /var/logs: permission denied
[33mWARN[0m[2026-08-26T03:17:37.9281+02:00] Not a valid Opa Pdp Message                  
Failed to write to log, can't make directories for new logfile: mkdir /var/logs: permission denied
[33mWARN[0m[2026-08-26T03:17:37.9285+02:00] Ignoring message with unexpected type:       
Failed to write to log, can't make directories for new logfile: mkdir /var/logs: permission denied
[33mWARN[0m[2026-08-26T03:17:37.9286+02:00] Not a valid Opa Pdp Message                  
Failed to write to log, can't make directories for new logfile: mkdir /var/logs: permission denied
[33mWARN[0m[2026-08-26T03:17:37.9289+02:00] Ignoring message with unexpected type:       
Failed to write to log, can't make directories for new logfile: mkdir /var/logs: permission denied
[33mWARN[0m[2026-08-26T03:17:37.9293+02:00] Not a valid Opa Pdp Message                  
Failed to write to log, can't make directories for new logfile: mkdir /var/logs: permission denied
[33mWARN[0m[2026-08-26T03:17:37.9295+02:00] Ignoring message with unexpected type:       
Failed to write to log, can't make directories for new logfile: mkdir /var/logs: permission denied
[33mWARN[0m[2026-08-26T03:17:37.9296+02:00] Not a valid Opa Pdp Message                  
Failed to write to log, can't make directories for new logfile: mkdir /var/logs: permission denied
[33mWARN[0m[2026-08-26T03:17:37.9299+02:00] Ignoring message with unexpected type:       
Failed to write to log, can't make directories for new logfile: mkdir /var/logs: permission denied
[33mWARN[0m[2026-08-26T03:17:37.9301+02:00] Not a valid Opa Pdp Message                  
Failed to write to log, can't make directories for new logfile: mkdir /var/logs: permission denied
[33mWARN[0m[2026-08-26T03:17:37.9304+02:00] Ignoring message with unexpected type:       
Failed to write to log, can't make directories for new logfile: mkdir /var/logs: permission denied
[33mWARN[0m[2026-08-26T03:17:37.9307+02:00] Not a valid Opa Pdp Message                  
Failed to write to log, can't make directories for new logfile: mkdir /var/logs: permission denied
[33mWARN[0m[2026-08-26T03:17:37.9309+02:00] Ignoring message with unexpected type:       
Failed to write to log, can't make directories for new logfile: mkdir /var/logs: permission denied
[33mWARN[0m[2026-08-26T03:17:37.9310+02:00] Not a valid Opa Pdp Message                  
Failed to write to log, can't make directories for new logfile: mkdir /var/logs: permission denied
[33mWARN[0m[2026-08-26T03:17:37.9311+02:00] Ignoring message with unexpected type:       
Failed to write to log, can't make directories for new logfile: mkdir /var/logs: permission denied
[33mWARN[0m[2026-08-26T03:17:37.9313+02:00] Not a valid Opa Pdp Message                  
Failed to write to log, can't make directories for new logfile: mkdir /var/logs: permission denied
[33mWARN[0m[2026-08-26T03:17:37.9313+02:00] Ignoring message with unexpected type:       
Failed to write to log, can't make directories for new logfile: mkdir /var/logs: permission denied
[33mWARN[0m[2026-08-26T03:17:37.9315+02:00] Not a valid Opa Pdp Message                  
Failed to write to log, can't make directories for new logfile: mkdir /var/logs: permission denied
[33mWARN[0m[2026-08-26T03:17:37.9316+02:00] Ignoring message with unexpected type:       
Failed to write to log, can't make directories for new logfile: mkdir /var/logs: permission denied
[33mWARN[0m[2026-08-26T03:17:37.9318+02:00] Not a valid Opa Pdp Message                  
Failed to write to log, can't make directories for new logfile: mkdir /var/logs: permission denied
[33mWARN[0m[2026-08-26T03:17:37.9319+02:00] Ignoring message with unexpected type:       
Failed to write to log, can't make directories for new logfile: mkdir /var/logs: permission denied
[33mWARN[0m[2026-08-26T03:17:37.9320+02:00] Not a valid Opa Pdp Message                  
Failed to write to log, can't make directories for new logfile: mkdir /var/logs: permission denied
[33mWARN[0m[2026-08-26T03:17:37.9321+02:00] Ignoring message with unexpected type:       
Failed to write to log, can't make directories for new logfile: mkdir /var/logs: permission denied
[33mWARN[0m[2026-08-26T03:17:37.9324+02:00] Ignoring message with unexpected type:       
Failed to write to log, can't make directories for new logfile: mkdir /var/logs: permission denied
[33mWARN[0m[2026-08-26T03:17:37.9326+02:00] Ignoring message with unexpected type:       
Failed to write to log, can't make directories for new logfile: mkdir /var/logs: permission denied
[33mWARN[0m[2026-08-26T03:17:37.9321+02:00] Not a valid Opa Pdp Message                  
Failed to write to log, can't make directories for new logfile: mkdir /var/logs: permission denied
[33mWARN[0m[2026-08-26T03:17:37.9331+02:00] Ignoring message with unexpected type:       
Failed to write to log, can't make directories for new logfile: mkdir /var/logs: permission denied
[33mWARN[0m[2026-08-26T03:17:37.9332+02:00] Not a valid Opa Pdp Message                  
Failed to write to log, can't make directories for new logfile: mkdir /var/logs: permission denied
[33mWARN[0m[2026-08-26T03:17:37.9335+02:00] Ignoring message with unexpected type:       
Failed to write to log, can't make directories for new logfile: mkdir /var/logs: permission denied
[33mWARN[0m[2026-08-26T03:17:37.9336+02:00] Not a valid Opa Pdp Message                  
Failed to write to log, can't make directories for new logfile: mkdir /var/logs: permission denied
[33mWARN[0m[2026-08-26T03:17:37.9339+02:00] Not a valid Opa Pdp Message                  
Failed to write to log, can't make directories for new logfile: mkdir /var/logs: permission denied
[33mWARN[0m[2026-08-26T03:17:37.9341+02:00] Not a valid Opa Pdp Message                  
Failed to write to log, can't make directories for new logfile: mkdir /var/logs: permission denied
[33mWARN[0m[2026-08-26T03:17:37.9339+02:00] Ignoring message with unexpected type:       
Failed to write to log, can't make directories for new logfile: mkdir /var/logs: permission denied
[33mWARN[0m[2026-08-26T03:17:37.9343+02:00] Not a valid Opa Pdp Message                  
Failed to write to log, can't make directories for new logfile: mkdir /var/logs: permission denied
[33mWARN[0m[2026-08-26T03:17:37.9347+02:00] Not a valid Opa Pdp Message                  
Failed to write to log, can't make directories for new logfile: mkdir /var/logs: permission denied
[33mWARN[0m[2026-08-26T03:17:37.9345+02:00] Ignoring message with unexpected type:       
Failed to write to log, can't make directories for new logfile: mkdir /var/logs: permission denied
[33mWARN[0m[2026-08-26T03:17:37.9350+02:00] Not a valid Opa Pdp Message                  
Failed to write to log, can't make directories for new logfile: mkdir /var/logs: permission denied
[33mWARN[0m[2026-08-26T03:17:37.9355+02:00] Not a valid Opa Pdp Message                  
Failed to write to log, can't make directories for new logfile: mkdir /var/logs: permission denied
[33mWARN[0m[2026-08-26T03:17:37.9353+02:00] Ignoring message with unexpected type:       
Failed to write to log, can't make directories for new logfile: mkdir /var/logs: permission denied
[33mWARN[0m[2026-08-26T03:17:37.9356+02:00] Not a valid Opa Pdp Message                  
Failed to write to log, can't make directories for new logfile: mkdir /var/logs: permission denied
[33mWARN[0m[2026-08-26T03:17:37.9358+02:00] Ignoring message with unexpected type:       
Failed to write to log, can't make directories for new logfile: mkdir /var/logs: permission denied
[33mWARN[0m[2026-08-26T03:17:37.9359+02:00] Not a valid Opa Pdp Message                  
Failed to write to log, can't make directories for new logfile: mkdir /var/logs: permission denied
[33mWARN[0m[2026-08-26T03:17:37.9363+02:00] Not a valid Opa Pdp Message                  
Failed to write to log, can't make directories for new logfile: mkdir /var/logs: permission denied
[33mWARN[0m[2026-08-26T03:17:37.9364+02:00] Ignoring message with unexpected type:       
Failed to write to log, can't make directories for new logfile: mkdir /var/logs: permission denied
[33mWARN[0m[2026-08-26T03:17:37.9366+02:00] Not a valid Opa Pdp Message                  
Failed to write to log, can't make directories for new logfile: mkdir /var/logs: permission denied
[33mWARN[0m[2026-08-26T03:17:37.9370+02:00] Ignoring message with unexpected type:       
Failed to write to log, can't make directories for new logfile: mkdir /var/logs: permission denied
[33mWARN[0m[2026-08-26T03:17:37.9371+02:00] Not a valid Opa Pdp Message                  
Failed to write to log, can't make directories for new logfile: mkdir /var/logs: permission denied
[33mWARN[0m[2026-08-26T03:17:37.9372+02:00] Ignoring message with unexpected type:       
Failed to write to log, can't make directories for new logfile: mkdir /var/logs: permission denied
[33mWARN[0m[2026-08-26T03:17:37.9373+02:00] Not a valid Opa Pdp Message                  
Failed to write to log, can't make directories for new logfile: mkdir /var/logs: permission denied
[33mWARN[0m[2026-08-26T03:17:37.9377+02:00] Not a valid Opa Pdp Message                  
Failed to write to log, can't make directories for new logfile: mkdir /var/logs: permission denied
[33mWARN[0m[2026-08-26T03:17:37.9379+02:00] Not a valid Opa Pdp Message                  
Failed to write to log, can't make directories for new logfile: mkdir /var/logs: permission denied
[33mWARN[0m[2026-08-26T03:17:37.9375+02:00] Ignoring message with unexpected type:       
Failed to write to log, can't make directories for new logfile: mkdir /var/logs: permission denied
[33mWARN[0m[2026-08-26T03:17:37.9384+02:00] Not a valid Opa Pdp Message                  
Failed to write to log, can't make directories for new logfile: mkdir /var/logs: permission denied
[33mWARN[0m[2026-08-26T03:17:37.9386+02:00] Not a valid Opa Pdp Message                  
Failed to write to log, can't make directories for new logfile: mkdir /var/logs: permission denied
[33mWARN[0m[2026-08-26T03:17:37.9387+02:00] Ignoring message with unexpected type:       
Failed to write to log, can't make directories for new logfile: mkdir /var/logs: permission denied
[33mWARN[0m[2026-08-26T03:17:37.9392+02:00] Ignoring message with unexpected type:       
Failed to write to log, can't make directories for new logfile: mkdir /var/logs: permission denied
[33mWARN[0m[2026-08-26T03:17:37.9394+02:00] Ignoring message with unexpected type:       
Failed to write to log, can't make directories for new logfile: mkdir /var/logs: permission denied
[33mWARN[0m[2026-08-26T03:17:37.9393+02:00] Not a valid Opa Pdp Message                  
Failed to write to log, can't make directories for new logfile: mkdir /var/logs: permission denied
[33mWARN[0m[2026-08-26T03:17:37.9399+02:00] Not a valid Opa Pdp Message                  
Failed to write to log, can't make directories for new logfile: mkdir /var/logs: permission denied
[33mWARN[0m[2026-08-26T03:17:37.9397+02:00] Ignoring message with unexpected type:       
Failed to write to log, can't make directories for new logfile: mkdir /var/logs: permission denied
[33mWARN[0m[2026-08-26T03:17:37.9402+02:00] Not a valid Opa Pdp Message                  
Failed to write to log, can't make directories for new logfile: mkdir /var/logs: permission denied
[33mWARN[0m[2026-08-26T03:17:37.9404+02:00] Ignoring message with unexpected type:       
Failed to write to log, can't make directories for new logfile: mkdir /var/logs: permission denied
[33mWARN[0m[2026-08-26T03:17:37.9405+02:00] Not a valid Opa Pdp Message                  
Failed to write to log, can't make directories for new logfile: mkdir /var/logs: permission denied
[33mWARN[0m[2026-08-26T03:17:37.9406+02:00] Ignoring message with unexpected type:       
Failed to write to log, can't make directories for new logfile: mkdir /var/logs: permission denied
[33mWARN[0m[2026-08-26T03:17:37.9406+02:00] Not a valid Opa Pdp Message                  
Failed to write to log, can't make directories for new logfile: mkdir /var/logs: permission denied
[33mWARN[0m[2026-08-26T03:17:37.9407+02:00] Ignoring message with unexpected type:       
Failed to write to log, can't make directories for new logfile: mkdir /var/logs: permission denied
[33mWARN[0m[2026-08-26T03:17:37.9408+02:00] Not a valid Opa Pdp Message                  
Failed to write to log, can't make directories for new logfile: mkdir /var/logs: permission denied
[33mWARN[0m[2026-08-26T03:17:37.9410+02:00] Ignoring message with unexpected type:       
Failed to write to log, can't make directories for new logfile: mkdir /var/logs: permission denied
[33mWARN[0m[2026-08-26T03:17:37.9410+02:00] Not a valid Opa Pdp Message                  
Failed to write to log, can't make directories for new logfile: mkdir /var/logs: permission denied
[33mWARN[0m[2026-08-26T03:17:37.9414+02:00] Not a valid Opa Pdp Message                  
Failed to write to log, can't make directories for new logfile: mkdir /var/logs: permission denied
[33mWARN[0m[2026-08-26T03:17:37.9411+02:00] Ignoring message with unexpected type:       
Failed to write to log, can't make directories for new logfile: mkdir /var/logs: permission denied
[33mWARN[0m[2026-08-26T03:17:37.9416+02:00] Not a valid Opa Pdp Message                  
Failed to write to log, can't make directories for new logfile: mkdir /var/logs: permission denied
[33mWARN[0m[2026-08-26T03:17:37.9420+02:00] Ignoring message with unexpected type:       
Failed to write to log, can't make directories for new logfile: mkdir /var/logs: permission denied
[33mWARN[0m[2026-08-26T03:17:37.9420+02:00] Not a valid Opa Pdp Message                  
Failed to write to log, can't make directories for new logfile: mkdir /var/logs: permission denied
[33mWARN[0m[2026-08-26T03:17:37.9422+02:00] Ignoring message with unexpected type:       
Failed to write to log, can't make directories for new logfile: mkdir /var/logs: permission denied
[33mWARN[0m[2026-08-26T03:17:37.9423+02:00] Not a valid Opa Pdp Message                  
Failed to write to log, can't make directories for new logfile: mkdir /var/logs: permission denied
[33mWARN[0m[2026-08-26T03:17:37.9424+02:00] Ignoring message with unexpected type:       
Failed to write to log, can't make directories for new logfile: mkdir /var/logs: permission denied
[33mWARN[0m[2026-08-26T03:17:37.9425+02:00] Not a valid Opa Pdp Message                  
Failed to write to log, can't make directories for new logfile: mkdir /var/logs: permission denied
[33mWARN[0m[2026-08-26T03:17:37.9428+02:00] Not a valid Opa Pdp Message                  
Failed to write to log, can't make directories for new logfile: mkdir /var/logs: permission denied
[33mWARN[0m[2026-08-26T03:17:37.9426+02:00] Ignoring message with unexpected type:       
Failed to write to log, can't make directories for new logfile: mkdir /var/logs: permission denied
[33mWARN[0m[2026-08-26T03:17:37.9433+02:00] Not a valid Opa Pdp Message                  
Failed to write to log, can't make directories for new logfile: mkdir /var/logs: permission denied
[33mWARN[0m[2026-08-26T03:17:37.9436+02:00] Not a valid Opa Pdp Message                  
Failed to write to log, can't make directories for new logfile: mkdir /var/logs: permission denied
[33mWARN[0m[2026-08-26T03:17:37.9434+02:00] Ignoring message with unexpected type:       
Failed to write to log, can't make directories for new logfile: mkdir /var/logs: permission denied
[33mWARN[0m[2026-08-26T03:17:37.9439+02:00] Not a valid Opa Pdp Message                  
Failed to write to log, can't make directories for new logfile: mkdir /var/logs: permission denied
[33mWARN[0m[2026-08-26T03:17:37.9442+02:00] Ignoring message with unexpected type:       
Failed to write to log, can't make directories for new logfile: mkdir /var/logs: permission denied
[33mWARN[0m[2026-08-26T03:17:37.9443+02:00] Not a valid Opa Pdp Message                  
Failed to write to log, can't make directories for new logfile: mkdir /var/logs: permission denied
[33mWARN[0m[2026-08-26T03:17:37.9447+02:00] Not a valid Opa Pdp Message                  
Failed to write to log, can't make directories for new logfile: mkdir /var/logs: permission denied
[33mWARN[0m[2026-08-26T03:17:37.9445+02:00] Ignoring message with unexpected type:       
Failed to write to log, can't make directories for new logfile: mkdir /var/logs: permission denied
[33mWARN[0m[2026-08-26T03:17:37.9449+02:00] Not a valid Opa Pdp Message                  
Failed to write to log, can't make directories for new logfile: mkdir /var/logs: permission denied
[33mWARN[0m[2026-08-26T03:17:37.9450+02:00] Ignoring message with unexpected type:       
Failed to write to log, can't make directories for new logfile: mkdir /var/logs: permission denied
[33mWARN[0m[2026-08-26T03:17:37.9451+02:00] Not a valid Opa Pdp Message                  
Failed to write to log, can't make directories for new logfile: mkdir /var/logs: permission denied
[33mWARN[0m[2026-08-26T03:17:37.9457+02:00] Ignoring message with unexpected type:       
Failed to write to log, can't make directories for new logfile: mkdir /var/logs: permission denied
[33mWARN[0m[2026-08-26T03:17:37.9458+02:00] Not a valid Opa Pdp Message                  
Failed to write to log, can't make directories for new logfile: mkdir /var/logs: permission denied
[33mWARN[0m[2026-08-26T03:17:37.9461+02:00] Ignoring message with unexpected type:       
Failed to write to log, can't make directories for new logfile: mkdir /var/logs: permission denied
[33mWARN[0m[2026-08-26T03:17:37.9463+02:00] Not a valid Opa Pdp Message                  
Failed to write to log, can't make directories for new logfile: mkdir /var/logs: permission denied
[33mWARN[0m[2026-08-26T03:17:37.9464+02:00] Ignoring message with unexpected type:       
Failed to write to log, can't make directories for new logfile: mkdir /var/logs: permission denied
[33mWARN[0m[2026-08-26T03:17:37.9465+02:00] Not a valid Opa Pdp Message                  
Failed to write to log, can't make directories for new logfile: mkdir /var/logs: permission denied
[33mWARN[0m[2026-08-26T03:17:37.9468+02:00] Not a valid Opa Pdp Message                  
Failed to write to log, can't make directories for new logfile: mkdir /var/logs: permission denied
[33mWARN[0m[2026-08-26T03:17:37.9466+02:00] Ignoring message with unexpected type:       
Failed to write to log, can't make directories for new logfile: mkdir /var/logs: permission denied
[33mWARN[0m[2026-08-26T03:17:37.9473+02:00] Not a valid Opa Pdp Message                  
Failed to write to log, can't make directories for new logfile: mkdir /var/logs: permission denied
[33mWARN[0m[2026-08-26T03:17:37.9474+02:00] Ignoring message with unexpected type:       
Failed to write to log, can't make directories for new logfile: mkdir /var/logs: permission denied
[33mWARN[0m[2026-08-26T03:17:37.9476+02:00] Not a valid Opa Pdp Message                  
Failed to write to log, can't make directories for new logfile: mkdir /var/logs: permission denied
[33mWARN[0m[2026-08-26T03:17:37.9480+02:00] Ignoring message with unexpected type:       
Failed to write to log, can't make directories for new logfile: mkdir /var/logs: permission denied
[33mWARN[0m[2026-08-26T03:17:37.9481+02:00] Not a valid Opa Pdp Message                  
Failed to write to log, can't make directories for new logfile: mkdir /var/logs: permission denied
[33mWARN[0m[2026-08-26T03:17:37.9482+02:00] Ignoring message with unexpected type:       
Failed to write to log, can't make directories for new logfile: mkdir /var/logs: permission denied
[33mWARN[0m[2026-08-26T03:17:37.9484+02:00] Not a valid Opa Pdp Message                  
Failed to write to log, can't make directories for new logfile: mkdir /var/logs: permission denied
[33mWARN[0m[2026-08-26T03:17:37.9485+02:00] Ignoring message with unexpected type:       
Failed to write to log, can't make directories for new logfile: mkdir /var/logs: permission denied
[33mWARN[0m[2026-08-26T03:17:37.9485+02:00] Not a valid Opa Pdp Message                  
Failed to write to log, can't make directories for new logfile: mkdir /var/logs: permission denied
[33mWARN[0m[2026-08-26T03:17:37.9487+02:00] Ignoring message with unexpected type:       
Failed to write to log, can't make directories for new logfile: mkdir /var/logs: permission denied
[33mWARN[0m[2026-08-26T03:17:37.9487+02:00] Not a valid Opa Pdp Message                  
Failed to write to log, can't make directories for new logfile: mkdir /var/logs: permission denied
[33mWARN[0m[2026-08-26T03:17:37.9489+02:00] Ignoring message with unexpected type:       
Failed to write to log, can't make directories for new logfile: mkdir /var/logs: permission denied
[33mWARN[0m[2026-08-26T03:17:37.9491+02:00] Not a valid Opa Pdp Message                  
Failed to write to log, can't make directories for new logfile: mkdir /var/logs: permission denied
[33mWARN[0m[2026-08-26T03:17:37.9496+02:00] Ignoring message with unexpected type:       
Failed to write to log, can't make directories for new logfile: mkdir /var/logs: permission denied
[33mWARN[0m[2026-08-26T03:17:37.9497+02:00] Not a valid Opa Pdp Message                  
Failed to write to log, can't make directories for new logfile: mkdir /var/logs: permission denied
[33mWARN[0m[2026-08-26T03:17:37.9501+02:00] Not a valid Opa Pdp Message                  
Failed to write to log, can't make directories for new logfile: mkdir /var/logs: permission denied
[33mWARN[0m[2026-08-26T03:17:37.9504+02:00] Not a valid Opa Pdp Message                  
Failed to write to log, can't make directories for new logfile: mkdir /var/logs: permission denied
[33mWARN[0m[2026-08-26T03:17:37.9502+02:00] Ignoring message with unexpected type:       
Failed to write to log, can't make directories for new logfile: mkdir /var/logs: permission denied
[33mWARN[0m[2026-08-26T03:17:37.9508+02:00] Not a valid Opa Pdp Message                  
Failed to write to log, can't make directories for new logfile: mkdir /var/logs: permission denied
[33mWARN[0m[2026-08-26T03:17:37.9510+02:00] Not a valid Opa Pdp Message                  
Failed to write to log, can't make directories for new logfile: mkdir /var/logs: permission denied
[33mWARN[0m[2026-08-26T03:17:37.9511+02:00] Ignoring message with unexpected type:       
Failed to write to log, can't make directories for new logfile: mkdir /var/logs: permission denied
[33mWARN[0m[2026-08-26T03:17:37.9512+02:00] Not a valid Opa Pdp Message                  
Failed to write to log, can't make directories for new logfile: mkdir /var/logs: permission denied
[33mWARN[0m[2026-08-26T03:17:37.9516+02:00] Ignoring message with unexpected type:       
Failed to write to log, can't make directories for new logfile: mkdir /var/logs: permission denied
[33mWARN[0m[2026-08-26T03:17:37.9517+02:00] Not a valid Opa Pdp Message                  
Failed to write to log, can't make directories for new logfile: mkdir /var/logs: permission denied
[33mWARN[0m[2026-08-26T03:17:37.9521+02:00] Not a valid Opa Pdp Message                  
Failed to write to log, can't make directories for new logfile: mkdir /var/logs: permission denied
[33mWARN[0m[2026-08-26T03:17:37.9521+02:00] Ignoring message with unexpected type:       
Failed to write to log, can't make directories for new logfile: mkdir /var/logs: permission denied
[33mWARN[0m[2026-08-26T03:17:37.9523+02:00] Not a valid Opa Pdp Message                  
Failed to write to log, can't make directories for new logfile: mkdir /var/logs: permission denied
[33mWARN[0m[2026-08-26T03:17:37.9527+02:00] Ignoring message with unexpected type:       
Failed to write to log, can't make directories for new logfile: mkdir /var/logs: permission denied
[33mWARN[0m[2026-08-26T03:17:37.9529+02:00] Not a valid Opa Pdp Message                  
Failed to write to log, can't make directories for new logfile: mkdir /var/logs: permission denied
[33mWARN[0m[2026-08-26T03:17:37.9533+02:00] Ignoring message with unexpected type:       
Failed to write to log, can't make directories for new logfile: mkdir /var/logs: permission denied
[33mWARN[0m[2026-08-26T03:17:37.9536+02:00] Not a valid Opa Pdp Message                  
Failed to write to log, can't make directories for new logfile: mkdir /var/logs: permission denied
[33mWARN[0m[2026-08-26T03:17:37.9539+02:00] Ignoring message with unexpected type:       
Failed to write to log, can't make directories for new logfile: mkdir /var/logs: permission denied
[33mWARN[0m[2026-08-26T03:17:37.9539+02:00] Not a valid Opa Pdp Message                  
Failed to write to log, can't make directories for new logfile: mkdir /var/logs: permission denied
[33mWARN[0m[2026-08-26T03:17:37.9541+02:00] Ignoring message with unexpected type:       
Failed to write to log, can't make directories for new logfile: mkdir /var/logs: permission denied
[33mWARN[0m[2026-08-26T03:17:37.9543+02:00] Not a valid Opa Pdp Message                  
Failed to write to log, can't make directories for new logfile: mkdir /var/logs: permission denied
[33mWARN[0m[2026-08-26T03:17:37.9546+02:00] Not a valid Opa Pdp Message                  
Failed to write to log, can't make directories for new logfile: mkdir /var/logs: permission denied
[33mWARN[0m[2026-08-26T03:17:37.9544+02:00] Ignoring message with unexpected type:       
Failed to write to log, can't make directories for new logfile: mkdir /var/logs: permission denied
[33mWARN[0m[2026-08-26T03:17:37.9550+02:00] Not a valid Opa Pdp Message                  
Failed to write to log, can't make directories for new logfile: mkdir /var/logs: permission denied
[33mWARN[0m[2026-08-26T03:17:37.9551+02:00] Ignoring message with unexpected type:       
Failed to write to log, can't make directories for new logfile: mkdir /var/logs: permission denied
[33mWARN[0m[2026-08-26T03:17:37.9552+02:00] Not a valid Opa Pdp Message                  
Failed to write to log, can't make directories for new logfile: mkdir /var/logs: permission denied
[33mWARN[0m[2026-08-26T03:17:37.9558+02:00] Not a valid Opa Pdp Message                  
Failed to write to log, can't make directories for new logfile: mkdir /var/logs: permission denied
[33mWARN[0m[2026-08-26T03:17:37.9558+02:00] Ignoring message with unexpected type:       
Failed to write to log, can't make directories for new logfile: mkdir /var/logs: permission denied
[33mWARN[0m[2026-08-26T03:17:37.9560+02:00] Not a valid Opa Pdp Message                  
Failed to write to log, can't make directories for new logfile: mkdir /var/logs: permission denied
[33mWARN[0m[2026-08-26T03:17:37.9564+02:00] Not a valid Opa Pdp Message                  
Failed to write to log, can't make directories for new logfile: mkdir /var/logs: permission denied
[33mWARN[0m[2026-08-26T03:17:37.9564+02:00] Ignoring message with unexpected type:       
Failed to write to log, can't make directories for new logfile: mkdir /var/logs: permission denied
[33mWARN[0m[2026-08-26T03:17:37.9568+02:00] Not a valid Opa Pdp Message                  
Failed to write to log, can't make directories for new logfile: mkdir /var/logs: permission denied
[33mWARN[0m[2026-08-26T03:17:37.9570+02:00] Not a valid Opa Pdp Message                  
Failed to write to log, can't make directories for new logfile: mkdir /var/logs: permission denied
[33mWARN[0m[2026-08-26T03:17:37.9568+02:00] Ignoring message with unexpected type:       
Failed to write to log, can't make directories for new logfile: mkdir /var/logs: permission denied
[33mWARN[0m[2026-08-26T03:17:37.9574+02:00] Not a valid Opa Pdp Message                  
Failed to write to log, can't make directories for new logfile: mkdir /var/logs: permission denied
[33mWARN[0m[2026-08-26T03:17:37.9576+02:00] Ignoring message with unexpected type:       
Failed to write to log, can't make directories for new logfile: mkdir /var/logs: permission denied
[33mWARN[0m[2026-08-26T03:17:37.9578+02:00] Not a valid Opa Pdp Message                  
Failed to write to log, can't make directories for new logfile: mkdir /var/logs: permission denied
[33mWARN[0m[2026-08-26T03:17:37.9579+02:00] Ignoring message with unexpected type:       
Failed to write to log, can't make directories for new logfile: mkdir /var/logs: permission denied
[33mWARN[0m[2026-08-26T03:17:37.9580+02:00] Not a valid Opa Pdp Message                  
Failed to write to log, can't make directories for new logfile: mkdir /var/logs: permission denied
[33mWARN[0m[2026-08-26T03:17:37.9581+02:00] Ignoring message with unexpected type:       
Failed to write to log, can't make directories for new logfile: mkdir /var/logs: permission denied
[33mWARN[0m[2026-08-26T03:17:37.9582+02:00] Not a valid Opa Pdp Message                  
Failed to write to log, can't make directories for new logfile: mkdir /var/logs: permission denied
[33mWARN[0m[2026-08-26T03:17:37.9584+02:00] Not a valid Opa Pdp Message                  
Failed to write to log, can't make directories for new logfile: mkdir /var/logs: permission denied
[33mWARN[0m[2026-08-26T03:17:37.9583+02:00] Ignoring message with unexpected type:       
Failed to write to log, can't make directories for new logfile: mkdir /var/logs: permission denied
[33mWARN[0m[2026-08-26T03:17:37.9587+02:00] Not a valid Opa Pdp Message                  
Failed to write to log, can't make directories for new logfile: mkdir /var/logs: permission denied
[33mWARN[0m[2026-08-26T03:17:37.9592+02:00] Not a valid Opa Pdp Message                  
Failed to write to log, can't make directories for new logfile: mkdir /var/logs: permission denied
[33mWARN[0m[2026-08-26T03:17:37.9591+02:00] Ignoring message with unexpected type:       
Failed to write to log, can't make directories for new logfile: mkdir /var/logs: permission denied
[33mWARN[0m[2026-08-26T03:17:37.9594+02:00] Not a valid Opa Pdp Message                  
Failed to write to log, can't make directories for new logfile: mkdir /var/logs: permission denied
[33mWARN[0m[2026-08-26T03:17:37.9596+02:00] Not a valid Opa Pdp Message                  
Failed to write to log, can't make directories for new logfile: mkdir /var/logs: permission denied
[33mWARN[0m[2026-08-26T03:17:37.9596+02:00] Ignoring message with unexpected type:       
Failed to write to log, can't make directories for new logfile: mkdir /var/logs: permission denied
[33mWARN[0m[2026-08-26T03:17:37.9598+02:00] Not a valid Opa Pdp Message                  
Failed to write to log, can't make directories for new logfile: mkdir /var/logs: permission denied
[33mWARN[0m[2026-08-26T03:17:37.9603+02:00] Ignoring message with unexpected type:       
Failed to write to log, can't make directories for new logfile: mkdir /var/logs: permission denied
[33mWARN[0m[2026-08-26T03:17:37.9604+02:00] Not a valid Opa Pdp Message                  
Failed to write to log, can't make directories for new logfile: mkdir /var/logs: permission denied
[33mWARN[0m[2026-08-26T03:17:37.9605+02:00] Ignoring message with unexpected type:       
Failed to write to log, can't make directories for new logfile: mkdir /var/logs: permission denied
[33mWARN[0m[2026-08-26T03:17:37.9606+02:00] Not a valid Opa Pdp Message                  
Failed to write to log, can't make directories for new logfile: mkdir /var/logs: permission denied
[33mWARN[0m[2026-08-26T03:17:37.9608+02:00] Ignoring message with unexpected type:       
Failed to write to log, can't make directories for new logfile: mkdir /var/logs: permission denied
[33mWARN[0m[2026-08-26T03:17:37.9608+02:00] Not a valid Opa Pdp Message                  
Failed to write to log, can't make directories for new logfile: mkdir /var/logs: permission denied
[33mWARN[0m[2026-08-26T03:17:37.9610+02:00] Ignoring message with unexpected type:       
Failed to write to log, can't make directories for new logfile: mkdir /var/logs: permission denied
[33mWARN[0m[2026-08-26T03:17:37.9613+02:00] Not a valid Opa Pdp Message                  
Failed to write to log, can't make directories for new logfile: mkdir /var/logs: permission denied
[33mWARN[0m[2026-08-26T03:17:37.9617+02:00] Ignoring message with unexpected type:       
Failed to write to log, can't make directories for new logfile: mkdir /var/logs: permission denied
[33mWARN[0m[2026-08-26T03:17:37.9617+02:00] Not a valid Opa Pdp Message                  
Failed to write to log, can't make directories for new logfile: mkdir /var/logs: permission denied
[33mWARN[0m[2026-08-26T03:17:37.9621+02:00] Not a valid Opa Pdp Message                  
Failed to write to log, can't make directories for new logfile: mkdir /var/logs: permission denied
[33mWARN[0m[2026-08-26T03:17:37.9625+02:00] Not a valid Opa Pdp Message                  
Failed to write to log, can't make directories for new logfile: mkdir /var/logs: permission denied
[33mWARN[0m[2026-08-26T03:17:37.9623+02:00] Ignoring message with unexpected type:       
Failed to write to log, can't make directories for new logfile: mkdir /var/logs: permission denied
[33mWARN[0m[2026-08-26T03:17:37.9629+02:00] Not a valid Opa Pdp Message                  
Failed to write to log, can't make directories for new logfile: mkdir /var/logs: permission denied
[33mWARN[0m[2026-08-26T03:17:37.9630+02:00] Ignoring message with unexpected type:       
Failed to write to log, can't make directories for new logfile: mkdir /var/logs: permission denied
[33mWARN[0m[2026-08-26T03:17:37.9632+02:00] Not a valid Opa Pdp Message                  
Failed to write to log, can't make directories for new logfile: mkdir /var/logs: permission denied
[33mWARN[0m[2026-08-26T03:17:37.9633+02:00] Not a valid Opa Pdp Message                  
Failed to write to log, can't make directories for new logfile: mkdir /var/logs: permission denied
[33mWARN[0m[2026-08-26T03:17:37.9632+02:00] Ignoring message with unexpected type:       
Failed to write to log, can't make directories for new logfile: mkdir /var/logs: permission denied
[33mWARN[0m[2026-08-26T03:17:37.9636+02:00] Not a valid Opa Pdp Message                  
Failed to write to log, can't make directories for new logfile: mkdir /var/logs: permission denied
[33mWARN[0m[2026-08-26T03:17:37.9641+02:00] Ignoring message with unexpected type:       
Failed to write to log, can't make directories for new logfile: mkdir /var/logs: permission denied
[33mWARN[0m[2026-08-26T03:17:37.9641+02:00] Not a valid Opa Pdp Message                  
Failed to write to log, can't make directories for new logfile: mkdir /var/logs: permission denied
[33mWARN[0m[2026-08-26T03:17:37.9645+02:00] Ignoring message with unexpected type:       
Failed to write to log, can't make directories for new logfile: mkdir /var/logs: permission denied
[33mWARN[0m[2026-08-26T03:17:37.9646+02:00] Not a valid Opa Pdp Message                  
Failed to write to log, can't make directories for new logfile: mkdir /var/logs: permission denied
[33mWARN[0m[2026-08-26T03:17:37.9651+02:00] Ignoring message with unexpected type:       
Failed to write to log, can't make directories for new logfile: mkdir /var/logs: permission denied
[33mWARN[0m[2026-08-26T03:17:37.9651+02:00] Not a valid Opa Pdp Message                  
Failed to write to log, can't make directories for new logfile: mkdir /var/logs: permission denied
[33mWARN[0m[2026-08-26T03:17:37.9656+02:00] Ignoring message with unexpected type:       
Failed to write to log, can't make directories for new logfile: mkdir /var/logs: permission denied
[33mWARN[0m[2026-08-26T03:17:37.9657+02:00] Not a valid Opa Pdp Message                  
Failed to write to log, can't make directories for new logfile: mkdir /var/logs: permission denied
[33mWARN[0m[2026-08-26T03:17:37.9660+02:00] Ignoring message with unexpected type:       
Failed to write to log, can't make directories for new logfile: mkdir /var/logs: permission denied
[33mWARN[0m[2026-08-26T03:17:37.9661+02:00] Not a valid Opa Pdp Message                  
Failed to write to log, can't make directories for new logfile: mkdir /var/logs: permission denied
[33mWARN[0m[2026-08-26T03:17:37.9662+02:00] Ignoring message with unexpected type:       
Failed to write to log, can't make directories for new logfile: mkdir /var/logs: permission denied
[33mWARN[0m[2026-08-26T03:17:37.9663+02:00] Not a valid Opa Pdp Message                  
Failed to write to log, can't make directories for new logfile: mkdir /var/logs: permission denied
[33mWARN[0m[2026-08-26T03:17:37.9664+02:00] Ignoring message with unexpected type:       
Failed to write to log, can't make directories for new logfile: mkdir /var/logs: permission denied
[33mWARN[0m[2026-08-26T03:17:37.9665+02:00] Not a valid Opa Pdp Message                  
Failed to write to log, can't make directories for new logfile: mkdir /var/logs: permission denied
[33mWARN[0m[2026-08-26T03:17:37.9667+02:00] Not a valid Opa Pdp Message                  
Failed to write to log, can't make directories for new logfile: mkdir /var/logs: permission denied
[33mWARN[0m[2026-08-26T03:17:37.9666+02:00] Ignoring message with unexpected type:       
Failed to write to log, can't make directories for new logfile: mkdir /var/logs: permission denied
[33mWARN[0m[2026-08-26T03:17:37.9669+02:00] Not a valid Opa Pdp Message                  
Failed to write to log, can't make directories for new logfile: mkdir /var/logs: permission denied
[33mWARN[0m[2026-08-26T03:17:37.9675+02:00] Ignoring message with unexpected type:       
Failed to write to log, can't make directories for new logfile: mkdir /var/logs: permission denied
[33mWARN[0m[2026-08-26T03:17:37.9677+02:00] Not a valid Opa Pdp Message                  
Failed to write to log, can't make directories for new logfile: mkdir /var/logs: permission denied
[33mWARN[0m[2026-08-26T03:17:37.9681+02:00] Ignoring message with unexpected type:       
Failed to write to log, can't make directories for new logfile: mkdir /var/logs: permission denied
[33mWARN[0m[2026-08-26T03:17:37.9683+02:00] Not a valid Opa Pdp Message                  
Failed to write to log, can't make directories for new logfile: mkdir /var/logs: permission denied
[33mWARN[0m[2026-08-26T03:17:37.9684+02:00] Ignoring message with unexpected type:       
Failed to write to log, can't make directories for new logfile: mkdir /var/logs: permission denied
[33mWARN[0m[2026-08-26T03:17:37.9685+02:00] Not a valid Opa Pdp Message                  
Failed to write to log, can't make directories for new logfile: mkdir /var/logs: permission denied
[33mWARN[0m[2026-08-26T03:17:37.9689+02:00] Not a valid Opa Pdp Message                  
Failed to write to log, can't make directories for new logfile: mkdir /var/logs: permission denied
[33mWARN[0m[2026-08-26T03:17:37.9689+02:00] Ignoring message with unexpected type:       
Failed to write to log, can't make directories for new logfile: mkdir /var/logs: permission denied
[33mWARN[0m[2026-08-26T03:17:37.9694+02:00] Not a valid Opa Pdp Message                  
Failed to write to log, can't make directories for new logfile: mkdir /var/logs: permission denied
[33mWARN[0m[2026-08-26T03:17:37.9695+02:00] Ignoring message with unexpected type:       
Failed to write to log, can't make directories for new logfile: mkdir /var/logs: permission denied
[33mWARN[0m[2026-08-26T03:17:37.9700+02:00] Not a valid Opa Pdp Message                  
Failed to write to log, can't make directories for new logfile: mkdir /var/logs: permission denied
[33mWARN[0m[2026-08-26T03:17:37.9703+02:00] Not a valid Opa Pdp Message                  
Failed to write to log, can't make directories for new logfile: mkdir /var/logs: permission denied
[33mWARN[0m[2026-08-26T03:17:37.9700+02:00] Ignoring message with unexpected type:       
Failed to write to log, can't make directories for new logfile: mkdir /var/logs: permission denied
[33mWARN[0m[2026-08-26T03:17:37.9707+02:00] Not a valid Opa Pdp Message                  
Failed to write to log, can't make directories for new logfile: mkdir /var/logs: permission denied
[33mWARN[0m[2026-08-26T03:17:37.9709+02:00] Ignoring message with unexpected type:       
Failed to write to log, can't make directories for new logfile: mkdir /var/logs: permission denied
[33mWARN[0m[2026-08-26T03:17:37.9709+02:00] Not a valid Opa Pdp Message                  
Failed to write to log, can't make directories for new logfile: mkdir /var/logs: permission denied
[33mWARN[0m[2026-08-26T03:17:37.9713+02:00] Not a valid Opa Pdp Message                  
Failed to write to log, can't make directories for new logfile: mkdir /var/logs: permission denied
[33mWARN[0m[2026-08-26T03:17:37.9711+02:00] Ignoring message with unexpected type:       
Failed to write to log, can't make directories for new logfile: mkdir /var/logs: permission denied
[33mWARN[0m[2026-08-26T03:17:37.9716+02:00] Not a valid Opa Pdp Message                  
Failed to write to log, can't make directories for new logfile: mkdir /var/logs: permission denied
[33mWARN[0m[2026-08-26T03:17:37.9717+02:00] Ignoring message with unexpected type:       
Failed to write to log, can't make directories for new logfile: mkdir /var/logs: permission denied
[33mWARN[0m[2026-08-26T03:17:37.9718+02:00] Not a valid Opa Pdp Message                  
Failed to write to log, can't make directories for new logfile: mkdir /var/logs: permission denied
[33mWARN[0m[2026-08-26T03:17:37.9727+02:00] Ignoring message with unexpected type:       
Failed to write to log, can't make directories for new logfile: mkdir /var/logs: permission denied
[33mWARN[0m[2026-08-26T03:17:37.9730+02:00] Not a valid Opa Pdp Message                  
Failed to write to log, can't make directories for new logfile: mkdir /var/logs: permission denied
[33mWARN[0m[2026-08-26T03:17:37.9736+02:00] Not a valid Opa Pdp Message                  
Failed to write to log, can't make directories for new logfile: mkdir /var/logs: permission denied
[33mWARN[0m[2026-08-26T03:17:37.9740+02:00] Not a valid Opa Pdp Message                  
Failed to write to log, can't make directories for new logfile: mkdir /var/logs: permission denied
[33mWARN[0m[2026-08-26T03:17:37.9741+02:00] Ignoring message with unexpected type:       
Failed to write to log, can't make directories for new logfile: mkdir /var/logs: permission denied
[33mWARN[0m[2026-08-26T03:17:37.9745+02:00] Ignoring message with unexpected type:       
Failed to write to log, can't make directories for new logfile: mkdir /var/logs: permission denied
[33mWARN[0m[2026-08-26T03:17:37.9748+02:00] Ignoring message with unexpected type:       
Failed to write to log, can't make directories for new logfile: mkdir /var/logs: permission denied
[33mWARN[0m[2026-08-26T03:17:37.9751+02:00] Ignoring message with unexpected type:       
Failed to write to log, can't make directories for new logfile: mkdir /var/logs: permission denied
[33mWARN[0m[2026-08-26T03:17:37.9742+02:00] Not a valid Opa Pdp Message                  
Failed to write to log, can't make directories for new logfile: mkdir /var/logs: permission denied
[33mWARN[0m[2026-08-26T03:17:37.9753+02:00] Ignoring message with unexpected type:       
Failed to write to log, can't make directories for new logfile: mkdir /var/logs: permission denied
[33mWARN[0m[2026-08-26T03:17:37.9755+02:00] Not a valid Opa Pdp Message                  
Failed to write to log, can't make directories for new logfile: mkdir /var/logs: permission denied
[33mWARN[0m[2026-08-26T03:17:37.9757+02:00] Not a valid Opa Pdp Message                  
Failed to write to log, can't make directories for new logfile: mkdir /var/logs: permission denied
[33mWARN[0m[2026-08-26T03:17:37.9759+02:00] Not a valid Opa Pdp Message                  
Failed to write to log, can't make directories for new logfile: mkdir /var/logs: permission denied
[33mWARN[0m[2026-08-26T03:17:37.9770+02:00] Not a valid Opa Pdp Message                  
Failed to write to log, can't make directories for new logfile: mkdir /var/logs: permission denied
[33mWARN[0m[2026-08-26T03:17:37.9773+02:00] Not a valid Opa Pdp Message                  
Failed to write to log, can't make directories for new logfile: mkdir /var/logs: permission denied
[33mWARN[0m[2026-08-26T03:17:37.9777+02:00] Not a valid Opa Pdp Message                  
Failed to write to log, can't make directories for new logfile: mkdir /var/logs: permission denied
[33mWARN[0m[2026-08-26T03:17:37.9780+02:00] Not a valid Opa Pdp Message                  
Failed to write to log, can't make directories for new logfile: mkdir /var/logs: permission denied
[33mWARN[0m[2026-08-26T03:17:37.9784+02:00] Not a valid Opa Pdp Message                  
Failed to write to log, can't make directories for new logfile: mkdir /var/logs: permission denied
[33mWARN[0m[2026-08-26T03:17:37.9786+02:00] Not a valid Opa Pdp Message                  
Failed to write to log, can't make directories for new logfile: mkdir /var/logs: permission denied
[33mWARN[0m[2026-08-26T03:17:37.9788+02:00] Not a valid Opa Pdp Message                  
Failed to write to log, can't make directories for new logfile: mkdir /var/logs: permission denied
[33mWARN[0m[2026-08-26T03:17:37.9789+02:00] Not a valid Opa Pdp Message                  
Failed to write to log, can't make directories for new logfile: mkdir /var/logs: permission denied
[33mWARN[0m[2026-08-26T03:17:37.9791+02:00] Not a valid Opa Pdp Message                  
Failed to write to log, can't make directories for new logfile: mkdir /var/logs: permission denied
[33mWARN[0m[2026-08-26T03:17:37.9756+02:00] Ignoring message with unexpected type:       
Failed to write to log, can't make directories for new logfile: mkdir /var/logs: permission denied
[33mWARN[0m[2026-08-26T03:17:37.9794+02:00] Not a valid Opa Pdp Message                  
Failed to write to log, can't make directories for new logfile: mkdir /var/logs: permission denied
[33mWARN[0m[2026-08-26T03:17:37.9796+02:00] Ignoring message with unexpected type:       
Failed to write to log, can't make directories for new logfile: mkdir /var/logs: permission denied
[33mWARN[0m[2026-08-26T03:17:37.9797+02:00] Not a valid Opa Pdp Message                  
Failed to write to log, can't make directories for new logfile: mkdir /var/logs: permission denied
[33mWARN[0m[2026-08-26T03:17:37.9799+02:00] Ignoring message with unexpected type:       
Failed to write to log, can't make directories for new logfile: mkdir /var/logs: permission denied
[33mWARN[0m[2026-08-26T03:17:37.9800+02:00] Not a valid Opa Pdp Message                  
Failed to write to log, can't make directories for new logfile: mkdir /var/logs: permission denied
[33mWARN[0m[2026-08-26T03:17:37.9801+02:00] Ignoring message with unexpected type:       
Failed to write to log, can't make directories for new logfile: mkdir /var/logs: permission denied
[33mWARN[0m[2026-08-26T03:17:37.9802+02:00] Not a valid Opa Pdp Message                  
Failed to write to log, can't make directories for new logfile: mkdir /var/logs: permission denied
[33mWARN[0m[2026-08-26T03:17:37.9804+02:00] Ignoring message with unexpected type:       
Failed to write to log, can't make directories for new logfile: mkdir /var/logs: permission denied
[33mWARN[0m[2026-08-26T03:17:37.9807+02:00] Not a valid Opa Pdp Message                  
Failed to write to log, can't make directories for new logfile: mkdir /var/logs: permission denied
[33mWARN[0m[2026-08-26T03:17:37.9811+02:00] Not a valid Opa Pdp Message                  
Failed to write to log, can't make directories for new logfile: mkdir /var/logs: permission denied
[33mWARN[0m[2026-08-26T03:17:37.9813+02:00] Ignoring message with unexpected type:       
Failed to write to log, can't make directories for new logfile: mkdir /var/logs: permission denied
[33mWARN[0m[2026-08-26T03:17:37.9815+02:00] Not a valid Opa Pdp Message                  
Failed to write to log, can't make directories for new logfile: mkdir /var/logs: permission denied
[33mWARN[0m[2026-08-26T03:17:37.9817+02:00] Ignoring message with unexpected type:       
Failed to write to log, can't make directories for new logfile: mkdir /var/logs: permission denied
[33mWARN[0m[2026-08-26T03:17:37.9819+02:00] Not a valid Opa Pdp Message                  
Failed to write to log, can't make directories for new logfile: mkdir /var/logs: permission denied
[33mWARN[0m[2026-08-26T03:17:37.9820+02:00] Not a valid Opa Pdp Message                  
Failed to write to log, can't make directories for new logfile: mkdir /var/logs: permission denied
[33mWARN[0m[2026-08-26T03:17:37.9820+02:00] Ignoring message with unexpected type:       
Failed to write to log, can't make directories for new logfile: mkdir /var/logs: permission denied
[33mWARN[0m[2026-08-26T03:17:37.9822+02:00] Not a valid Opa Pdp Message                  
Failed to write to log, can't make directories for new logfile: mkdir /var/logs: permission denied
[33mWARN[0m[2026-08-26T03:17:37.9826+02:00] Not a valid Opa Pdp Message                  
Failed to write to log, can't make directories for new logfile: mkdir /var/logs: permission denied
[33mWARN[0m[2026-08-26T03:17:37.9827+02:00] Ignoring message with unexpected type:       
Failed to write to log, can't make directories for new logfile: mkdir /var/logs: permission denied
[33mWARN[0m[2026-08-26T03:17:37.9830+02:00] Not a valid Opa Pdp Message                  
Failed to write to log, can't make directories for new logfile: mkdir /var/logs: permission denied
[33mWARN[0m[2026-08-26T03:17:37.9835+02:00] Ignoring message with unexpected type:       
Failed to write to log, can't make directories for new logfile: mkdir /var/logs: permission denied
[33mWARN[0m[2026-08-26T03:17:37.9836+02:00] Not a valid Opa Pdp Message                  
Failed to write to log, can't make directories for new logfile: mkdir /var/logs: permission denied
[33mWARN[0m[2026-08-26T03:17:37.9841+02:00] Not a valid Opa Pdp Message                  
Failed to write to log, can't make directories for new logfile: mkdir /var/logs: permission denied
[33mWARN[0m[2026-08-26T03:17:37.9842+02:00] Ignoring message with unexpected type:       
Failed to write to log, can't make directories for new logfile: mkdir /var/logs: permission denied
[33mWARN[0m[2026-08-26T03:17:37.9843+02:00] Not a valid Opa Pdp Message                  
Failed to write to log, can't make directories for new logfile: mkdir /var/logs: permission denied
[33mWARN[0m[2026-08-26T03:17:37.9846+02:00] Ignoring message with unexpected type:       
Failed to write to log, can't make directories for new logfile: mkdir /var/logs: permission denied
[33mWARN[0m[2026-08-26T03:17:37.9846+02:00] Not a valid Opa Pdp Message                  
Failed to write to log, can't make directories for new logfile: mkdir /var/logs: permission denied
[33mWARN[0m[2026-08-26T03:17:37.9848+02:00] Ignoring message with unexpected type:       
Failed to write to log, can't make directories for new logfile: mkdir /var/logs: permission denied
[33mWARN[0m[2026-08-26T03:17:37.9849+02:00] Not a valid Opa Pdp Message                  
Failed to write to log, can't make directories for new logfile: mkdir /var/logs: permission denied
[33mWARN[0m[2026-08-26T03:17:37.9850+02:00] Ignoring message with unexpected type:       
Failed to write to log, can't make directories for new logfile: mkdir /var/logs: permission denied
[33mWARN[0m[2026-08-26T03:17:37.9851+02:00] Not a valid Opa Pdp Message                  
Failed to write to log, can't make directories for new logfile: mkdir /var/logs: permission denied
[33mWARN[0m[2026-08-26T03:17:37.9852+02:00] Ignoring message with unexpected type:       
Failed to write to log, can't make directories for new logfile: mkdir /var/logs: permission denied
[33mWARN[0m[2026-08-26T03:17:37.9853+02:00] Not a valid Opa Pdp Message                  
Failed to write to log, can't make directories for new logfile: mkdir /var/logs: permission denied
[33mWARN[0m[2026-08-26T03:17:37.9858+02:00] Not a valid Opa Pdp Message                  
Failed to write to log, can't make directories for new logfile: mkdir /var/logs: permission denied
[33mWARN[0m[2026-08-26T03:17:37.9858+02:00] Ignoring message with unexpected type:       
Failed to write to log, can't make directories for new logfile: mkdir /var/logs: permission denied
[33mWARN[0m[2026-08-26T03:17:37.9863+02:00] Not a valid Opa Pdp Message                  
Failed to write to log, can't make directories for new logfile: mkdir /var/logs: permission denied
[33mWARN[0m[2026-08-26T03:17:37.9864+02:00] Ignoring message with unexpected type:       
Failed to write to log, can't make directories for new logfile: mkdir /var/logs: permission denied
[33mWARN[0m[2026-08-26T03:17:37.9865+02:00] Not a valid Opa Pdp Message                  
Failed to write to log, can't make directories for new logfile: mkdir /var/logs: permission denied
[33mWARN[0m[2026-08-26T03:17:37.9867+02:00] Ignoring message with unexpected type:       
Failed to write to log, can't make directories for new logfile: mkdir /var/logs: permission denied
[33mWARN[0m[2026-08-26T03:17:37.9870+02:00] Not a valid Opa Pdp Message                  
Failed to write to log, can't make directories for new logfile: mkdir /var/logs: permission denied
[33mWARN[0m[2026-08-26T03:17:37.9873+02:00] Not a valid Opa Pdp Message                  
Failed to write to log, can't make directories for new logfile: mkdir /var/logs: permission denied
[33mWARN[0m[2026-08-26T03:17:37.9874+02:00] Ignoring message with unexpected type:       
Failed to write to log, can't make directories for new logfile: mkdir /var/logs: permission denied
[33mWARN[0m[2026-08-26T03:17:37.9876+02:00] Not a valid Opa Pdp Message                  
Failed to write to log, can't make directories for new logfile: mkdir /var/logs: permission denied
[33mWARN[0m[2026-08-26T03:17:37.9879+02:00] Not a valid Opa Pdp Message                  
Failed to write to log, can't make directories for new logfile: mkdir /var/logs: permission denied
[33mWARN[0m[2026-08-26T03:17:37.9882+02:00] Ignoring message with unexpected type:       
Failed to write to log, can't make directories for new logfile: mkdir /var/logs: permission denied
[33mWARN[0m[2026-08-26T03:17:37.9882+02:00] Not a valid Opa Pdp Message                  
Failed to write to log, can't make directories for new logfile: mkdir /var/logs: permission denied
[33mWARN[0m[2026-08-26T03:17:37.9887+02:00] Not a valid Opa Pdp Message                  
Failed to write to log, can't make directories for new logfile: mkdir /var/logs: permission denied
[33mWARN[0m[2026-08-26T03:17:37.9887+02:00] Ignoring message with unexpected type:       
Failed to write to log, can't make directories for new logfile: mkdir /var/logs: permission denied
[33mWARN[0m[2026-08-26T03:17:37.9889+02:00] Not a valid Opa Pdp Message                  
Failed to write to log, can't make directories for new logfile: mkdir /var/logs: permission denied
[33mWARN[0m[2026-08-26T03:17:37.9894+02:00] Ignoring message with unexpected type:       
Failed to write to log, can't make directories for new logfile: mkdir /var/logs: permission denied
[33mWARN[0m[2026-08-26T03:17:37.9896+02:00] Not a valid Opa Pdp Message                  
Failed to write to log, can't make directories for new logfile: mkdir /var/logs: permission denied
[33mWARN[0m[2026-08-26T03:17:37.9896+02:00] Ignoring message with unexpected type:       
Failed to write to log, can't make directories for new logfile: mkdir /var/logs: permission denied
[33mWARN[0m[2026-08-26T03:17:37.9898+02:00] Not a valid Opa Pdp Message                  
Failed to write to log, can't make directories for new logfile: mkdir /var/logs: permission denied
[33mWARN[0m[2026-08-26T03:17:37.9902+02:00] Ignoring message with unexpected type:       
Failed to write to log, can't make directories for new logfile: mkdir /var/logs: permission denied
[33mWARN[0m[2026-08-26T03:17:37.9902+02:00] Not a valid Opa Pdp Message                  
Failed to write to log, can't make directories for new logfile: mkdir /var/logs: permission denied
[33mWARN[0m[2026-08-26T03:17:37.9906+02:00] Not a valid Opa Pdp Message                  
Failed to write to log, can't make directories for new logfile: mkdir /var/logs: permission denied
[33mWARN[0m[2026-08-26T03:17:37.9910+02:00] Not a valid Opa Pdp Message                  
Failed to write to log, can't make directories for new logfile: mkdir /var/logs: permission denied
[33mWARN[0m[2026-08-26T03:17:37.9907+02:00] Ignoring message with unexpected type:       
Failed to write to log, can't make directories for new logfile: mkdir /var/logs: permission denied
[33mWARN[0m[2026-08-26T03:17:37.9913+02:00] Not a valid Opa Pdp Message                  
Failed to write to log, can't make directories for new logfile: mkdir /var/logs: permission denied
[33mWARN[0m[2026-08-26T03:17:37.9915+02:00] Ignoring message with unexpected type:       
Failed to write to log, can't make directories for new logfile: mkdir /var/logs: permission denied
[33mWARN[0m[2026-08-26T03:17:37.9917+02:00] Ignoring message with unexpected type:       
Failed to write to log, can't make directories for new logfile: mkdir /var/logs: permission denied
[33mWARN[0m[2026-08-26T03:17:37.9919+02:00] Ignoring message with unexpected type:       
Failed to write to log, can't make directories for new logfile: mkdir /var/logs: permission denied
[33mWARN[0m[2026-08-26T03:17:37.9915+02:00] Not a valid Opa Pdp Message                  
Failed to write to log, can't make directories for new logfile: mkdir /var/logs: permission denied
[33mWARN[0m[2026-08-26T03:17:37.9922+02:00] Ignoring message with unexpected type:       
Failed to write to log, can't make directories for new logfile: mkdir /var/logs: permission denied
[33mWARN[0m[2026-08-26T03:17:37.9923+02:00] Not a valid Opa Pdp Message                  
Failed to write to log, can't make directories for new logfile: mkdir /var/logs: permission denied
[33mWARN[0m[2026-08-26T03:17:37.9925+02:00] Ignoring message with unexpected type:       
Failed to write to log, can't make directories for new logfile: mkdir /var/logs: permission denied
[33mWARN[0m[2026-08-26T03:17:37.9926+02:00] Not a valid Opa Pdp Message                  
Failed to write to log, can't make directories for new logfile: mkdir /var/logs: permission denied
[33mWARN[0m[2026-08-26T03:17:37.9927+02:00] Ignoring message with unexpected type:       
Failed to write to log, can't make directories for new logfile: mkdir /var/logs: permission denied
[33mWARN[0m[2026-08-26T03:17:37.9928+02:00] Not a valid Opa Pdp Message                  
Failed to write to log, can't make directories for new logfile: mkdir /var/logs: permission denied
[33mWARN[0m[2026-08-26T03:17:37.9929+02:00] Ignoring message with unexpected type:       
Failed to write to log, can't make directories for new logfile: mkdir /var/logs: permission denied
[33mWARN[0m[2026-08-26T03:17:37.9930+02:00] Not a valid Opa Pdp Message                  
Failed to write to log, can't make directories for new logfile: mkdir /var/logs: permission denied
[33mWARN[0m[2026-08-26T03:17:37.9931+02:00] Ignoring message with unexpected type:       
Failed to write to log, can't make directories for new logfile: mkdir /var/logs: permission denied
[33mWARN[0m[2026-08-26T03:17:37.9934+02:00] Not a valid Opa Pdp Message                  
Failed to write to log, can't make directories for new logfile: mkdir /var/logs: permission denied
[33mWARN[0m[2026-08-26T03:17:37.9941+02:00] Not a valid Opa Pdp Message                  
Failed to write to log, can't make directories for new logfile: mkdir /var/logs: permission denied
[33mWARN[0m[2026-08-26T03:17:37.9944+02:00] Not a valid Opa Pdp Message                  
Failed to write to log, can't make directories for new logfile: mkdir /var/logs: permission denied
[33mWARN[0m[2026-08-26T03:17:37.9941+02:00] Ignoring message with unexpected type:       
Failed to write to log, can't make directories for new logfile: mkdir /var/logs: permission denied
[33mWARN[0m[2026-08-26T03:17:37.9948+02:00] Not a valid Opa Pdp Message                  
Failed to write to log, can't make directories for new logfile: mkdir /var/logs: permission denied
[33mWARN[0m[2026-08-26T03:17:37.9951+02:00] Ignoring message with unexpected type:       
Failed to write to log, can't make directories for new logfile: mkdir /var/logs: permission denied
[33mWARN[0m[2026-08-26T03:17:37.9951+02:00] Not a valid Opa Pdp Message                  
Failed to write to log, can't make directories for new logfile: mkdir /var/logs: permission denied
[33mWARN[0m[2026-08-26T03:17:37.9955+02:00] Ignoring message with unexpected type:       
Failed to write to log, can't make directories for new logfile: mkdir /var/logs: permission denied
[33mWARN[0m[2026-08-26T03:17:37.9955+02:00] Not a valid Opa Pdp Message                  
Failed to write to log, can't make directories for new logfile: mkdir /var/logs: permission denied
[33mWARN[0m[2026-08-26T03:17:37.9958+02:00] Not a valid Opa Pdp Message                  
Failed to write to log, can't make directories for new logfile: mkdir /var/logs: permission denied
[33mWARN[0m[2026-08-26T03:17:37.9961+02:00] Not a valid Opa Pdp Message                  
Failed to write to log, can't make directories for new logfile: mkdir /var/logs: permission denied
[33mWARN[0m[2026-08-26T03:17:37.9958+02:00] Ignoring message with unexpected type:       
Failed to write to log, can't make directories for new logfile: mkdir /var/logs: permission denied
[33mWARN[0m[2026-08-26T03:17:37.9964+02:00] Not a valid Opa Pdp Message                  
Failed to write to log, can't make directories for new logfile: mkdir /var/logs: permission denied
[33mWARN[0m[2026-08-26T03:17:37.9971+02:00] Ignoring message with unexpected type:       
Failed to write to log, can't make directories for new logfile: mkdir /var/logs: permission denied
[33mWARN[0m[2026-08-26T03:17:37.9971+02:00] Not a valid Opa Pdp Message                  
Failed to write to log, can't make directories for new logfile: mkdir /var/logs: permission denied
[33mWARN[0m[2026-08-26T03:17:37.9976+02:00] Ignoring message with unexpected type:       
Failed to write to log, can't make directories for new logfile: mkdir /var/logs: permission denied
[33mWARN[0m[2026-08-26T03:17:37.9976+02:00] Not a valid Opa Pdp Message                  
Failed to write to log, can't make directories for new logfile: mkdir /var/logs: permission denied
[33mWARN[0m[2026-08-26T03:17:37.9982+02:00] Ignoring message with unexpected type:       
Failed to write to log, can't make directories for new logfile: mkdir /var/logs: permission denied
[33mWARN[0m[2026-08-26T03:17:37.9983+02:00] Not a valid Opa Pdp Message                  
Failed to write to log, can't make directories for new logfile: mkdir /var/logs: permission denied
[33mWARN[0m[2026-08-26T03:17:37.9988+02:00] Not a valid Opa Pdp Message                  
Failed to write to log, can't make directories for new logfile: mkdir /var/logs: permission denied
[33mWARN[0m[2026-08-26T03:17:37.9988+02:00] Ignoring message with unexpected type:       
Failed to write to log, can't make directories for new logfile: mkdir /var/logs: permission denied
[33mWARN[0m[2026-08-26T03:17:37.9990+02:00] Not a valid Opa Pdp Message                  
Failed to write to log, can't make directories for new logfile: mkdir /var/logs: permission denied
[33mWARN[0m[2026-08-26T03:17:37.9994+02:00] Ignoring message with unexpected type:       
Failed to write to log, can't make directories for new logfile: mkdir /var/logs: permission denied
[33mWARN[0m[2026-08-26T03:17:37.9996+02:00] Not a valid Opa Pdp Message                  
Failed to write to log, can't make directories for new logfile: mkdir /var/logs: permission denied
[33mWARN[0m[2026-08-26T03:17:37.9997+02:00] Ignoring message with unexpected type:       
Failed to write to log, can't make directories for new logfile: mkdir /var/logs: permission denied
[33mWARN[0m[2026-08-26T03:17:37.9998+02:00] Not a valid Opa Pdp Message                  
Failed to write to log, can't make directories for new logfile: mkdir /var/logs: permission denied
[33mWARN[0m[2026-08-26T03:17:37.9999+02:00] Ignoring message with unexpected type:       
Failed to write to log, can't make directories for new logfile: mkdir /var/logs: permission denied
[33mWARN[0m[2026-08-26T03:17:38.0000+02:00] Not a valid Opa Pdp Message                  
Failed to write to log, can't make directories for new logfile: mkdir /var/logs: permission denied
[33mWARN[0m[2026-08-26T03:17:38.0001+02:00] Ignoring message with unexpected type:       
Failed to write to log, can't make directories for new logfile: mkdir /var/logs: permission denied
[33mWARN[0m[2026-08-26T03:17:38.0003+02:00] Ignoring message with unexpected type:       
Failed to write to log, can't make directories for new logfile: mkdir /var/logs: permission denied
[33mWARN[0m[2026-08-26T03:17:38.0006+02:00] Ignoring message with unexpected type:       
Failed to write to log, can't make directories for new logfile: mkdir /var/logs: permission denied
[33mWARN[0m[2026-08-26T03:17:38.0002+02:00] Not a valid Opa Pdp Message                  
Failed to write to log, can't make directories for new logfile: mkdir /var/logs: permission denied
[33mWARN[0m[2026-08-26T03:17:38.0008+02:00] Ignoring message with unexpected type:       
Failed to write to log, can't make directories for new logfile: mkdir /var/logs: permission denied
[33mWARN[0m[2026-08-26T03:17:38.0010+02:00] Not a valid Opa Pdp Message                  
Failed to write to log, can't make directories for new logfile: mkdir /var/logs: permission denied
[33mWARN[0m[2026-08-26T03:17:38.0010+02:00] Ignoring message with unexpected type:       
Failed to write to log, can't make directories for new logfile: mkdir /var/logs: permission denied
[33mWARN[0m[2026-08-26T03:17:38.0013+02:00] Not a valid Opa Pdp Message                  
Failed to write to log, can't make directories for new logfile: mkdir /var/logs: permission denied
[33mWARN[0m[2026-08-26T03:17:38.0017+02:00] Ignoring message with unexpected type:       
Failed to write to log, can't make directories for new logfile: mkdir /var/logs: permission denied
[33mWARN[0m[2026-08-26T03:17:38.0020+02:00] Not a valid Opa Pdp Message                  
Failed to write to log, can't make directories for new logfile: mkdir /var/logs: permission denied
[33mWARN[0m[2026-08-26T03:17:38.0025+02:00] Ignoring message with unexpected type:       
Failed to write to log, can't make directories for new logfile: mkdir /var/logs: permission denied
[33mWARN[0m[2026-08-26T03:17:38.0026+02:00] Not a valid Opa Pdp Message                  
Failed to write to log, can't make directories for new logfile: mkdir /var/logs: permission denied
[33mWARN[0m[2026-08-26T03:17:38.0030+02:00] Ignoring message with unexpected type:       
Failed to write to log, can't make directories for new logfile: mkdir /var/logs: permission denied
[33mWARN[0m[2026-08-26T03:17:38.0030+02:00] Not a valid Opa Pdp Message                  
Failed to write to log, can't make directories for new logfile: mkdir /var/logs: permission denied
[33mWARN[0m[2026-08-26T03:17:38.0035+02:00] Ignoring message with unexpected type:       
Failed to write to log, can't make directories for new logfile: mkdir /var/logs: permission denied
[33mWARN[0m[2026-08-26T03:17:38.0038+02:00] Not a valid Opa Pdp Message                  
Failed to write to log, can't make directories for new logfile: mkdir /var/logs: permission denied
[33mWARN[0m[2026-08-26T03:17:38.0043+02:00] Ignoring message with unexpected type:       
Failed to write to log, can't make directories for new logfile: mkdir /var/logs: permission denied
[33mWARN[0m[2026-08-26T03:17:38.0045+02:00] Not a valid Opa Pdp Message                  
Failed to write to log, can't make directories for new logfile: mkdir /var/logs: permission denied
[33mWARN[0m[2026-08-26T03:17:38.0051+02:00] Ignoring message with unexpected type:       
Failed to write to log, can't make directories for new logfile: mkdir /var/logs: permission denied
[33mWARN[0m[2026-08-26T03:17:38.0052+02:00] Not a valid Opa Pdp Message                  
Failed to write to log, can't make directories for new logfile: mkdir /var/logs: permission denied
[33mWARN[0m[2026-08-26T03:17:38.0053+02:00] Ignoring message with unexpected type:       
Failed to write to log, can't make directories for new logfile: mkdir /var/logs: permission denied
[33mWARN[0m[2026-08-26T03:17:38.0054+02:00] Not a valid Opa Pdp Message                  
Failed to write to log, can't make directories for new logfile: mkdir /var/logs: permission denied
[33mWARN[0m[2026-08-26T03:17:38.0055+02:00] Ignoring message with unexpected type:       
Failed to write to log, can't make directories for new logfile: mkdir /var/logs: permission denied
[33mWARN[0m[2026-08-26T03:17:38.0056+02:00] Not a valid Opa Pdp Message                  
Failed to write to log, can't make directories for new logfile: mkdir /var/logs: permission denied
[33mWARN[0m[2026-08-26T03:17:38.0057+02:00] Ignoring message with unexpected type:       
Failed to write to log, can't make directories for new logfile: mkdir /var/logs: permission denied
[33mWARN[0m[2026-08-26T03:17:38.0057+02:00] Not a valid Opa Pdp Message                  
Failed to write to log, can't make directories for new logfile: mkdir /var/logs: permission denied
[33mWARN[0m[2026-08-26T03:17:38.0061+02:00] Not a valid Opa Pdp Message                  
Failed to write to log, can't make directories for new logfile: mkdir /var/logs: permission denied
[33mWARN[0m[2026-08-26T03:17:38.0063+02:00] Not a valid Opa Pdp Message                  
Failed to write to log, can't make directories for new logfile: mkdir /var/logs: permission denied
[33mWARN[0m[2026-08-26T03:17:38.0062+02:00] Ignoring message with unexpected type:       
Failed to write to log, can't make directories for new logfile: mkdir /var/logs: permission denied
[33mWARN[0m[2026-08-26T03:17:38.0065+02:00] Not a valid Opa Pdp Message                  
Failed to write to log, can't make directories for new logfile: mkdir /var/logs: permission denied
[33mWARN[0m[2026-08-26T03:17:38.0069+02:00] Ignoring message with unexpected type:       
Failed to write to log, can't make directories for new logfile: mkdir /var/logs: permission denied
[33mWARN[0m[2026-08-26T03:17:38.0071+02:00] Not a valid Opa Pdp Message                  
Failed to write to log, can't make directories for new logfile: mkdir /var/logs: permission denied
[33mWARN[0m[2026-08-26T03:17:38.0075+02:00] Ignoring message with unexpected type:       
Failed to write to log, can't make directories for new logfile: mkdir /var/logs: permission denied
[33mWARN[0m[2026-08-26T03:17:38.0075+02:00] Not a valid Opa Pdp Message                  
Failed to write to log, can't make directories for new logfile: mkdir /var/logs: permission denied
[33mWARN[0m[2026-08-26T03:17:38.0078+02:00] Ignoring message with unexpected type:       
Failed to write to log, can't make directories for new logfile: mkdir /var/logs: permission denied
[33mWARN[0m[2026-08-26T03:17:38.0080+02:00] Not a valid Opa Pdp Message                  
Failed to write to log, can't make directories for new logfile: mkdir /var/logs: permission denied
[33mWARN[0m[2026-08-26T03:17:38.0083+02:00] Ignoring message with unexpected type:       
Failed to write to log, can't make directories for new logfile: mkdir /var/logs: permission denied
[33mWARN[0m[2026-08-26T03:17:38.0085+02:00] Not a valid Opa Pdp Message                  
Failed to write to log, can't make directories for new logfile: mkdir /var/logs: permission denied
[33mWARN[0m[2026-08-26T03:17:38.0086+02:00] Ignoring message with unexpected type:       
Failed to write to log, can't make directories for new logfile: mkdir /var/logs: permission denied
[33mWARN[0m[2026-08-26T03:17:38.0087+02:00] Not a valid Opa Pdp Message                  
Failed to write to log, can't make directories for new logfile: mkdir /var/logs: permission denied
[33mWARN[0m[2026-08-26T03:17:38.0088+02:00] Ignoring message with unexpected type:       
Failed to write to log, can't make directories for new logfile: mkdir /var/logs: permission denied
[33mWARN[0m[2026-08-26T03:17:38.0089+02:00] Not a valid Opa Pdp Message                  
Failed to write to log, can't make directories for new logfile: mkdir /var/logs: permission denied
[33mWARN[0m[2026-08-26T03:17:38.0090+02:00] Ignoring message with unexpected type:       
Failed to write to log, can't make directories for new logfile: mkdir /var/logs: permission denied
[33mWARN[0m[2026-08-26T03:17:38.0090+02:00] Not a valid Opa Pdp Message                  
Failed to write to log, can't make directories for new logfile: mkdir /var/logs: permission denied
[33mWARN[0m[2026-08-26T03:17:38.0092+02:00] Ignoring message with unexpected type:       
Failed to write to log, can't make directories for new logfile: mkdir /var/logs: permission denied
[33mWARN[0m[2026-08-26T03:17:38.0093+02:00] Not a valid Opa Pdp Message                  
Failed to write to log, can't make directories for new logfile: mkdir /var/logs: permission denied
[33mWARN[0m[2026-08-26T03:17:38.0094+02:00] Ignoring message with unexpected type:       
Failed to write to log, can't make directories for new logfile: mkdir /var/logs: permission denied
[33mWARN[0m[2026-08-26T03:17:38.0097+02:00] Ignoring message with unexpected type:       
Failed to write to log, can't make directories for new logfile: mkdir /var/logs: permission denied
[33mWARN[0m[2026-08-26T03:17:38.0094+02:00] Not a valid Opa Pdp Message                  
Failed to write to log, can't make directories for new logfile: mkdir /var/logs: permission denied
[33mWARN[0m[2026-08-26T03:17:38.0101+02:00] Ignoring message with unexpected type:       
Failed to write to log, can't make directories for new logfile: mkdir /var/logs: permission denied
[33mWARN[0m[2026-08-26T03:17:38.0105+02:00] Ignoring message with unexpected type:       
Failed to write to log, can't make directories for new logfile: mkdir /var/logs: permission denied
[33mWARN[0m[2026-08-26T03:17:38.0105+02:00] Not a valid Opa Pdp Message                  
Failed to write to log, can't make directories for new logfile: mkdir /var/logs: permission denied
[33mWARN[0m[2026-08-26T03:17:38.0107+02:00] Ignoring message with unexpected type:       
Failed to write to log, can't make directories for new logfile: mkdir /var/logs: permission denied
[33mWARN[0m[2026-08-26T03:17:38.0108+02:00] Not a valid Opa Pdp Message                  
Failed to write to log, can't make directories for new logfile: mkdir /var/logs: permission denied
[33mWARN[0m[2026-08-26T03:17:38.0113+02:00] Ignoring message with unexpected type:       
Failed to write to log, can't make directories for new logfile: mkdir /var/logs: permission denied
[33mWARN[0m[2026-08-26T03:17:38.0113+02:00] Not a valid Opa Pdp Message                  
Failed to write to log, can't make directories for new logfile: mkdir /var/logs: permission denied
[33mWARN[0m[2026-08-26T03:17:38.0117+02:00] Ignoring message with unexpected type:       
Failed to write to log, can't make directories for new logfile: mkdir /var/logs: permission denied
[33mWARN[0m[2026-08-26T03:17:38.0118+02:00] Not a valid Opa Pdp Message                  
Failed to write to log, can't make directories for new logfile: mkdir /var/logs: permission denied
[33mWARN[0m[2026-08-26T03:17:38.0119+02:00] Ignoring message with unexpected type:       
Failed to write to log, can't make directories for new logfile: mkdir /var/logs: permission denied
[33mWARN[0m[2026-08-26T03:17:38.0120+02:00] Not a valid Opa Pdp Message                  
Failed to write to log, can't make directories for new logfile: mkdir /var/logs: permission denied
[33mWARN[0m[2026-08-26T03:17:38.0123+02:00] Ignoring message with unexpected type:       
Failed to write to log, can't make directories for new logfile: mkdir /var/logs: permission denied
[33mWARN[0m[2026-08-26T03:17:38.0124+02:00] Not a valid Opa Pdp Message                  
Failed to write to log, can't make directories for new logfile: mkdir /var/logs: permission denied
[33mWARN[0m[2026-08-26T03:17:38.0127+02:00] Ignoring message with unexpected type:       
Failed to write to log, can't make directories for new logfile: mkdir /var/logs: permission denied
[33mWARN[0m[2026-08-26T03:17:38.0129+02:00] Not a valid Opa Pdp Message                  
Failed to write to log, can't make directories for new logfile: mkdir /var/logs: permission denied
[33mWARN[0m[2026-08-26T03:17:38.0131+02:00] Ignoring message with unexpected type:       
Failed to write to log, can't make directories for new logfile: mkdir /var/logs: permission denied
[33mWARN[0m[2026-08-26T03:17:38.0131+02:00] Not a valid Opa Pdp Message                  
Failed to write to log, can't make directories for new logfile: mkdir /var/logs: permission denied
[33mWARN[0m[2026-08-26T03:17:38.0133+02:00] Ignoring message with unexpected type:       
Failed to write to log, can't make directories for new logfile: mkdir /var/logs: permission denied
[33mWARN[0m[2026-08-26T03:17:38.0134+02:00] Not a valid Opa Pdp Message                  
Failed to write to log, can't make directories for new logfile: mkdir /var/logs: permission denied
[33mWARN[0m[2026-08-26T03:17:38.0138+02:00] Ignoring message with unexpected type:       
Failed to write to log, can't make directories for new logfile: mkdir /var/logs: permission denied
[33mWARN[0m[2026-08-26T03:17:38.0140+02:00] Not a valid Opa Pdp Message                  
Failed to write to log, can't make directories for new logfile: mkdir /var/logs: permission denied
[33mWARN[0m[2026-08-26T03:17:38.0144+02:00] Not a valid Opa Pdp Message                  
Failed to write to log, can't make directories for new logfile: mkdir /var/logs: permission denied
[33mWARN[0m[2026-08-26T03:17:38.0143+02:00] Ignoring message with unexpected type:       
Failed to write to log, can't make directories for new logfile: mkdir /var/logs: permission denied
[33mWARN[0m[2026-08-26T03:17:38.0148+02:00] Not a valid Opa Pdp Message                  
Failed to write to log, can't make directories for new logfile: mkdir /var/logs: permission denied
[33mWARN[0m[2026-08-26T03:17:38.0149+02:00] Ignoring message with unexpected type:       
Failed to write to log, can't make directories for new logfile: mkdir /var/logs: permission denied
[33mWARN[0m[2026-08-26T03:17:38.0151+02:00] Not a valid Opa Pdp Message                  
Failed to write to log, can't make directories for new logfile: mkdir /var/logs: permission denied
[33mWARN[0m[2026-08-26T03:17:38.0153+02:00] Ignoring message with unexpected type:       
Failed to write to log, can't make directories for new logfile: mkdir /var/logs: permission denied
[33mWARN[0m[2026-08-26T03:17:38.0154+02:00] Not a valid Opa Pdp Message                  
Failed to write to log, can't make directories for new logfile: mkdir /var/logs: permission denied
[33mWARN[0m[2026-08-26T03:17:38.0155+02:00] Ignoring message with unexpected type:       
Failed to write to log, can't make directories for new logfile: mkdir /var/logs: permission denied
[33mWARN[0m[2026-08-26T03:17:38.0156+02:00] Not a valid Opa Pdp Message                  
Failed to write to log, can't make directories for new logfile: mkdir /var/logs: permission denied
[33mWARN[0m[2026-08-26T03:17:38.0159+02:00] Not a valid Opa Pdp Message                  
Failed to write to log, can't make directories for new logfile: mkdir /var/logs: permission denied
[33mWARN[0m[2026-08-26T03:17:38.0162+02:00] Not a valid Opa Pdp Message                  
Failed to write to log, can't make directories for new logfile: mkdir /var/logs: permission denied
[33mWARN[0m[2026-08-26T03:17:38.0165+02:00] Not a valid Opa Pdp Message                  
Failed to write to log, can't make directories for new logfile: mkdir /var/logs: permission denied
[33mWARN[0m[2026-08-26T03:17:38.0167+02:00] Not a valid Opa Pdp Message                  
Failed to write to log, can't make directories for new logfile: mkdir /var/logs: permission denied
[33mWARN[0m[2026-08-26T03:17:38.0168+02:00] Not a valid Opa Pdp Message                  
Failed to write to log, can't make directories for new logfile: mkdir /var/logs: permission denied
[33mWARN[0m[2026-08-26T03:17:38.0170+02:00] Not a valid Opa Pdp Message                  
Failed to write to log, can't make directories for new logfile: mkdir /var/logs: permission denied
[33mWARN[0m[2026-08-26T03:17:38.0170+02:00] Ignoring message with unexpected type:       
Failed to write to log, can't make directories for new logfile: mkdir /var/logs: permission denied
[33mWARN[0m[2026-08-26T03:17:38.0171+02:00] Not a valid Opa Pdp Message                  
Failed to write to log, can't make directories for new logfile: mkdir /var/logs: permission denied
[33mWARN[0m[2026-08-26T03:17:38.0176+02:00] Ignoring message with unexpected type:       
Failed to write to log, can't make directories for new logfile: mkdir /var/logs: permission denied
[33mWARN[0m[2026-08-26T03:17:38.0179+02:00] Not a valid Opa Pdp Message                  
Failed to write to log, can't make directories for new logfile: mkdir /var/logs: permission denied
[33mWARN[0m[2026-08-26T03:17:38.0180+02:00] Ignoring message with unexpected type:       
Failed to write to log, can't make directories for new logfile: mkdir /var/logs: permission denied
[33mWARN[0m[2026-08-26T03:17:38.0184+02:00] Not a valid Opa Pdp Message                  
Failed to write to log, can't make directories for new logfile: mkdir /var/logs: permission denied
[33mWARN[0m[2026-08-26T03:17:38.0185+02:00] Ignoring message with unexpected type:       
Failed to write to log, can't make directories for new logfile: mkdir /var/logs: permission denied
[33mWARN[0m[2026-08-26T03:17:38.0188+02:00] Not a valid Opa Pdp Message                  
Failed to write to log, can't make directories for new logfile: mkdir /var/logs: permission denied
[33mWARN[0m[2026-08-26T03:17:38.0190+02:00] Ignoring message with unexpected type:       
Failed to write to log, can't make directories for new logfile: mkdir /var/logs: permission denied
[33mWARN[0m[2026-08-26T03:17:38.0193+02:00] Not a valid Opa Pdp Message                  
Failed to write to log, can't make directories for new logfile: mkdir /var/logs: permission denied
[33mWARN[0m[2026-08-26T03:17:38.0196+02:00] Ignoring message with unexpected type:       
Failed to write to log, can't make directories for new logfile: mkdir /var/logs: permission denied
[33mWARN[0m[2026-08-26T03:17:38.0198+02:00] Not a valid Opa Pdp Message                  
Failed to write to log, can't make directories for new logfile: mkdir /var/logs: permission denied
[33mWARN[0m[2026-08-26T03:17:38.0203+02:00] Ignoring message with unexpected type:       
Failed to write to log, can't make directories for new logfile: mkdir /var/logs: permission denied
[33mWARN[0m[2026-08-26T03:17:38.0205+02:00] Not a valid Opa Pdp Message                  
Failed to write to log, can't make directories for new logfile: mkdir /var/logs: permission denied
[33mWARN[0m[2026-08-26T03:17:38.0206+02:00] Ignoring message with unexpected type:       
Failed to write to log, can't make directories for new logfile: mkdir /var/logs: permission denied
[33mWARN[0m[2026-08-26T03:17:38.0208+02:00] Ignoring message with unexpected type:       
Failed to write to log, can't make directories for new logfile: mkdir /var/logs: permission denied
[33mWARN[0m[2026-08-26T03:17:38.0207+02:00] Not a valid Opa Pdp Message                  
Failed to write to log, can't make directories for new logfile: mkdir /var/logs: permission denied
[33mWARN[0m[2026-08-26T03:17:38.0211+02:00] Ignoring message with unexpected type:       
Failed to write to log, can't make directories for new logfile: mkdir /var/logs: permission denied
[33mWARN[0m[2026-08-26T03:17:38.0213+02:00] Not a valid Opa Pdp Message                  
Failed to write to log, can't make directories for new logfile: mkdir /var/logs: permission denied
[33mWARN[0m[2026-08-26T03:17:38.0218+02:00] Ignoring message with unexpected type:       
Failed to write to log, can't make directories for new logfile: mkdir /var/logs: permission denied
[33mWARN[0m[2026-08-26T03:17:38.0220+02:00] Not a valid Opa Pdp Message                  
Failed to write to log, can't make directories for new logfile: mkdir /var/logs: permission denied
[33mWARN[0m[2026-08-26T03:17:38.0223+02:00] Ignoring message with unexpected type:       
Failed to write to log, can't make directories for new logfile: mkdir /var/logs: permission denied
[33mWARN[0m[2026-08-26T03:17:38.0227+02:00] Not a valid Opa Pdp Message                  
Failed to write to log, can't make directories for new logfile: mkdir /var/logs: permission denied
[33mWARN[0m[2026-08-26T03:17:38.0230+02:00] Not a valid Opa Pdp Message                  
Failed to write to log, can't make directories for new logfile: mkdir /var/logs: permission denied
[33mWARN[0m[2026-08-26T03:17:38.0228+02:00] Ignoring message with unexpected type:       
Failed to write to log, can't make directories for new logfile: mkdir /var/logs: permission denied
[33mWARN[0m[2026-08-26T03:17:38.0232+02:00] Not a valid Opa Pdp Message                  
Failed to write to log, can't make directories for new logfile: mkdir /var/logs: permission denied
[33mWARN[0m[2026-08-26T03:17:38.0234+02:00] Not a valid Opa Pdp Message                  
Failed to write to log, can't make directories for new logfile: mkdir /var/logs: permission denied
[33mWARN[0m[2026-08-26T03:17:38.0234+02:00] Ignoring message with unexpected type:       
Failed to write to log, can't make directories for new logfile: mkdir /var/logs: permission denied
[33mWARN[0m[2026-08-26T03:17:38.0235+02:00] Not a valid Opa Pdp Message                  
Failed to write to log, can't make directories for new logfile: mkdir /var/logs: permission denied
[33mWARN[0m[2026-08-26T03:17:38.0238+02:00] Ignoring message with unexpected type:       
Failed to write to log, can't make directories for new logfile: mkdir /var/logs: permission denied
[33mWARN[0m[2026-08-26T03:17:38.0238+02:00] Not a valid Opa Pdp Message                  
Failed to write to log, can't make directories for new logfile: mkdir /var/logs: permission denied
[33mWARN[0m[2026-08-26T03:17:38.0244+02:00] Not a valid Opa Pdp Message                  
Failed to write to log, can't make directories for new logfile: mkdir /var/logs: permission denied
[33mWARN[0m[2026-08-26T03:17:38.0242+02:00] Ignoring message with unexpected type:       
Failed to write to log, can't make directories for new logfile: mkdir /var/logs: permission denied
[33mWARN[0m[2026-08-26T03:17:38.0246+02:00] Not a valid Opa Pdp Message                  
Failed to write to log, can't make directories for new logfile: mkdir /var/logs: permission denied
[33mWARN[0m[2026-08-26T03:17:38.0249+02:00] Ignoring message with unexpected type:       
Failed to write to log, can't make directories for new logfile: mkdir /var/logs: permission denied
[33mWARN[0m[2026-08-26T03:17:38.0250+02:00] Not a valid Opa Pdp Message                  
Failed to write to log, can't make directories for new logfile: mkdir /var/logs: permission denied
[33mWARN[0m[2026-08-26T03:17:38.0252+02:00] Ignoring message with unexpected type:       
Failed to write to log, can't make directories for new logfile: mkdir /var/logs: permission denied
[33mWARN[0m[2026-08-26T03:17:38.0252+02:00] Not a valid Opa Pdp Message                  
Failed to write to log, can't make directories for new logfile: mkdir /var/logs: permission denied
[33mWARN[0m[2026-08-26T03:17:38.0254+02:00] Ignoring message with unexpected type:       
Failed to write to log, can't make directories for new logfile: mkdir /var/logs: permission denied
[33mWARN[0m[2026-08-26T03:17:38.0261+02:00] Not a valid Opa Pdp Message                  
Failed to write to log, can't make directories for new logfile: mkdir /var/logs: permission denied
[33mWARN[0m[2026-08-26T03:17:38.0266+02:00] Ignoring message with unexpected type:       
Failed to write to log, can't make directories for new logfile: mkdir /var/logs: permission denied
[33mWARN[0m[2026-08-26T03:17:38.0272+02:00] Ignoring message with unexpected type:       
Failed to write to log, can't make directories for new logfile: mkdir /var/logs: permission denied
[33mWARN[0m[2026-08-26T03:17:38.0268+02:00] Not a valid Opa Pdp Message                  
Failed to write to log, can't make directories for new logfile: mkdir /var/logs: permission denied
[33mWARN[0m[2026-08-26T03:17:38.0280+02:00] Ignoring message with unexpected type:       
Failed to write to log, can't make directories for new logfile: mkdir /var/logs: permission denied
[33mWARN[0m[2026-08-26T03:17:38.0283+02:00] Ignoring message with unexpected type:       
Failed to write to log, can't make directories for new logfile: mkdir /var/logs: permission denied
[33mWARN[0m[2026-08-26T03:17:38.0288+02:00] Ignoring message with unexpected type:       
Failed to write to log, can't make directories for new logfile: mkdir /var/logs: permission denied
[33mWARN[0m[2026-08-26T03:17:38.0292+02:00] Ignoring message with unexpected type:       
Failed to write to log, can't make directories for new logfile: mkdir /var/logs: permission denied
[33mWARN[0m[2026-08-26T03:17:38.0300+02:00] Ignoring message with unexpected type:       
Failed to write to log, can't make directories for new logfile: mkdir /var/logs: permission denied
[33mWARN[0m[2026-08-26T03:17:38.0280+02:00] Not a valid Opa Pdp Message                  
Failed to write to log, can't make directories for new logfile: mkdir /var/logs: permission denied
[33mWARN[0m[2026-08-26T03:17:38.0307+02:00] Not a valid Opa Pdp Message                  
Failed to write to log, can't make directories for new logfile: mkdir /var/logs: permission denied
[33mWARN[0m[2026-08-26T03:17:38.0309+02:00] Not a valid Opa Pdp Message                  
Failed to write to log, can't make directories for new logfile: mkdir /var/logs: permission denied
[33mWARN[0m[2026-08-26T03:17:38.0311+02:00] Not a valid Opa Pdp Message                  
Failed to write to log, can't make directories for new logfile: mkdir /var/logs: permission denied
[33mWARN[0m[2026-08-26T03:17:38.0312+02:00] Not a valid Opa Pdp Message                  
Failed to write to log, can't make directories for new logfile: mkdir /var/logs: permission denied
[33mWARN[0m[2026-08-26T03:17:38.0314+02:00] Not a valid Opa Pdp Message                  
Failed to write to log, can't make directories for new logfile: mkdir /var/logs: permission denied
[33mWARN[0m[2026-08-26T03:17:38.0316+02:00] Not a valid Opa Pdp Message                  
Failed to write to log, can't make directories for new logfile: mkdir /var/logs: permission denied
[33mWARN[0m[2026-08-26T03:17:38.0317+02:00] Not a valid Opa Pdp Message                  
Failed to write to log, can't make directories for new logfile: mkdir /var/logs: permission denied
[33mWARN[0m[2026-08-26T03:17:38.0319+02:00] Not a valid Opa Pdp Message                  
Failed to write to log, can't make directories for new logfile: mkdir /var/logs: permission denied
[33mWARN[0m[2026-08-26T03:17:38.0320+02:00] Ignoring message with unexpected type:       
Failed to write to log, can't make directories for new logfile: mkdir /var/logs: permission denied
[33mWARN[0m[2026-08-26T03:17:38.0321+02:00] Not a valid Opa Pdp Message                  
Failed to write to log, can't make directories for new logfile: mkdir /var/logs: permission denied
[33mWARN[0m[2026-08-26T03:17:38.0325+02:00] Ignoring message with unexpected type:       
Failed to write to log, can't make directories for new logfile: mkdir /var/logs: permission denied
[33mWARN[0m[2026-08-26T03:17:38.0326+02:00] Not a valid Opa Pdp Message                  
Failed to write to log, can't make directories for new logfile: mkdir /var/logs: permission denied
[33mWARN[0m[2026-08-26T03:17:38.0328+02:00] Ignoring message with unexpected type:       
Failed to write to log, can't make directories for new logfile: mkdir /var/logs: permission denied
[33mWARN[0m[2026-08-26T03:17:38.0333+02:00] Not a valid Opa Pdp Message                  
Failed to write to log, can't make directories for new logfile: mkdir /var/logs: permission denied
[33mWARN[0m[2026-08-26T03:17:38.0336+02:00] Not a valid Opa Pdp Message                  
Failed to write to log, can't make directories for new logfile: mkdir /var/logs: permission denied
[33mWARN[0m[2026-08-26T03:17:38.0333+02:00] Ignoring message with unexpected type:       
Failed to write to log, can't make directories for new logfile: mkdir /var/logs: permission denied
[33mWARN[0m[2026-08-26T03:17:38.0339+02:00] Not a valid Opa Pdp Message                  
Failed to write to log, can't make directories for new logfile: mkdir /var/logs: permission denied
[33mWARN[0m[2026-08-26T03:17:38.0341+02:00] Ignoring message with unexpected type:       
Failed to write to log, can't make directories for new logfile: mkdir /var/logs: permission denied
[33mWARN[0m[2026-08-26T03:17:38.0344+02:00] Not a valid Opa Pdp Message                  
Failed to write to log, can't make directories for new logfile: mkdir /var/logs: permission denied
[33mWARN[0m[2026-08-26T03:17:38.0347+02:00] Ignoring message with unexpected type:       
Failed to write to log, can't make directories for new logfile: mkdir /var/logs: permission denied
[33mWARN[0m[2026-08-26T03:17:38.0348+02:00] Not a valid Opa Pdp Message                  
Failed to write to log, can't make directories for new logfile: mkdir /var/logs: permission denied
[33mWARN[0m[2026-08-26T03:17:38.0349+02:00] Ignoring message with unexpected type:       
Failed to write to log, can't make directories for new logfile: mkdir /var/logs: permission denied
[33mWARN[0m[2026-08-26T03:17:38.0350+02:00] Not a valid Opa Pdp Message                  
Failed to write to log, can't make directories for new logfile: mkdir /var/logs: permission denied
[33mWARN[0m[2026-08-26T03:17:38.0356+02:00] Not a valid Opa Pdp Message                  
Failed to write to log, can't make directories for new logfile: mkdir /var/logs: permission denied
[33mWARN[0m[2026-08-26T03:17:38.0356+02:00] Ignoring message with unexpected type:       
Failed to write to log, can't make directories for new logfile: mkdir /var/logs: permission denied
[33mWARN[0m[2026-08-26T03:17:38.0358+02:00] Not a valid Opa Pdp Message                  
Failed to write to log, can't make directories for new logfile: mkdir /var/logs: permission denied
[33mWARN[0m[2026-08-26T03:17:38.0364+02:00] Ignoring message with unexpected type:       
Failed to write to log, can't make directories for new logfile: mkdir /var/logs: permission denied
[33mWARN[0m[2026-08-26T03:17:38.0364+02:00] Not a valid Opa Pdp Message                  
Failed to write to log, can't make directories for new logfile: mkdir /var/logs: permission denied
[33mWARN[0m[2026-08-26T03:17:38.0366+02:00] Ignoring message with unexpected type:       
Failed to write to log, can't make directories for new logfile: mkdir /var/logs: permission denied
[33mWARN[0m[2026-08-26T03:17:38.0370+02:00] Not a valid Opa Pdp Message                  
Failed to write to log, can't make directories for new logfile: mkdir /var/logs: permission denied
[33mWARN[0m[2026-08-26T03:17:38.0371+02:00] Ignoring message with unexpected type:       
Failed to write to log, can't make directories for new logfile: mkdir /var/logs: permission denied
[33mWARN[0m[2026-08-26T03:17:38.0374+02:00] Not a valid Opa Pdp Message                  
Failed to write to log, can't make directories for new logfile: mkdir /var/logs: permission denied
[33mWARN[0m[2026-08-26T03:17:38.0375+02:00] Ignoring message with unexpected type:       
Failed to write to log, can't make directories for new logfile: mkdir /var/logs: permission denied
[33mWARN[0m[2026-08-26T03:17:38.0376+02:00] Not a valid Opa Pdp Message                  
Failed to write to log, can't make directories for new logfile: mkdir /var/logs: permission denied
[33mWARN[0m[2026-08-26T03:17:38.0377+02:00] Ignoring message with unexpected type:       
Failed to write to log, can't make directories for new logfile: mkdir /var/logs: permission denied
[33mWARN[0m[2026-08-26T03:17:38.0379+02:00] Not a valid Opa Pdp Message                  
Failed to write to log, can't make directories for new logfile: mkdir /var/logs: permission denied
[33mWARN[0m[2026-08-26T03:17:38.0380+02:00] Ignoring message with unexpected type:       
Failed to write to log, can't make directories for new logfile: mkdir /var/logs: permission denied
[33mWARN[0m[2026-08-26T03:17:38.0380+02:00] Not a valid Opa Pdp Message                  
Failed to write to log, can't make directories for new logfile: mkdir /var/logs: permission denied
[33mWARN[0m[2026-08-26T03:17:38.0384+02:00] Ignoring message with unexpected type:       
Failed to write to log, can't make directories for new logfile: mkdir /var/logs: permission denied
[33mWARN[0m[2026-08-26T03:17:38.0387+02:00] Not a valid Opa Pdp Message                  
Failed to write to log, can't make directories for new logfile: mkdir /var/logs: permission denied
[33mWARN[0m[2026-08-26T03:17:38.0389+02:00] Ignoring message with unexpected type:       
Failed to write to log, can't make directories for new logfile: mkdir /var/logs: permission denied
[33mWARN[0m[2026-08-26T03:17:38.0392+02:00] Not a valid Opa Pdp Message                  
Failed to write to log, can't make directories for new logfile: mkdir /var/logs: permission denied
[33mWARN[0m[2026-08-26T03:17:38.0395+02:00] Ignoring message with unexpected type:       
Failed to write to log, can't make directories for new logfile: mkdir /var/logs: permission denied
[33mWARN[0m[2026-08-26T03:17:38.0397+02:00] Not a valid Opa Pdp Message                  
Failed to write to log, can't make directories for new logfile: mkdir /var/logs: permission denied
[33mWARN[0m[2026-08-26T03:17:38.0399+02:00] Ignoring message with unexpected type:       
Failed to write to log, can't make directories for new logfile: mkdir /var/logs: permission denied
[33mWARN[0m[2026-08-26T03:17:38.0401+02:00] Not a valid Opa Pdp Message                  
Failed to write to log, can't make directories for new logfile: mkdir /var/logs: permission denied
[33mWARN[0m[2026-08-26T03:17:38.0403+02:00] Not a valid Opa Pdp Message                  
Failed to write to log, can't make directories for new logfile: mkdir /var/logs: permission denied
[33mWARN[0m[2026-08-26T03:17:38.0403+02:00] Ignoring message with unexpected type:       
Failed to write to log, can't make directories for new logfile: mkdir /var/logs: permission denied
[33mWARN[0m[2026-08-26T03:17:38.0405+02:00] Not a valid Opa Pdp Message                  
Failed to write to log, can't make directories for new logfile: mkdir /var/logs: permission denied
[33mWARN[0m[2026-08-26T03:17:38.0407+02:00] Ignoring message with unexpected type:       
Failed to write to log, can't make directories for new logfile: mkdir /var/logs: permission denied
[33mWARN[0m[2026-08-26T03:17:38.0407+02:00] Not a valid Opa Pdp Message                  
Failed to write to log, can't make directories for new logfile: mkdir /var/logs: permission denied
[33mWARN[0m[2026-08-26T03:17:38.0409+02:00] Ignoring message with unexpected type:       
Failed to write to log, can't make directories for new logfile: mkdir /var/logs: permission denied
[33mWARN[0m[2026-08-26T03:17:38.0410+02:00] Not a valid Opa Pdp Message                  
Failed to write to log, can't make directories for new logfile: mkdir /var/logs: permission denied
[33mWARN[0m[2026-08-26T03:17:38.0411+02:00] Ignoring message with unexpected type:       
Failed to write to log, can't make directories for new logfile: mkdir /var/logs: permission denied
[33mWARN[0m[2026-08-26T03:17:38.0412+02:00] Not a valid Opa Pdp Message                  
Failed to write to log, can't make directories for new logfile: mkdir /var/logs: permission denied
[33mWARN[0m[2026-08-26T03:17:38.0415+02:00] Not a valid Opa Pdp Message                  
Failed to write to log, can't make directories for new logfile: mkdir /var/logs: permission denied
[33mWARN[0m[2026-08-26T03:17:38.0414+02:00] Ignoring message with unexpected type:       
Failed to write to log, can't make directories for new logfile: mkdir /var/logs: permission denied
[33mWARN[0m[2026-08-26T03:17:38.0417+02:00] Not a valid Opa Pdp Message                  
Failed to write to log, can't make directories for new logfile: mkdir /var/logs: permission denied
[33mWARN[0m[2026-08-26T03:17:38.0423+02:00] Ignoring message with unexpected type:       
Failed to write to log, can't make directories for new logfile: mkdir /var/logs: permission denied
[33mWARN[0m[2026-08-26T03:17:38.0424+02:00] Not a valid Opa Pdp Message                  
Failed to write to log, can't make directories for new logfile: mkdir /var/logs: permission denied
[33mWARN[0m[2026-08-26T03:17:38.0428+02:00] Ignoring message with unexpected type:       
Failed to write to log, can't make directories for new logfile: mkdir /var/logs: permission denied
[33mWARN[0m[2026-08-26T03:17:38.0430+02:00] Not a valid Opa Pdp Message                  
Failed to write to log, can't make directories for new logfile: mkdir /var/logs: permission denied
[33mWARN[0m[2026-08-26T03:17:38.0434+02:00] Ignoring message with unexpected type:       
Failed to write to log, can't make directories for new logfile: mkdir /var/logs: permission denied
[33mWARN[0m[2026-08-26T03:17:38.0437+02:00] Ignoring message with unexpected type:       
Failed to write to log, can't make directories for new logfile: mkdir /var/logs: permission denied
[33mWARN[0m[2026-08-26T03:17:38.0437+02:00] Not a valid Opa Pdp Message                  
Failed to write to log, can't make directories for new logfile: mkdir /var/logs: permission denied
[33mWARN[0m[2026-08-26T03:17:38.0440+02:00] Ignoring message with unexpected type:       
Failed to write to log, can't make directories for new logfile: mkdir /var/logs: permission denied
[33mWARN[0m[2026-08-26T03:17:38.0444+02:00] Ignoring message with unexpected type:       
Failed to write to log, can't make directories for new logfile: mkdir /var/logs: permission denied
[33mWARN[0m[2026-08-26T03:17:38.0445+02:00] Not a valid Opa Pdp Message                  
Failed to write to log, can't make directories for new logfile: mkdir /var/logs: permission denied
[33mWARN[0m[2026-08-26T03:17:38.0446+02:00] Ignoring message with unexpected type:       
Failed to write to log, can't make directories for new logfile: mkdir /var/logs: permission denied
[33mWARN[0m[2026-08-26T03:17:38.0448+02:00] Not a valid Opa Pdp Message                  
Failed to write to log, can't make directories for new logfile: mkdir /var/logs: permission denied
[33mWARN[0m[2026-08-26T03:17:38.0451+02:00] Ignoring message with unexpected type:       
Failed to write to log, can't make directories for new logfile: mkdir /var/logs: permission denied
[33mWARN[0m[2026-08-26T03:17:38.0453+02:00] Not a valid Opa Pdp Message                  
Failed to write to log, can't make directories for new logfile: mkdir /var/logs: permission denied
[33mWARN[0m[2026-08-26T03:17:38.0456+02:00] Ignoring message with unexpected type:       
Failed to write to log, can't make directories for new logfile: mkdir /var/logs: permission denied
[33mWARN[0m[2026-08-26T03:17:38.0457+02:00] Not a valid Opa Pdp Message                  
Failed to write to log, can't make directories for new logfile: mkdir /var/logs: permission denied
[33mWARN[0m[2026-08-26T03:17:38.0460+02:00] Ignoring message with unexpected type:       
Failed to write to log, can't make directories for new logfile: mkdir /var/logs: permission denied
[33mWARN[0m[2026-08-26T03:17:38.0460+02:00] Not a valid Opa Pdp Message                  
Failed to write to log, can't make directories for new logfile: mkdir /var/logs: permission denied
[33mWARN[0m[2026-08-26T03:17:38.0464+02:00] Not a valid Opa Pdp Message                  
Failed to write to log, can't make directories for new logfile: mkdir /var/logs: permission denied
[33mWARN[0m[2026-08-26T03:17:38.0462+02:00] Ignoring message with unexpected type:       
Failed to write to log, can't make directories for new logfile: mkdir /var/logs: permission denied
[33mWARN[0m[2026-08-26T03:17:38.0466+02:00] Not a valid Opa Pdp Message                  
Failed to write to log, can't make directories for new logfile: mkdir /var/logs: permission denied
[33mWARN[0m[2026-08-26T03:17:38.0469+02:00] Ignoring message with unexpected type:       
Failed to write to log, can't make directories for new logfile: mkdir /var/logs: permission denied
[33mWARN[0m[2026-08-26T03:17:38.0472+02:00] Not a valid Opa Pdp Message                  
Failed to write to log, can't make directories for new logfile: mkdir /var/logs: permission denied
[33mWARN[0m[2026-08-26T03:17:38.0475+02:00] Ignoring message with unexpected type:       
Failed to write to log, can't make directories for new logfile: mkdir /var/logs: permission denied
[33mWARN[0m[2026-08-26T03:17:38.0477+02:00] Not a valid Opa Pdp Message                  
Failed to write to log, can't make directories for new logfile: mkdir /var/logs: permission denied
[33mWARN[0m[2026-08-26T03:17:38.0481+02:00] Ignoring message with unexpected type:       
Failed to write to log, can't make directories for new logfile: mkdir /var/logs: permission denied
[33mWARN[0m[2026-08-26T03:17:38.0484+02:00] Ignoring message with unexpected type:       
Failed to write to log, can't make directories for new logfile: mkdir /var/logs: permission denied
[33mWARN[0m[2026-08-26T03:17:38.0481+02:00] Not a valid Opa Pdp Message                  
Failed to write to log, can't make directories for new logfile: mkdir /var/logs: permission denied
[33mWARN[0m[2026-08-26T03:17:38.0486+02:00] Ignoring message with unexpected type:       
Failed to write to log, can't make directories for new logfile: mkdir /var/logs: permission denied
[33mWARN[0m[2026-08-26T03:17:38.0488+02:00] Not a valid Opa Pdp Message                  
Failed to write to log, can't make directories for new logfile: mkdir /var/logs: permission denied
[33mWARN[0m[2026-08-26T03:17:38.0493+02:00] Ignoring message with unexpected type:       
Failed to write to log, can't make directories for new logfile: mkdir /var/logs: permission denied
[33mWARN[0m[2026-08-26T03:17:38.0493+02:00] Not a valid Opa Pdp Message                  
Failed to write to log, can't make directories for new logfile: mkdir /var/logs: permission denied
[33mWARN[0m[2026-08-26T03:17:38.0497+02:00] Ignoring message with unexpected type:       
Failed to write to log, can't make directories for new logfile: mkdir /var/logs: permission denied
[33mWARN[0m[2026-08-26T03:17:38.0500+02:00] Not a valid Opa Pdp Message                  
Failed to write to log, can't make directories for new logfile: mkdir /var/logs: permission denied
[33mWARN[0m[2026-08-26T03:17:38.0501+02:00] Ignoring message with unexpected type:       
Failed to write to log, can't make directories for new logfile: mkdir /var/logs: permission denied
[33mWARN[0m[2026-08-26T03:17:38.0503+02:00] Not a valid Opa Pdp Message                  
Failed to write to log, can't make directories for new logfile: mkdir /var/logs: permission denied
[33mWARN[0m[2026-08-26T03:17:38.0506+02:00] Not a valid Opa Pdp Message                  
Failed to write to log, can't make directories for new logfile: mkdir /var/logs: permission denied
[33mWARN[0m[2026-08-26T03:17:38.0507+02:00] Not a valid Opa Pdp Message                  
Failed to write to log, can't make directories for new logfile: mkdir /var/logs: permission denied
[33mWARN[0m[2026-08-26T03:17:38.0506+02:00] Ignoring message with unexpected type:       
Failed to write to log, can't make directories for new logfile: mkdir /var/logs: permission denied
[33mWARN[0m[2026-08-26T03:17:38.0509+02:00] Not a valid Opa Pdp Message                  
Failed to write to log, can't make directories for new logfile: mkdir /var/logs: permission denied
[33mWARN[0m[2026-08-26T03:17:38.0513+02:00] Ignoring message with unexpected type:       
Failed to write to log, can't make directories for new logfile: mkdir /var/logs: permission denied
[33mWARN[0m[2026-08-26T03:17:38.0515+02:00] Not a valid Opa Pdp Message                  
Failed to write to log, can't make directories for new logfile: mkdir /var/logs: permission denied
[33mWARN[0m[2026-08-26T03:17:38.0519+02:00] Ignoring message with unexpected type:       
Failed to write to log, can't make directories for new logfile: mkdir /var/logs: permission denied
[33mWARN[0m[2026-08-26T03:17:38.0520+02:00] Not a valid Opa Pdp Message                  
Failed to write to log, can't make directories for new logfile: mkdir /var/logs: permission denied
[33mWARN[0m[2026-08-26T03:17:38.0522+02:00] Ignoring message with unexpected type:       
Failed to write to log, can't make directories for new logfile: mkdir /var/logs: permission denied
[33mWARN[0m[2026-08-26T03:17:38.0525+02:00] Not a valid Opa Pdp Message                  
Failed to write to log, can't make directories for new logfile: mkdir /var/logs: permission denied
[33mWARN[0m[2026-08-26T03:17:38.0526+02:00] Ignoring message with unexpected type:       
Failed to write to log, can't make directories for new logfile: mkdir /var/logs: permission denied
[33mWARN[0m[2026-08-26T03:17:38.0529+02:00] Ignoring message with unexpected type:       
Failed to write to log, can't make directories for new logfile: mkdir /var/logs: permission denied
[33mWARN[0m[2026-08-26T03:17:38.0527+02:00] Not a valid Opa Pdp Message                  
Failed to write to log, can't make directories for new logfile: mkdir /var/logs: permission denied
[33mWARN[0m[2026-08-26T03:17:38.0533+02:00] Not a valid Opa Pdp Message                  
Failed to write to log, can't make directories for new logfile: mkdir /var/logs: permission denied
[33mWARN[0m[2026-08-26T03:17:38.0531+02:00] Ignoring message with unexpected type:       
Failed to write to log, can't make directories for new logfile: mkdir /var/logs: permission denied
[33mWARN[0m[2026-08-26T03:17:38.0538+02:00] Not a valid Opa Pdp Message                  
Failed to write to log, can't make directories for new logfile: mkdir /var/logs: permission denied
[33mWARN[0m[2026-08-26T03:17:38.0540+02:00] Ignoring message with unexpected type:       
Failed to write to log, can't make directories for new logfile: mkdir /var/logs: permission denied
[33mWARN[0m[2026-08-26T03:17:38.0542+02:00] Ignoring message with unexpected type:       
Failed to write to log, can't make directories for new logfile: mkdir /var/logs: permission denied
[33mWARN[0m[2026-08-26T03:17:38.0540+02:00] Not a valid Opa Pdp Message                  
Failed to write to log, can't make directories for new logfile: mkdir /var/logs: permission denied
[33mWARN[0m[2026-08-26T03:17:38.0544+02:00] Ignoring message with unexpected type:       
Failed to write to log, can't make directories for new logfile: mkdir /var/logs: permission denied
[33mWARN[0m[2026-08-26T03:17:38.0545+02:00] Not a valid Opa Pdp Message                  
Failed to write to log, can't make directories for new logfile: mkdir /var/logs: permission denied
[33mWARN[0m[2026-08-26T03:17:38.0546+02:00] Ignoring message with unexpected type:       
Failed to write to log, can't make directories for new logfile: mkdir /var/logs: permission denied
[33mWARN[0m[2026-08-26T03:17:38.0547+02:00] Not a valid Opa Pdp Message                  
Failed to write to log, can't make directories for new logfile: mkdir /var/logs: permission denied
[33mWARN[0m[2026-08-26T03:17:38.0553+02:00] Ignoring message with unexpected type:       
Failed to write to log, can't make directories for new logfile: mkdir /var/logs: permission denied
[33mWARN[0m[2026-08-26T03:17:38.0554+02:00] Not a valid Opa Pdp Message                  
Failed to write to log, can't make directories for new logfile: mkdir /var/logs: permission denied
[33mWARN[0m[2026-08-26T03:17:38.0557+02:00] Ignoring message with unexpected type:       
Failed to write to log, can't make directories for new logfile: mkdir /var/logs: permission denied
[33mWARN[0m[2026-08-26T03:17:38.0557+02:00] Not a valid Opa Pdp Message                  
Failed to write to log, can't make directories for new logfile: mkdir /var/logs: permission denied
[33mWARN[0m[2026-08-26T03:17:38.0561+02:00] Ignoring message with unexpected type:       
Failed to write to log, can't make directories for new logfile: mkdir /var/logs: permission denied
[33mWARN[0m[2026-08-26T03:17:38.0563+02:00] Not a valid Opa Pdp Message                  
Failed to write to log, can't make directories for new logfile: mkdir /var/logs: permission denied
[33mWARN[0m[2026-08-26T03:17:38.0563+02:00] Ignoring message with unexpected type:       
Failed to write to log, can't make directories for new logfile: mkdir /var/logs: permission denied
[33mWARN[0m[2026-08-26T03:17:38.0566+02:00] Not a valid Opa Pdp Message                  
Failed to write to log, can't make directories for new logfile: mkdir /var/logs: permission denied
[33mWARN[0m[2026-08-26T03:17:38.0570+02:00] Ignoring message with unexpected type:       
Failed to write to log, can't make directories for new logfile: mkdir /var/logs: permission denied
[33mWARN[0m[2026-08-26T03:17:38.0571+02:00] Not a valid Opa Pdp Message                  
Failed to write to log, can't make directories for new logfile: mkdir /var/logs: permission denied
[33mWARN[0m[2026-08-26T03:17:38.0572+02:00] Ignoring message with unexpected type:       
Failed to write to log, can't make directories for new logfile: mkdir /var/logs: permission denied
[33mWARN[0m[2026-08-26T03:17:38.0573+02:00] Not a valid Opa Pdp Message                  
Failed to write to log, can't make directories for new logfile: mkdir /var/logs: permission denied
[33mWARN[0m[2026-08-26T03:17:38.0577+02:00] Ignoring message with unexpected type:       
Failed to write to log, can't make directories for new logfile: mkdir /var/logs: permission denied
[33mWARN[0m[2026-08-26T03:17:38.0579+02:00] Not a valid Opa Pdp Message                  
Failed to write to log, can't make directories for new logfile: mkdir /var/logs: permission denied
[33mWARN[0m[2026-08-26T03:17:38.0581+02:00] Ignoring message with unexpected type:       
Failed to write to log, can't make directories for new logfile: mkdir /var/logs: permission denied
[33mWARN[0m[2026-08-26T03:17:38.0582+02:00] Not a valid Opa Pdp Message                  
Failed to write to log, can't make directories for new logfile: mkdir /var/logs: permission denied
[33mWARN[0m[2026-08-26T03:17:38.0584+02:00] Not a valid Opa Pdp Message                  
Failed to write to log, can't make directories for new logfile: mkdir /var/logs: permission denied
[33mWARN[0m[2026-08-26T03:17:38.0583+02:00] Ignoring message with unexpected type:       
Failed to write to log, can't make directories for new logfile: mkdir /var/logs: permission denied
[33mWARN[0m[2026-08-26T03:17:38.0586+02:00] Not a valid Opa Pdp Message                  
Failed to write to log, can't make directories for new logfile: mkdir /var/logs: permission denied
[33mWARN[0m[2026-08-26T03:17:38.0589+02:00] Ignoring message with unexpected type:       
Failed to write to log, can't make directories for new logfile: mkdir /var/logs: permission denied
[33mWARN[0m[2026-08-26T03:17:38.0589+02:00] Not a valid Opa Pdp Message                  
Failed to write to log, can't make directories for new logfile: mkdir /var/logs: permission denied
[33mWARN[0m[2026-08-26T03:17:38.0593+02:00] Ignoring message with unexpected type:       
Failed to write to log, can't make directories for new logfile: mkdir /var/logs: permission denied
[33mWARN[0m[2026-08-26T03:17:38.0593+02:00] Not a valid Opa Pdp Message                  
Failed to write to log, can't make directories for new logfile: mkdir /var/logs: permission denied
[33mWARN[0m[2026-08-26T03:17:38.0595+02:00] Ignoring message with unexpected type:       
Failed to write to log, can't make directories for new logfile: mkdir /var/logs: permission denied
[33mWARN[0m[2026-08-26T03:17:38.0595+02:00] Not a valid Opa Pdp Message                  
Failed to write to log, can't make directories for new logfile: mkdir /var/logs: permission denied
[33mWARN[0m[2026-08-26T03:17:38.0597+02:00] Ignoring message with unexpected type:       
Failed to write to log, can't make directories for new logfile: mkdir /var/logs: permission denied
[33mWARN[0m[2026-08-26T03:17:38.0598+02:00] Not a valid Opa Pdp Message                  
Failed to write to log, can't make directories for new logfile: mkdir /var/logs: permission denied
[33mWARN[0m[2026-08-26T03:17:38.0599+02:00] Ignoring message with unexpected type:       
Failed to write to log, can't make directories for new logfile: mkdir /var/logs: permission denied
[33mWARN[0m[2026-08-26T03:17:38.0600+02:00] Not a valid Opa Pdp Message                  
Failed to write to log, can't make directories for new logfile: mkdir /var/logs: permission denied
[33mWARN[0m[2026-08-26T03:17:38.0604+02:00] Ignoring message with unexpected type:       
Failed to write to log, can't make directories for new logfile: mkdir /var/logs: permission denied
[33mWARN[0m[2026-08-26T03:17:38.0606+02:00] Ignoring message with unexpected type:       
Failed to write to log, can't make directories for new logfile: mkdir /var/logs: permission denied
[33mWARN[0m[2026-08-26T03:17:38.0606+02:00] Not a valid Opa Pdp Message                  
Failed to write to log, can't make directories for new logfile: mkdir /var/logs: permission denied
[33mWARN[0m[2026-08-26T03:17:38.0610+02:00] Ignoring message with unexpected type:       
Failed to write to log, can't make directories for new logfile: mkdir /var/logs: permission denied
[33mWARN[0m[2026-08-26T03:17:38.0612+02:00] Not a valid Opa Pdp Message                  
Failed to write to log, can't make directories for new logfile: mkdir /var/logs: permission denied
[33mWARN[0m[2026-08-26T03:17:38.0616+02:00] Ignoring message with unexpected type:       
Failed to write to log, can't make directories for new logfile: mkdir /var/logs: permission denied
[33mWARN[0m[2026-08-26T03:17:38.0618+02:00] Not a valid Opa Pdp Message                  
Failed to write to log, can't make directories for new logfile: mkdir /var/logs: permission denied
[33mWARN[0m[2026-08-26T03:17:38.0620+02:00] Not a valid Opa Pdp Message                  
Failed to write to log, can't make directories for new logfile: mkdir /var/logs: permission denied
[33mWARN[0m[2026-08-26T03:17:38.0619+02:00] Ignoring message with unexpected type:       
Failed to write to log, can't make directories for new logfile: mkdir /var/logs: permission denied
[33mWARN[0m[2026-08-26T03:17:38.0622+02:00] Not a valid Opa Pdp Message                  
Failed to write to log, can't make directories for new logfile: mkdir /var/logs: permission denied
[33mWARN[0m[2026-08-26T03:17:38.0624+02:00] Ignoring message with unexpected type:       
Failed to write to log, can't make directories for new logfile: mkdir /var/logs: permission denied
[33mWARN[0m[2026-08-26T03:17:38.0625+02:00] Not a valid Opa Pdp Message                  
Failed to write to log, can't make directories for new logfile: mkdir /var/logs: permission denied
[33mWARN[0m[2026-08-26T03:17:38.0626+02:00] Ignoring message with unexpected type:       
Failed to write to log, can't make directories for new logfile: mkdir /var/logs: permission denied
[33mWARN[0m[2026-08-26T03:17:38.0626+02:00] Not a valid Opa Pdp Message                  
Failed to write to log, can't make directories for new logfile: mkdir /var/logs: permission denied
[33mWARN[0m[2026-08-26T03:17:38.0628+02:00] Ignoring message with unexpected type:       
Failed to write to log, can't make directories for new logfile: mkdir /var/logs: permission denied
[33mWARN[0m[2026-08-26T03:17:38.0628+02:00] Not a valid Opa Pdp Message                  
Failed to write to log, can't make directories for new logfile: mkdir /var/logs: permission denied
[33mWARN[0m[2026-08-26T03:17:38.0630+02:00] Ignoring message with unexpected type:       
Failed to write to log, can't make directories for new logfile: mkdir /var/logs: permission denied
[33mWARN[0m[2026-08-26T03:17:38.0630+02:00] Not a valid Opa Pdp Message                  
Failed to write to log, can't make directories for new logfile: mkdir /var/logs: permission denied
[33mWARN[0m[2026-08-26T03:17:38.0634+02:00] Ignoring message with unexpected type:       
Failed to write to log, can't make directories for new logfile: mkdir /var/logs: permission denied
[33mWARN[0m[2026-08-26T03:17:38.0634+02:00] Not a valid Opa Pdp Message                  
Failed to write to log, can't make directories for new logfile: mkdir /var/logs: permission denied
[33mWARN[0m[2026-08-26T03:17:38.0638+02:00] Ignoring message with unexpected type:       
Failed to write to log, can't make directories for new logfile: mkdir /var/logs: permission denied
[33mWARN[0m[2026-08-26T03:17:38.0639+02:00] Not a valid Opa Pdp Message                  
Failed to write to log, can't make directories for new logfile: mkdir /var/logs: permission denied
[33mWARN[0m[2026-08-26T03:17:38.0640+02:00] Ignoring message with unexpected type:       
Failed to write to log, can't make directories for new logfile: mkdir /var/logs: permission denied
[33mWARN[0m[2026-08-26T03:17:38.0641+02:00] Not a valid Opa Pdp Message                  
Failed to write to log, can't make directories for new logfile: mkdir /var/logs: permission denied
[33mWARN[0m[2026-08-26T03:17:38.0642+02:00] Ignoring message with unexpected type:       
Failed to write to log, can't make directories for new logfile: mkdir /var/logs: permission denied
[33mWARN[0m[2026-08-26T03:17:38.0643+02:00] Not a valid Opa Pdp Message                  
Failed to write to log, can't make directories for new logfile: mkdir /var/logs: permission denied
[33mWARN[0m[2026-08-26T03:17:38.0646+02:00] Ignoring message with unexpected type:       
Failed to write to log, can't make directories for new logfile: mkdir /var/logs: permission denied
[33mWARN[0m[2026-08-26T03:17:38.0649+02:00] Not a valid Opa Pdp Message                  
Failed to write to log, can't make directories for new logfile: mkdir /var/logs: permission denied
[33mWARN[0m[2026-08-26T03:17:38.0650+02:00] Ignoring message with unexpected type:       
Failed to write to log, can't make directories for new logfile: mkdir /var/logs: permission denied
[33mWARN[0m[2026-08-26T03:17:38.0653+02:00] Not a valid Opa Pdp Message                  
Failed to write to log, can't make directories for new logfile: mkdir /var/logs: permission denied
[33mWARN[0m[2026-08-26T03:17:38.0656+02:00] Ignoring message with unexpected type:       
Failed to write to log, can't make directories for new logfile: mkdir /var/logs: permission denied
[33mWARN[0m[2026-08-26T03:17:38.0658+02:00] Not a valid Opa Pdp Message                  
Failed to write to log, can't make directories for new logfile: mkdir /var/logs: permission denied
[33mWARN[0m[2026-08-26T03:17:38.0659+02:00] Ignoring message with unexpected type:       
Failed to write to log, can't make directories for new logfile: mkdir /var/logs: permission denied
[33mWARN[0m[2026-08-26T03:17:38.0661+02:00] Not a valid Opa Pdp Message                  
Failed to write to log, can't make directories for new logfile: mkdir /var/logs: permission denied
[33mWARN[0m[2026-08-26T03:17:38.0664+02:00] Ignoring message with unexpected type:       
Failed to write to log, can't make directories for new logfile: mkdir /var/logs: permission denied
[33mWARN[0m[2026-08-26T03:17:38.0665+02:00] Not a valid Opa Pdp Message                  
Failed to write to log, can't make directories for new logfile: mkdir /var/logs: permission denied
[33mWARN[0m[2026-08-26T03:17:38.0668+02:00] Ignoring message with unexpected type:       
Failed to write to log, can't make directories for new logfile: mkdir /var/logs: permission denied
[33mWARN[0m[2026-08-26T03:17:38.0668+02:00] Not a valid Opa Pdp Message                  
Failed to write to log, can't make directories for new logfile: mkdir /var/logs: permission denied
[33mWARN[0m[2026-08-26T03:17:38.0672+02:00] Ignoring message with unexpected type:       
Failed to write to log, can't make directories for new logfile: mkdir /var/logs: permission denied
[33mWARN[0m[2026-08-26T03:17:38.0672+02:00] Not a valid Opa Pdp Message                  
Failed to write to log, can't make directories for new logfile: mkdir /var/logs: permission denied
[33mWARN[0m[2026-08-26T03:17:38.0676+02:00] Ignoring message with unexpected type:       
Failed to write to log, can't make directories for new logfile: mkdir /var/logs: permission denied
[33mWARN[0m[2026-08-26T03:17:38.0677+02:00] Not a valid Opa Pdp Message                  
Failed to write to log, can't make directories for new logfile: mkdir /var/logs: permission denied
[33mWARN[0m[2026-08-26T03:17:38.0681+02:00] Ignoring message with unexpected type:       
Failed to write to log, can't make directories for new logfile: mkdir /var/logs: permission denied
[33mWARN[0m[2026-08-26T03:17:38.0683+02:00] Not a valid Opa Pdp Message                  
Failed to write to log, can't make directories for new logfile: mkdir /var/logs: permission denied
[33mWARN[0m[2026-08-26T03:17:38.0685+02:00] Ignoring message with unexpected type:       
Failed to write to log, can't make directories for new logfile: mkdir /var/logs: permission denied
[33mWARN[0m[2026-08-26T03:17:38.0687+02:00] Not a valid Opa Pdp Message                  
Failed to write to log, can't make directories for new logfile: mkdir /var/logs: permission denied
[33mWARN[0m[2026-08-26T03:17:38.0691+02:00] Ignoring message with unexpected type:       
Failed to write to log, can't make directories for new logfile: mkdir /var/logs: permission denied
[33mWARN[0m[2026-08-26T03:17:38.0694+02:00] Not a valid Opa Pdp Message                  
Failed to write to log, can't make directories for new logfile: mkdir /var/logs: permission denied
[33mWARN[0m[2026-08-26T03:17:38.0695+02:00] Ignoring message with unexpected type:       
Failed to write to log, can't make directories for new logfile: mkdir /var/logs: permission denied
[33mWARN[0m[2026-08-26T03:17:38.0698+02:00] Not a valid Opa Pdp Message                  
Failed to write to log, can't make directories for new logfile: mkdir /var/logs: permission denied
[33mWARN[0m[2026-08-26T03:17:38.0701+02:00] Ignoring message with unexpected type:       
Failed to write to log, can't make directories for new logfile: mkdir /var/logs: permission denied
[33mWARN[0m[2026-08-26T03:17:38.0704+02:00] Not a valid Opa Pdp Message                  
Failed to write to log, can't make directories for new logfile: mkdir /var/logs: permission denied
[33mWARN[0m[2026-08-26T03:17:38.0706+02:00] Ignoring message with unexpected type:       
Failed to write to log, can't make directories for new logfile: mkdir /var/logs: permission denied
[33mWARN[0m[2026-08-26T03:17:38.0707+02:00] Not a valid Opa Pdp Message                  
Failed to write to log, can't make directories for new logfile: mkdir /var/logs: permission denied
[33mWARN[0m[2026-08-26T03:17:38.0708+02:00] Ignoring message with unexpected type:       
Failed to write to log, can't make directories for new logfile: mkdir /var/logs: permission denied
[33mWARN[0m[2026-08-26T03:17:38.0709+02:00] Not a valid Opa Pdp Message                  
Failed to write to log, can't make directories for new logfile: mkdir /var/logs: permission denied
[33mWARN[0m[2026-08-26T03:17:38.0710+02:00] Ignoring message with unexpected type:       
Failed to write to log, can't make directories for new logfile: mkdir /var/logs: permission denied
[33mWARN[0m[2026-08-26T03:17:38.0713+02:00] Ignoring message with unexpected type:       
Failed to write to log, can't make directories for new logfile: mkdir /var/logs: permission denied
[33mWARN[0m[2026-08-26T03:17:38.0711+02:00] Not a valid Opa Pdp Message                  
Failed to write to log, can't make directories for new logfile: mkdir /var/logs: permission denied
[33mWARN[0m[2026-08-26T03:17:38.0715+02:00] Ignoring message with unexpected type:       
Failed to write to log, can't make directories for new logfile: mkdir /var/logs: permission denied
[33mWARN[0m[2026-08-26T03:17:38.0715+02:00] Not a valid Opa Pdp Message                  
Failed to write to log, can't make directories for new logfile: mkdir /var/logs: permission denied
[33mWARN[0m[2026-08-26T03:17:38.0720+02:00] Not a valid Opa Pdp Message                  
Failed to write to log, can't make directories for new logfile: mkdir /var/logs: permission denied
[33mWARN[0m[2026-08-26T03:17:38.0717+02:00] Ignoring message with unexpected type:       
Failed to write to log, can't make directories for new logfile: mkdir /var/logs: permission denied
[33mWARN[0m[2026-08-26T03:17:38.0724+02:00] Not a valid Opa Pdp Message                  
Failed to write to log, can't make directories for new logfile: mkdir /var/logs: permission denied
[33mWARN[0m[2026-08-26T03:17:38.0725+02:00] Ignoring message with unexpected type:       
Failed to write to log, can't make directories for new logfile: mkdir /var/logs: permission denied
[33mWARN[0m[2026-08-26T03:17:38.0729+02:00] Not a valid Opa Pdp Message                  
Failed to write to log, can't make directories for new logfile: mkdir /var/logs: permission denied
[33mWARN[0m[2026-08-26T03:17:38.0733+02:00] Not a valid Opa Pdp Message                  
Failed to write to log, can't make directories for new logfile: mkdir /var/logs: permission denied
[33mWARN[0m[2026-08-26T03:17:38.0730+02:00] Ignoring message with unexpected type:       
Failed to write to log, can't make directories for new logfile: mkdir /var/logs: permission denied
[33mWARN[0m[2026-08-26T03:17:38.0739+02:00] Not a valid Opa Pdp Message                  
Failed to write to log, can't make directories for new logfile: mkdir /var/logs: permission denied
[33mWARN[0m[2026-08-26T03:17:38.0740+02:00] Ignoring message with unexpected type:       
Failed to write to log, can't make directories for new logfile: mkdir /var/logs: permission denied
[33mWARN[0m[2026-08-26T03:17:38.0743+02:00] Not a valid Opa Pdp Message                  
Failed to write to log, can't make directories for new logfile: mkdir /var/logs: permission denied
[33mWARN[0m[2026-08-26T03:17:38.0746+02:00] Ignoring message with unexpected type:       
Failed to write to log, can't make directories for new logfile: mkdir /var/logs: permission denied
[33mWARN[0m[2026-08-26T03:17:38.0748+02:00] Not a valid Opa Pdp Message                  
Failed to write to log, can't make directories for new logfile: mkdir /var/logs: permission denied
[33mWARN[0m[2026-08-26T03:17:38.0753+02:00] Ignoring message with unexpected type:       
Failed to write to log, can't make directories for new logfile: mkdir /var/logs: permission denied
[33mWARN[0m[2026-08-26T03:17:38.0756+02:00] Not a valid Opa Pdp Message                  
Failed to write to log, can't make directories for new logfile: mkdir /var/logs: permission denied
[33mWARN[0m[2026-08-26T03:17:38.0758+02:00] Not a valid Opa Pdp Message                  
Failed to write to log, can't make directories for new logfile: mkdir /var/logs: permission denied
[33mWARN[0m[2026-08-26T03:17:38.0756+02:00] Ignoring message with unexpected type:       
Failed to write to log, can't make directories for new logfile: mkdir /var/logs: permission denied
[33mWARN[0m[2026-08-26T03:17:38.0760+02:00] Not a valid Opa Pdp Message                  
Failed to write to log, can't make directories for new logfile: mkdir /var/logs: permission denied
[33mWARN[0m[2026-08-26T03:17:38.0761+02:00] Ignoring message with unexpected type:       
Failed to write to log, can't make directories for new logfile: mkdir /var/logs: permission denied
[33mWARN[0m[2026-08-26T03:17:38.0763+02:00] Not a valid Opa Pdp Message                  
Failed to write to log, can't make directories for new logfile: mkdir /var/logs: permission denied
[33mWARN[0m[2026-08-26T03:17:38.0766+02:00] Not a valid Opa Pdp Message                  
Failed to write to log, can't make directories for new logfile: mkdir /var/logs: permission denied
[33mWARN[0m[2026-08-26T03:17:38.0764+02:00] Ignoring message with unexpected type:       
Failed to write to log, can't make directories for new logfile: mkdir /var/logs: permission denied
[33mWARN[0m[2026-08-26T03:17:38.0770+02:00] Not a valid Opa Pdp Message                  
Failed to write to log, can't make directories for new logfile: mkdir /var/logs: permission denied
[33mWARN[0m[2026-08-26T03:17:38.0771+02:00] Ignoring message with unexpected type:       
Failed to write to log, can't make directories for new logfile: mkdir /var/logs: permission denied
[33mWARN[0m[2026-08-26T03:17:38.0773+02:00] Not a valid Opa Pdp Message                  
Failed to write to log, can't make directories for new logfile: mkdir /var/logs: permission denied
[33mWARN[0m[2026-08-26T03:17:38.0776+02:00] Ignoring message with unexpected type:       
Failed to write to log, can't make directories for new logfile: mkdir /var/logs: permission denied
[33mWARN[0m[2026-08-26T03:17:38.0777+02:00] Not a valid Opa Pdp Message                  
Failed to write to log, can't make directories for new logfile: mkdir /var/logs: permission denied
[33mWARN[0m[2026-08-26T03:17:38.0778+02:00] Ignoring message with unexpected type:       
Failed to write to log, can't make directories for new logfile: mkdir /var/logs: permission denied
[33mWARN[0m[2026-08-26T03:17:38.0779+02:00] Not a valid Opa Pdp Message                  
Failed to write to log, can't make directories for new logfile: mkdir /var/logs: permission denied
[33mWARN[0m[2026-08-26T03:17:38.0781+02:00] Ignoring message with unexpected type:       
Failed to write to log, can't make directories for new logfile: mkdir /var/logs: permission denied
[33mWARN[0m[2026-08-26T03:17:38.0781+02:00] Not a valid Opa Pdp Message                  
Failed to write to log, can't make directories for new logfile: mkdir /var/logs: permission denied
[33mWARN[0m[2026-08-26T03:17:38.0783+02:00] Ignoring message with unexpected type:       
Failed to write to log, can't make directories for new logfile: mkdir /var/logs: permission denied
[33mWARN[0m[2026-08-26T03:17:38.0784+02:00] Not a valid Opa Pdp Message                  
Failed to write to log, can't make directories for new logfile: mkdir /var/logs: permission denied
[33mWARN[0m[2026-08-26T03:17:38.0786+02:00] Ignoring message with unexpected type:       
Failed to write to log, can't make directories for new logfile: mkdir /var/logs: permission denied
[33mWARN[0m[2026-08-26T03:17:38.0794+02:00] Not a valid Opa Pdp Message                  
Failed to write to log, can't make directories for new logfile: mkdir /var/logs: permission denied
[33mWARN[0m[2026-08-26T03:17:38.0798+02:00] Ignoring message with unexpected type:       
Failed to write to log, can't make directories for new logfile: mkdir /var/logs: permission denied
[33mWARN[0m[2026-08-26T03:17:38.0803+02:00] Not a valid Opa Pdp Message                  
Failed to write to log, can't make directories for new logfile: mkdir /var/logs: permission denied
[33mWARN[0m[2026-08-26T03:17:38.0804+02:00] Ignoring message with unexpected type:       
Failed to write to log, can't make directories for new logfile: mkdir /var/logs: permission denied
[33mWARN[0m[2026-08-26T03:17:38.0811+02:00] Ignoring message with unexpected type:       
Failed to write to log, can't make directories for new logfile: mkdir /var/logs: permission denied
[33mWARN[0m[2026-08-26T03:17:38.0807+02:00] Not a valid Opa Pdp Message                  
Failed to write to log, can't make directories for new logfile: mkdir /var/logs: permission denied
[33mWARN[0m[2026-08-26T03:17:38.0816+02:00] Ignoring message with unexpected type:       
Failed to write to log, can't make directories for new logfile: mkdir /var/logs: permission denied
[33mWARN[0m[2026-08-26T03:17:38.0818+02:00] Ignoring message with unexpected type:       
Failed to write to log, can't make directories for new logfile: mkdir /var/logs: permission denied
[33mWARN[0m[2026-08-26T03:17:38.0817+02:00] Not a valid Opa Pdp Message                  
Failed to write to log, can't make directories for new logfile: mkdir /var/logs: permission denied
[33mWARN[0m[2026-08-26T03:17:38.0823+02:00] Not a valid Opa Pdp Message                  
Failed to write to log, can't make directories for new logfile: mkdir /var/logs: permission denied
[33mWARN[0m[2026-08-26T03:17:38.0821+02:00] Ignoring message with unexpected type:       
Failed to write to log, can't make directories for new logfile: mkdir /var/logs: permission denied
[33mWARN[0m[2026-08-26T03:17:38.0831+02:00] Ignoring message with unexpected type:       
Failed to write to log, can't make directories for new logfile: mkdir /var/logs: permission denied
[33mWARN[0m[2026-08-26T03:17:38.0831+02:00] Not a valid Opa Pdp Message                  
Failed to write to log, can't make directories for new logfile: mkdir /var/logs: permission denied
[33mWARN[0m[2026-08-26T03:17:38.0835+02:00] Ignoring message with unexpected type:       
Failed to write to log, can't make directories for new logfile: mkdir /var/logs: permission denied
[33mWARN[0m[2026-08-26T03:17:38.0838+02:00] Not a valid Opa Pdp Message                  
Failed to write to log, can't make directories for new logfile: mkdir /var/logs: permission denied
[33mWARN[0m[2026-08-26T03:17:38.0842+02:00] Ignoring message with unexpected type:       
Failed to write to log, can't make directories for new logfile: mkdir /var/logs: permission denied
[33mWARN[0m[2026-08-26T03:17:38.0843+02:00] Not a valid Opa Pdp Message                  
Failed to write to log, can't make directories for new logfile: mkdir /var/logs: permission denied
[33mWARN[0m[2026-08-26T03:17:38.0845+02:00] Not a valid Opa Pdp Message                  
Failed to write to log, can't make directories for new logfile: mkdir /var/logs: permission denied
[33mWARN[0m[2026-08-26T03:17:38.0848+02:00] Not a valid Opa Pdp Message                  
Failed to write to log, can't make directories for new logfile: mkdir /var/logs: permission denied
[33mWARN[0m[2026-08-26T03:17:38.0852+02:00] Not a valid Opa Pdp Message                  
Failed to write to log, can't make directories for new logfile: mkdir /var/logs: permission denied
[33mWARN[0m[2026-08-26T03:17:38.0855+02:00] Not a valid Opa Pdp Message                  
Failed to write to log, can't make directories for new logfile: mkdir /var/logs: permission denied
[33mWARN[0m[2026-08-26T03:17:38.0845+02:00] Ignoring message with unexpected type:       
Failed to write to log, can't make directories for new logfile: mkdir /var/logs: permission denied
[33mWARN[0m[2026-08-26T03:17:38.0883+02:00] Not a valid Opa Pdp Message                  
Failed to write to log, can't make directories for new logfile: mkdir /var/logs: permission denied
[33mWARN[0m[2026-08-26T03:17:38.0886+02:00] Not a valid Opa Pdp Message                  
Failed to write to log, can't make directories for new logfile: mkdir /var/logs: permission denied
[33mWARN[0m[2026-08-26T03:17:38.0887+02:00] Not a valid Opa Pdp Message                  
Failed to write to log, can't make directories for new logfile: mkdir /var/logs: permission denied
[33mWARN[0m[2026-08-26T03:17:38.0889+02:00] Not a valid Opa Pdp Message                  
Failed to write to log, can't make directories for new logfile: mkdir /var/logs: permission denied
[33mWARN[0m[2026-08-26T03:17:38.0891+02:00] Not a valid Opa Pdp Message                  
Failed to write to log, can't make directories for new logfile: mkdir /var/logs: permission denied
[33mWARN[0m[2026-08-26T03:17:38.0893+02:00] Not a valid Opa Pdp Message                  
Failed to write to log, can't make directories for new logfile: mkdir /var/logs: permission denied
[33mWARN[0m[2026-08-26T03:17:38.0894+02:00] Not a valid Opa Pdp Message                  
Failed to write to log, can't make directories for new logfile: mkdir /var/logs: permission denied
[33mWARN[0m[2026-08-26T03:17:38.0895+02:00] Ignoring message with unexpected type:       
Failed to write to log, can't make directories for new logfile: mkdir /var/logs: permission denied
[33mWARN[0m[2026-08-26T03:17:38.0898+02:00] Ignoring message with unexpected type:       
Failed to write to log, can't make directories for new logfile: mkdir /var/logs: permission denied
[33mWARN[0m[2026-08-26T03:17:38.0896+02:00] Not a valid Opa Pdp Message                  
Failed to write to log, can't make directories for new logfile: mkdir /var/logs: permission denied
[33mWARN[0m[2026-08-26T03:17:38.0901+02:00] Ignoring message with unexpected type:       
Failed to write to log, can't make directories for new logfile: mkdir /var/logs: permission denied
[33mWARN[0m[2026-08-26T03:17:38.0901+02:00] Not a valid Opa Pdp Message                  
Failed to write to log, can't make directories for new logfile: mkdir /var/logs: permission denied
[33mWARN[0m[2026-08-26T03:17:38.0905+02:00] Not a valid Opa Pdp Message                  
Failed to write to log, can't make directories for new logfile: mkdir /var/logs: permission denied
[33mWARN[0m[2026-08-26T03:17:38.0906+02:00] Not a valid Opa Pdp Message                  
Failed to write to log, can't make directories for new logfile: mkdir /var/logs: permission denied
[33mWARN[0m[2026-08-26T03:17:38.0903+02:00] Ignoring message with unexpected type:       
Failed to write to log, can't make directories for new logfile: mkdir /var/logs: permission denied
[33mWARN[0m[2026-08-26T03:17:38.0909+02:00] Not a valid Opa Pdp Message                  
Failed to write to log, can't make directories for new logfile: mkdir /var/logs: permission denied
[33mWARN[0m[2026-08-26T03:17:38.0911+02:00] Ignoring message with unexpected type:       
Failed to write to log, can't make directories for new logfile: mkdir /var/logs: permission denied
[33mWARN[0m[2026-08-26T03:17:38.0912+02:00] Not a valid Opa Pdp Message                  
Failed to write to log, can't make directories for new logfile: mkdir /var/logs: permission denied
[33mWARN[0m[2026-08-26T03:17:38.0916+02:00] Not a valid Opa Pdp Message                  
Failed to write to log, can't make directories for new logfile: mkdir /var/logs: permission denied
[33mWARN[0m[2026-08-26T03:17:38.0917+02:00] Ignoring message with unexpected type:       
Failed to write to log, can't make directories for new logfile: mkdir /var/logs: permission denied
[33mWARN[0m[2026-08-26T03:17:38.0921+02:00] Not a valid Opa Pdp Message                  
Failed to write to log, can't make directories for new logfile: mkdir /var/logs: permission denied
[33mWARN[0m[2026-08-26T03:17:38.0922+02:00] Ignoring message with unexpected type:       
Failed to write to log, can't make directories for new logfile: mkdir /var/logs: permission denied
[33mWARN[0m[2026-08-26T03:17:38.0925+02:00] Not a valid Opa Pdp Message                  
Failed to write to log, can't make directories for new logfile: mkdir /var/logs: permission denied
[33mWARN[0m[2026-08-26T03:17:38.0927+02:00] Ignoring message with unexpected type:       
Failed to write to log, can't make directories for new logfile: mkdir /var/logs: permission denied
[33mWARN[0m[2026-08-26T03:17:38.0930+02:00] Not a valid Opa Pdp Message                  
Failed to write to log, can't make directories for new logfile: mkdir /var/logs: permission denied
[33mWARN[0m[2026-08-26T03:17:38.0932+02:00] Ignoring message with unexpected type:       
Failed to write to log, can't make directories for new logfile: mkdir /var/logs: permission denied
[33mWARN[0m[2026-08-26T03:17:38.0935+02:00] Not a valid Opa Pdp Message                  
Failed to write to log, can't make directories for new logfile: mkdir /var/logs: permission denied
[33mWARN[0m[2026-08-26T03:17:38.0938+02:00] Ignoring message with unexpected type:       
Failed to write to log, can't make directories for new logfile: mkdir /var/logs: permission denied
[33mWARN[0m[2026-08-26T03:17:38.0939+02:00] Not a valid Opa Pdp Message                  
Failed to write to log, can't make directories for new logfile: mkdir /var/logs: permission denied
[33mWARN[0m[2026-08-26T03:17:38.0941+02:00] Ignoring message with unexpected type:       
Failed to write to log, can't make directories for new logfile: mkdir /var/logs: permission denied
[33mWARN[0m[2026-08-26T03:17:38.0944+02:00] Not a valid Opa Pdp Message                  
Failed to write to log, can't make directories for new logfile: mkdir /var/logs: permission denied
[33mWARN[0m[2026-08-26T03:17:38.0946+02:00] Ignoring message with unexpected type:       
Failed to write to log, can't make directories for new logfile: mkdir /var/logs: permission denied
[33mWARN[0m[2026-08-26T03:17:38.0951+02:00] Not a valid Opa Pdp Message                  
Failed to write to log, can't make directories for new logfile: mkdir /var/logs: permission denied
[33mWARN[0m[2026-08-26T03:17:38.0953+02:00] Ignoring message with unexpected type:       
Failed to write to log, can't make directories for new logfile: mkdir /var/logs: permission denied
[33mWARN[0m[2026-08-26T03:17:38.0955+02:00] Ignoring message with unexpected type:       
Failed to write to log, can't make directories for new logfile: mkdir /var/logs: permission denied
[33mWARN[0m[2026-08-26T03:17:38.0953+02:00] Not a valid Opa Pdp Message                  
Failed to write to log, can't make directories for new logfile: mkdir /var/logs: permission denied
[33mWARN[0m[2026-08-26T03:17:38.0957+02:00] Ignoring message with unexpected type:       
Failed to write to log, can't make directories for new logfile: mkdir /var/logs: permission denied
[33mWARN[0m[2026-08-26T03:17:38.0958+02:00] Not a valid Opa Pdp Message                  
Failed to write to log, can't make directories for new logfile: mkdir /var/logs: permission denied
[33mWARN[0m[2026-08-26T03:17:38.0960+02:00] Ignoring message with unexpected type:       
Failed to write to log, can't make directories for new logfile: mkdir /var/logs: permission denied
[33mWARN[0m[2026-08-26T03:17:38.0960+02:00] Not a valid Opa Pdp Message                  
Failed to write to log, can't make directories for new logfile: mkdir /var/logs: permission denied
[33mWARN[0m[2026-08-26T03:17:38.0962+02:00] Ignoring message with unexpected type:       
Failed to write to log, can't make directories for new logfile: mkdir /var/logs: permission denied
[33mWARN[0m[2026-08-26T03:17:38.0964+02:00] Ignoring message with unexpected type:       
Failed to write to log, can't make directories for new logfile: mkdir /var/logs: permission denied
[33mWARN[0m[2026-08-26T03:17:38.0962+02:00] Not a valid Opa Pdp Message                  
Failed to write to log, can't make directories for new logfile: mkdir /var/logs: permission denied
[33mWARN[0m[2026-08-26T03:17:38.0969+02:00] Not a valid Opa Pdp Message                  
Failed to write to log, can't make directories for new logfile: mkdir /var/logs: permission denied
[33mWARN[0m[2026-08-26T03:17:38.0966+02:00] Ignoring message with unexpected type:       
Failed to write to log, can't make directories for new logfile: mkdir /var/logs: permission denied
[33mWARN[0m[2026-08-26T03:17:38.0974+02:00] Not a valid Opa Pdp Message                  
Failed to write to log, can't make directories for new logfile: mkdir /var/logs: permission denied
[33mWARN[0m[2026-08-26T03:17:38.0975+02:00] Ignoring message with unexpected type:       
Failed to write to log, can't make directories for new logfile: mkdir /var/logs: permission denied
[33mWARN[0m[2026-08-26T03:17:38.0978+02:00] Not a valid Opa Pdp Message                  
Failed to write to log, can't make directories for new logfile: mkdir /var/logs: permission denied
[33mWARN[0m[2026-08-26T03:17:38.0980+02:00] Ignoring message with unexpected type:       
Failed to write to log, can't make directories for new logfile: mkdir /var/logs: permission denied
[33mWARN[0m[2026-08-26T03:17:38.0981+02:00] Not a valid Opa Pdp Message                  
Failed to write to log, can't make directories for new logfile: mkdir /var/logs: permission denied
[33mWARN[0m[2026-08-26T03:17:38.0984+02:00] Ignoring message with unexpected type:       
Failed to write to log, can't make directories for new logfile: mkdir /var/logs: permission denied
[33mWARN[0m[2026-08-26T03:17:38.0986+02:00] Not a valid Opa Pdp Message                  
Failed to write to log, can't make directories for new logfile: mkdir /var/logs: permission denied
[33mWARN[0m[2026-08-26T03:17:38.0986+02:00] Ignoring message with unexpected type:       
Failed to write to log, can't make directories for new logfile: mkdir /var/logs: permission denied
[33mWARN[0m[2026-08-26T03:17:38.0988+02:00] Not a valid Opa Pdp Message                  
Failed to write to log, can't make directories for new logfile: mkdir /var/logs: permission denied
[33mWARN[0m[2026-08-26T03:17:38.0993+02:00] Ignoring message with unexpected type:       
Failed to write to log, can't make directories for new logfile: mkdir /var/logs: permission denied
[33mWARN[0m[2026-08-26T03:17:38.0994+02:00] Not a valid Opa Pdp Message                  
Failed to write to log, can't make directories for new logfile: mkdir /var/logs: permission denied
[33mWARN[0m[2026-08-26T03:17:38.0999+02:00] Ignoring message with unexpected type:       
Failed to write to log, can't make directories for new logfile: mkdir /var/logs: permission denied
[33mWARN[0m[2026-08-26T03:17:38.1001+02:00] Not a valid Opa Pdp Message                  
Failed to write to log, can't make directories for new logfile: mkdir /var/logs: permission denied
[33mWARN[0m[2026-08-26T03:17:38.1005+02:00] Not a valid Opa Pdp Message                  
Failed to write to log, can't make directories for new logfile: mkdir /var/logs: permission denied
[33mWARN[0m[2026-08-26T03:17:38.1003+02:00] Ignoring message with unexpected type:       
Failed to write to log, can't make directories for new logfile: mkdir /var/logs: permission denied
[33mWARN[0m[2026-08-26T03:17:38.1008+02:00] Not a valid Opa Pdp Message                  
Failed to write to log, can't make directories for new logfile: mkdir /var/logs: permission denied
[33mWARN[0m[2026-08-26T03:17:38.1012+02:00] Ignoring message with unexpected type:       
Failed to write to log, can't make directories for new logfile: mkdir /var/logs: permission denied
[33mWARN[0m[2026-08-26T03:17:38.1012+02:00] Not a valid Opa Pdp Message                  
Failed to write to log, can't make directories for new logfile: mkdir /var/logs: permission denied
[33mWARN[0m[2026-08-26T03:17:38.1015+02:00] Ignoring message with unexpected type:       
Failed to write to log, can't make directories for new logfile: mkdir /var/logs: permission denied
[33mWARN[0m[2026-08-26T03:17:38.1016+02:00] Not a valid Opa Pdp Message                  
Failed to write to log, can't make directories for new logfile: mkdir /var/logs: permission denied
[33mWARN[0m[2026-08-26T03:17:38.1019+02:00] Ignoring message with unexpected type:       
Failed to write to log, can't make directories for new logfile: mkdir /var/logs: permission denied
[33mWARN[0m[2026-08-26T03:17:38.1019+02:00] Not a valid Opa Pdp Message                  
Failed to write to log, can't make directories for new logfile: mkdir /var/logs: permission denied
[33mWARN[0m[2026-08-26T03:17:38.1022+02:00] Ignoring message with unexpected type:       
Failed to write to log, can't make directories for new logfile: mkdir /var/logs: permission denied
[33mWARN[0m[2026-08-26T03:17:38.1023+02:00] Not a valid Opa Pdp Message                  
Failed to write to log, can't make directories for new logfile: mkdir /var/logs: permission denied
[33mWARN[0m[2026-08-26T03:17:38.1030+02:00] Ignoring message with unexpected type:       
Failed to write to log, can't make directories for new logfile: mkdir /var/logs: permission denied
[33mWARN[0m[2026-08-26T03:17:38.1030+02:00] Not a valid Opa Pdp Message                  
Failed to write to log, can't make directories for new logfile: mkdir /var/logs: permission denied
[33mWARN[0m[2026-08-26T03:17:38.1035+02:00] Ignoring message with unexpected type:       
Failed to write to log, can't make directories for new logfile: mkdir /var/logs: permission denied
[33mWARN[0m[2026-08-26T03:17:38.1035+02:00] Not a valid Opa Pdp Message                  
Failed to write to log, can't make directories for new logfile: mkdir /var/logs: permission denied
[33mWARN[0m[2026-08-26T03:17:38.1041+02:00] Not a valid Opa Pdp Message                  
Failed to write to log, can't make directories for new logfile: mkdir /var/logs: permission denied
[33mWARN[0m[2026-08-26T03:17:38.1043+02:00] Not a valid Opa Pdp Message                  
Failed to write to log, can't make directories for new logfile: mkdir /var/logs: permission denied
[33mWARN[0m[2026-08-26T03:17:38.1047+02:00] Not a valid Opa Pdp Message                  
Failed to write to log, can't make directories for new logfile: mkdir /var/logs: permission denied
[33mWARN[0m[2026-08-26T03:17:38.1041+02:00] Ignoring message with unexpected type:       
Failed to write to log, can't make directories for new logfile: mkdir /var/logs: permission denied
[33mWARN[0m[2026-08-26T03:17:38.1053+02:00] Not a valid Opa Pdp Message                  
Failed to write to log, can't make directories for new logfile: mkdir /var/logs: permission denied
[33mWARN[0m[2026-08-26T03:17:38.1056+02:00] Not a valid Opa Pdp Message                  
Failed to write to log, can't make directories for new logfile: mkdir /var/logs: permission denied
[33mWARN[0m[2026-08-26T03:17:38.1054+02:00] Ignoring message with unexpected type:       
Failed to write to log, can't make directories for new logfile: mkdir /var/logs: permission denied
[33mWARN[0m[2026-08-26T03:17:38.1061+02:00] Not a valid Opa Pdp Message                  
Failed to write to log, can't make directories for new logfile: mkdir /var/logs: permission denied
[33mWARN[0m[2026-08-26T03:17:38.1062+02:00] Ignoring message with unexpected type:       
Failed to write to log, can't make directories for new logfile: mkdir /var/logs: permission denied
[33mWARN[0m[2026-08-26T03:17:38.1065+02:00] Not a valid Opa Pdp Message                  
Failed to write to log, can't make directories for new logfile: mkdir /var/logs: permission denied
[33mWARN[0m[2026-08-26T03:17:38.1067+02:00] Ignoring message with unexpected type:       
Failed to write to log, can't make directories for new logfile: mkdir /var/logs: permission denied
[33mWARN[0m[2026-08-26T03:17:38.1072+02:00] Not a valid Opa Pdp Message                  
Failed to write to log, can't make directories for new logfile: mkdir /var/logs: permission denied
[33mWARN[0m[2026-08-26T03:17:38.1074+02:00] Not a valid Opa Pdp Message                  
Failed to write to log, can't make directories for new logfile: mkdir /var/logs: permission denied
[33mWARN[0m[2026-08-26T03:17:38.1073+02:00] Ignoring message with unexpected type:       
Failed to write to log, can't make directories for new logfile: mkdir /var/logs: permission denied
[33mWARN[0m[2026-08-26T03:17:38.1076+02:00] Not a valid Opa Pdp Message                  
Failed to write to log, can't make directories for new logfile: mkdir /var/logs: permission denied
[33mWARN[0m[2026-08-26T03:17:38.1081+02:00] Ignoring message with unexpected type:       
Failed to write to log, can't make directories for new logfile: mkdir /var/logs: permission denied
[33mWARN[0m[2026-08-26T03:17:38.1081+02:00] Not a valid Opa Pdp Message                  
Failed to write to log, can't make directories for new logfile: mkdir /var/logs: permission denied
[33mWARN[0m[2026-08-26T03:17:38.1087+02:00] Not a valid Opa Pdp Message                  
Failed to write to log, can't make directories for new logfile: mkdir /var/logs: permission denied
[33mWARN[0m[2026-08-26T03:17:38.1089+02:00] Not a valid Opa Pdp Message                  
Failed to write to log, can't make directories for new logfile: mkdir /var/logs: permission denied
[33mWARN[0m[2026-08-26T03:17:38.1089+02:00] Ignoring message with unexpected type:       
Failed to write to log, can't make directories for new logfile: mkdir /var/logs: permission denied
[33mWARN[0m[2026-08-26T03:17:38.1091+02:00] Not a valid Opa Pdp Message                  
Failed to write to log, can't make directories for new logfile: mkdir /var/logs: permission denied
[33mWARN[0m[2026-08-26T03:17:38.1097+02:00] Not a valid Opa Pdp Message                  
Failed to write to log, can't make directories for new logfile: mkdir /var/logs: permission denied
[33mWARN[0m[2026-08-26T03:17:38.1095+02:00] Ignoring message with unexpected type:       
Failed to write to log, can't make directories for new logfile: mkdir /var/logs: permission denied
[33mWARN[0m[2026-08-26T03:17:38.1100+02:00] Not a valid Opa Pdp Message                  
Failed to write to log, can't make directories for new logfile: mkdir /var/logs: permission denied
[33mWARN[0m[2026-08-26T03:17:38.1104+02:00] Ignoring message with unexpected type:       
Failed to write to log, can't make directories for new logfile: mkdir /var/logs: permission denied
[33mWARN[0m[2026-08-26T03:17:38.1106+02:00] Not a valid Opa Pdp Message                  
Failed to write to log, can't make directories for new logfile: mkdir /var/logs: permission denied
[33mWARN[0m[2026-08-26T03:17:38.1109+02:00] Not a valid Opa Pdp Message                  
Failed to write to log, can't make directories for new logfile: mkdir /var/logs: permission denied
[33mWARN[0m[2026-08-26T03:17:38.1107+02:00] Ignoring message with unexpected type:       
Failed to write to log, can't make directories for new logfile: mkdir /var/logs: permission denied
[33mWARN[0m[2026-08-26T03:17:38.1112+02:00] Not a valid Opa Pdp Message                  
Failed to write to log, can't make directories for new logfile: mkdir /var/logs: permission denied
[33mWARN[0m[2026-08-26T03:17:38.1116+02:00] Not a valid Opa Pdp Message                  
Failed to write to log, can't make directories for new logfile: mkdir /var/logs: permission denied
[33mWARN[0m[2026-08-26T03:17:38.1118+02:00] Not a valid Opa Pdp Message                  
Failed to write to log, can't make directories for new logfile: mkdir /var/logs: permission denied
[33mWARN[0m[2026-08-26T03:17:38.1115+02:00] Ignoring message with unexpected type:       
Failed to write to log, can't make directories for new logfile: mkdir /var/logs: permission denied
[33mWARN[0m[2026-08-26T03:17:38.1120+02:00] Not a valid Opa Pdp Message                  
Failed to write to log, can't make directories for new logfile: mkdir /var/logs: permission denied
[33mWARN[0m[2026-08-26T03:17:38.1124+02:00] Ignoring message with unexpected type:       
Failed to write to log, can't make directories for new logfile: mkdir /var/logs: permission denied
[33mWARN[0m[2026-08-26T03:17:38.1124+02:00] Not a valid Opa Pdp Message                  
Failed to write to log, can't make directories for new logfile: mkdir /var/logs: permission denied
[33mWARN[0m[2026-08-26T03:17:38.1127+02:00] Ignoring message with unexpected type:       
Failed to write to log, can't make directories for new logfile: mkdir /var/logs: permission denied
[33mWARN[0m[2026-08-26T03:17:38.1128+02:00] Not a valid Opa Pdp Message                  
Failed to write to log, can't make directories for new logfile: mkdir /var/logs: permission denied
[33mWARN[0m[2026-08-26T03:17:38.1130+02:00] Ignoring message with unexpected type:       
Failed to write to log, can't make directories for new logfile: mkdir /var/logs: permission denied
[33mWARN[0m[2026-08-26T03:17:38.1133+02:00] Not a valid Opa Pdp Message                  
Failed to write to log, can't make directories for new logfile: mkdir /var/logs: permission denied
[33mWARN[0m[2026-08-26T03:17:38.1138+02:00] Not a valid Opa Pdp Message                  
Failed to write to log, can't make directories for new logfile: mkdir /var/logs: permission denied
[33mWARN[0m[2026-08-26T03:17:38.1135+02:00] Ignoring message with unexpected type:       
Failed to write to log, can't make directories for new logfile: mkdir /var/logs: permission denied
[33mWARN[0m[2026-08-26T03:17:38.1142+02:00] Not a valid Opa Pdp Message                  
Failed to write to log, can't make directories for new logfile: mkdir /var/logs: permission denied
[33mWARN[0m[2026-08-26T03:17:38.1143+02:00] Ignoring message with unexpected type:       
Failed to write to log, can't make directories for new logfile: mkdir /var/logs: permission denied
[33mWARN[0m[2026-08-26T03:17:38.1144+02:00] Not a valid Opa Pdp Message                  
Failed to write to log, can't make directories for new logfile: mkdir /var/logs: permission denied
[33mWARN[0m[2026-08-26T03:17:38.1145+02:00] Ignoring message with unexpected type:       
Failed to write to log, can't make directories for new logfile: mkdir /var/logs: permission denied
[33mWARN[0m[2026-08-26T03:17:38.1146+02:00] Not a valid Opa Pdp Message                  
Failed to write to log, can't make directories for new logfile: mkdir /var/logs: permission denied
[33mWARN[0m[2026-08-26T03:17:38.1147+02:00] Ignoring message with unexpected type:       
Failed to write to log, can't make directories for new logfile: mkdir /var/logs: permission denied
[33mWARN[0m[2026-08-26T03:17:38.1149+02:00] Ignoring message with unexpected type:       
Failed to write to log, can't make directories for new logfile: mkdir /var/logs: permission denied
[33mWARN[0m[2026-08-26T03:17:38.1148+02:00] Not a valid Opa Pdp Message                  
Failed to write to log, can't make directories for new logfile: mkdir /var/logs: permission denied
[33mWARN[0m[2026-08-26T03:17:38.1151+02:00] Ignoring message with unexpected type:       
Failed to write to log, can't make directories for new logfile: mkdir /var/logs: permission denied
[33mWARN[0m[2026-08-26T03:17:38.1154+02:00] Not a valid Opa Pdp Message                  
Failed to write to log, can't make directories for new logfile: mkdir /var/logs: permission denied
[33mWARN[0m[2026-08-26T03:17:38.1157+02:00] Ignoring message with unexpected type:       
Failed to write to log, can't make directories for new logfile: mkdir /var/logs: permission denied
[33mWARN[0m[2026-08-26T03:17:38.1159+02:00] Not a valid Opa Pdp Message                  
Failed to write to log, can't make directories for new logfile: mkdir /var/logs: permission denied
[33mWARN[0m[2026-08-26T03:17:38.1160+02:00] Not a valid Opa Pdp Message                  
Failed to write to log, can't make directories for new logfile: mkdir /var/logs: permission denied
[33mWARN[0m[2026-08-26T03:17:38.1159+02:00] Ignoring message with unexpected type:       
Failed to write to log, can't make directories for new logfile: mkdir /var/logs: permission denied
[33mWARN[0m[2026-08-26T03:17:38.1163+02:00] Not a valid Opa Pdp Message                  
Failed to write to log, can't make directories for new logfile: mkdir /var/logs: permission denied
[33mWARN[0m[2026-08-26T03:17:38.1164+02:00] Ignoring message with unexpected type:       
Failed to write to log, can't make directories for new logfile: mkdir /var/logs: permission denied
[33mWARN[0m[2026-08-26T03:17:38.1166+02:00] Ignoring message with unexpected type:       
Failed to write to log, can't make directories for new logfile: mkdir /var/logs: permission denied
[33mWARN[0m[2026-08-26T03:17:38.1164+02:00] Not a valid Opa Pdp Message                  
Failed to write to log, can't make directories for new logfile: mkdir /var/logs: permission denied
[33mWARN[0m[2026-08-26T03:17:38.1171+02:00] Ignoring message with unexpected type:       
Failed to write to log, can't make directories for new logfile: mkdir /var/logs: permission denied
[33mWARN[0m[2026-08-26T03:17:38.1171+02:00] Not a valid Opa Pdp Message                  
Failed to write to log, can't make directories for new logfile: mkdir /var/logs: permission denied
[33mWARN[0m[2026-08-26T03:17:38.1173+02:00] Ignoring message with unexpected type:       
Failed to write to log, can't make directories for new logfile: mkdir /var/logs: permission denied
[33mWARN[0m[2026-08-26T03:17:38.1174+02:00] Not a valid Opa Pdp Message                  
Failed to write to log, can't make directories for new logfile: mkdir /var/logs: permission denied
[33mWARN[0m[2026-08-26T03:17:38.1175+02:00] Ignoring message with unexpected type:       
Failed to write to log, can't make directories for new logfile: mkdir /var/logs: permission denied
[33mWARN[0m[2026-08-26T03:17:38.1180+02:00] Not a valid Opa Pdp Message                  
Failed to write to log, can't make directories for new logfile: mkdir /var/logs: permission denied
[33mWARN[0m[2026-08-26T03:17:38.1181+02:00] Ignoring message with unexpected type:       
Failed to write to log, can't make directories for new logfile: mkdir /var/logs: permission denied
[33mWARN[0m[2026-08-26T03:17:38.1183+02:00] Not a valid Opa Pdp Message                  
Failed to write to log, can't make directories for new logfile: mkdir /var/logs: permission denied
[33mWARN[0m[2026-08-26T03:17:38.1186+02:00] Ignoring message with unexpected type:       
Failed to write to log, can't make directories for new logfile: mkdir /var/logs: permission denied
[33mWARN[0m[2026-08-26T03:17:38.1187+02:00] Not a valid Opa Pdp Message                  
Failed to write to log, can't make directories for new logfile: mkdir /var/logs: permission denied
[33mWARN[0m[2026-08-26T03:17:38.1189+02:00] Not a valid Opa Pdp Message                  
Failed to write to log, can't make directories for new logfile: mkdir /var/logs: permission denied
[33mWARN[0m[2026-08-26T03:17:38.1191+02:00] Not a valid Opa Pdp Message                  
Failed to write to log, can't make directories for new logfile: mkdir /var/logs: permission denied
[33mWARN[0m[2026-08-26T03:17:38.1189+02:00] Ignoring message with unexpected type:       
Failed to write to log, can't make directories for new logfile: mkdir /var/logs: permission denied
[33mWARN[0m[2026-08-26T03:17:38.1193+02:00] Not a valid Opa Pdp Message                  
Failed to write to log, can't make directories for new logfile: mkdir /var/logs: permission denied
[33mWARN[0m[2026-08-26T03:17:38.1196+02:00] Ignoring message with unexpected type:       
Failed to write to log, can't make directories for new logfile: mkdir /var/logs: permission denied
[33mWARN[0m[2026-08-26T03:17:38.1197+02:00] Not a valid Opa Pdp Message                  
Failed to write to log, can't make directories for new logfile: mkdir /var/logs: permission denied
[33mWARN[0m[2026-08-26T03:17:38.1199+02:00] Ignoring message with unexpected type:       
Failed to write to log, can't make directories for new logfile: mkdir /var/logs: permission denied
[33mWARN[0m[2026-08-26T03:17:38.1202+02:00] Not a valid Opa Pdp Message                  
Failed to write to log, can't make directories for new logfile: mkdir /var/logs: permission denied
[33mWARN[0m[2026-08-26T03:17:38.1206+02:00] Ignoring message with unexpected type:       
Failed to write to log, can't make directories for new logfile: mkdir /var/logs: permission denied
[33mWARN[0m[2026-08-26T03:17:38.1209+02:00] Not a valid Opa Pdp Message                  
Failed to write to log, can't make directories for new logfile: mkdir /var/logs: permission denied
[33mWARN[0m[2026-08-26T03:17:38.1209+02:00] Ignoring message with unexpected type:       
Failed to write to log, can't make directories for new logfile: mkdir /var/logs: permission denied
[33mWARN[0m[2026-08-26T03:17:38.1211+02:00] Not a valid Opa Pdp Message                  
Failed to write to log, can't make directories for new logfile: mkdir /var/logs: permission denied
[33mWARN[0m[2026-08-26T03:17:38.1213+02:00] Ignoring message with unexpected type:       
Failed to write to log, can't make directories for new logfile: mkdir /var/logs: permission denied
[33mWARN[0m[2026-08-26T03:17:38.1214+02:00] Not a valid Opa Pdp Message                  
Failed to write to log, can't make directories for new logfile: mkdir /var/logs: permission denied
[33mWARN[0m[2026-08-26T03:17:38.1216+02:00] Ignoring message with unexpected type:       
Failed to write to log, can't make directories for new logfile: mkdir /var/logs: permission denied
[33mWARN[0m[2026-08-26T03:17:38.1216+02:00] Not a valid Opa Pdp Message                  
Failed to write to log, can't make directories for new logfile: mkdir /var/logs: permission denied
[33mWARN[0m[2026-08-26T03:17:38.1221+02:00] Ignoring message with unexpected type:       
Failed to write to log, can't make directories for new logfile: mkdir /var/logs: permission denied
[33mWARN[0m[2026-08-26T03:17:38.1222+02:00] Not a valid Opa Pdp Message                  
Failed to write to log, can't make directories for new logfile: mkdir /var/logs: permission denied
[33mWARN[0m[2026-08-26T03:17:38.1223+02:00] Ignoring message with unexpected type:       
Failed to write to log, can't make directories for new logfile: mkdir /var/logs: permission denied
[33mWARN[0m[2026-08-26T03:17:38.1224+02:00] Not a valid Opa Pdp Message                  
Failed to write to log, can't make directories for new logfile: mkdir /var/logs: permission denied
[33mWARN[0m[2026-08-26T03:17:38.1228+02:00] Not a valid Opa Pdp Message                  
Failed to write to log, can't make directories for new logfile: mkdir /var/logs: permission denied
[33mWARN[0m[2026-08-26T03:17:38.1226+02:00] Ignoring message with unexpected type:       
Failed to write to log, can't make directories for new logfile: mkdir /var/logs: permission denied
[33mWARN[0m[2026-08-26T03:17:38.1233+02:00] Not a valid Opa Pdp Message                  
Failed to write to log, can't make directories for new logfile: mkdir /var/logs: permission denied
[33mWARN[0m[2026-08-26T03:17:38.1235+02:00] Ignoring message with unexpected type:       
Failed to write to log, can't make directories for new logfile: mkdir /var/logs: permission denied
[33mWARN[0m[2026-08-26T03:17:38.1237+02:00] Not a valid Opa Pdp Message                  
Failed to write to log, can't make directories for new logfile: mkdir /var/logs: permission denied
[33mWARN[0m[2026-08-26T03:17:38.1237+02:00] Ignoring message with unexpected type:       
Failed to write to log, can't make directories for new logfile: mkdir /var/logs: permission denied
[33mWARN[0m[2026-08-26T03:17:38.1241+02:00] Not a valid Opa Pdp Message                  
Failed to write to log, can't make directories for new logfile: mkdir /var/logs: permission denied
[33mWARN[0m[2026-08-26T03:17:38.1244+02:00] Ignoring message with unexpected type:       
Failed to write to log, can't make directories for new logfile: mkdir /var/logs: permission denied
[33mWARN[0m[2026-08-26T03:17:38.1245+02:00] Not a valid Opa Pdp Message                  
Failed to write to log, can't make directories for new logfile: mkdir /var/logs: permission denied
[33mWARN[0m[2026-08-26T03:17:38.1246+02:00] Ignoring message with unexpected type:       
Failed to write to log, can't make directories for new logfile: mkdir /var/logs: permission denied
[33mWARN[0m[2026-08-26T03:17:38.1247+02:00] Not a valid Opa Pdp Message                  
Failed to write to log, can't make directories for new logfile: mkdir /var/logs: permission denied
[33mWARN[0m[2026-08-26T03:17:38.1248+02:00] Ignoring message with unexpected type:       
Failed to write to log, can't make directories for new logfile: mkdir /var/logs: permission denied
[33mWARN[0m[2026-08-26T03:17:38.1249+02:00] Not a valid Opa Pdp Message                  
Failed to write to log, can't make directories for new logfile: mkdir /var/logs: permission denied
[33mWARN[0m[2026-08-26T03:17:38.1251+02:00] Ignoring message with unexpected type:       
Failed to write to log, can't make directories for new logfile: mkdir /var/logs: permission denied
[33mWARN[0m[2026-08-26T03:17:38.1251+02:00] Not a valid Opa Pdp Message                  
Failed to write to log, can't make directories for new logfile: mkdir /var/logs: permission denied
[33mWARN[0m[2026-08-26T03:17:38.1255+02:00] Ignoring message with unexpected type:       
Failed to write to log, can't make directories for new logfile: mkdir /var/logs: permission denied
[33mWARN[0m[2026-08-26T03:17:38.1258+02:00] Not a valid Opa Pdp Message                  
Failed to write to log, can't make directories for new logfile: mkdir /var/logs: permission denied
[33mWARN[0m[2026-08-26T03:17:38.1260+02:00] Ignoring message with unexpected type:       
Failed to write to log, can't make directories for new logfile: mkdir /var/logs: permission denied
[33mWARN[0m[2026-08-26T03:17:38.1262+02:00] Ignoring message with unexpected type:       
Failed to write to log, can't make directories for new logfile: mkdir /var/logs: permission denied
[33mWARN[0m[2026-08-26T03:17:38.1260+02:00] Not a valid Opa Pdp Message                  
Failed to write to log, can't make directories for new logfile: mkdir /var/logs: permission denied
[33mWARN[0m[2026-08-26T03:17:38.1265+02:00] Ignoring message with unexpected type:       
Failed to write to log, can't make directories for new logfile: mkdir /var/logs: permission denied
[33mWARN[0m[2026-08-26T03:17:38.1266+02:00] Not a valid Opa Pdp Message                  
Failed to write to log, can't make directories for new logfile: mkdir /var/logs: permission denied
[33mWARN[0m[2026-08-26T03:17:38.1270+02:00] Ignoring message with unexpected type:       
Failed to write to log, can't make directories for new logfile: mkdir /var/logs: permission denied
[33mWARN[0m[2026-08-26T03:17:38.1270+02:00] Not a valid Opa Pdp Message                  
Failed to write to log, can't make directories for new logfile: mkdir /var/logs: permission denied
[33mWARN[0m[2026-08-26T03:17:38.1272+02:00] Ignoring message with unexpected type:       
Failed to write to log, can't make directories for new logfile: mkdir /var/logs: permission denied
[33mWARN[0m[2026-08-26T03:17:38.1273+02:00] Not a valid Opa Pdp Message                  
Failed to write to log, can't make directories for new logfile: mkdir /var/logs: permission denied
[33mWARN[0m[2026-08-26T03:17:38.1274+02:00] Ignoring message with unexpected type:       
Failed to write to log, can't make directories for new logfile: mkdir /var/logs: permission denied
[33mWARN[0m[2026-08-26T03:17:38.1275+02:00] Not a valid Opa Pdp Message                  
Failed to write to log, can't make directories for new logfile: mkdir /var/logs: permission denied
[33mWARN[0m[2026-08-26T03:17:38.1280+02:00] Ignoring message with unexpected type:       
Failed to write to log, can't make directories for new logfile: mkdir /var/logs: permission denied
[33mWARN[0m[2026-08-26T03:17:38.1280+02:00] Not a valid Opa Pdp Message                  
Failed to write to log, can't make directories for new logfile: mkdir /var/logs: permission denied
[33mWARN[0m[2026-08-26T03:17:38.1284+02:00] Ignoring message with unexpected type:       
Failed to write to log, can't make directories for new logfile: mkdir /var/logs: permission denied
[33mWARN[0m[2026-08-26T03:17:38.1285+02:00] Not a valid Opa Pdp Message                  
Failed to write to log, can't make directories for new logfile: mkdir /var/logs: permission denied
[33mWARN[0m[2026-08-26T03:17:38.1289+02:00] Ignoring message with unexpected type:       
Failed to write to log, can't make directories for new logfile: mkdir /var/logs: permission denied
[33mWARN[0m[2026-08-26T03:17:38.1291+02:00] Not a valid Opa Pdp Message                  
Failed to write to log, can't make directories for new logfile: mkdir /var/logs: permission denied
[33mWARN[0m[2026-08-26T03:17:38.1293+02:00] Not a valid Opa Pdp Message                  
Failed to write to log, can't make directories for new logfile: mkdir /var/logs: permission denied
[33mWARN[0m[2026-08-26T03:17:38.1291+02:00] Ignoring message with unexpected type:       
Failed to write to log, can't make directories for new logfile: mkdir /var/logs: permission denied
[33mWARN[0m[2026-08-26T03:17:38.1295+02:00] Not a valid Opa Pdp Message                  
Failed to write to log, can't make directories for new logfile: mkdir /var/logs: permission denied
[33mWARN[0m[2026-08-26T03:17:38.1296+02:00] Ignoring message with unexpected type:       
Failed to write to log, can't make directories for new logfile: mkdir /var/logs: permission denied
[33mWARN[0m[2026-08-26T03:17:38.1297+02:00] Not a valid Opa Pdp Message                  
Failed to write to log, can't make directories for new logfile: mkdir /var/logs: permission denied
[33mWARN[0m[2026-08-26T03:17:38.1300+02:00] Ignoring message with unexpected type:       
Failed to write to log, can't make directories for new logfile: mkdir /var/logs: permission denied
[33mWARN[0m[2026-08-26T03:17:38.1302+02:00] Not a valid Opa Pdp Message                  
Failed to write to log, can't make directories for new logfile: mkdir /var/logs: permission denied
[33mWARN[0m[2026-08-26T03:17:38.1305+02:00] Not a valid Opa Pdp Message                  
Failed to write to log, can't make directories for new logfile: mkdir /var/logs: permission denied
[33mWARN[0m[2026-08-26T03:17:38.1303+02:00] Ignoring message with unexpected type:       
Failed to write to log, can't make directories for new logfile: mkdir /var/logs: permission denied
[33mWARN[0m[2026-08-26T03:17:38.1310+02:00] Not a valid Opa Pdp Message                  
Failed to write to log, can't make directories for new logfile: mkdir /var/logs: permission denied
[33mWARN[0m[2026-08-26T03:17:38.1313+02:00] Ignoring message with unexpected type:       
Failed to write to log, can't make directories for new logfile: mkdir /var/logs: permission denied
[33mWARN[0m[2026-08-26T03:17:38.1313+02:00] Not a valid Opa Pdp Message                  
Failed to write to log, can't make directories for new logfile: mkdir /var/logs: permission denied
[33mWARN[0m[2026-08-26T03:17:38.1315+02:00] Ignoring message with unexpected type:       
Failed to write to log, can't make directories for new logfile: mkdir /var/logs: permission denied
[33mWARN[0m[2026-08-26T03:17:38.1316+02:00] Not a valid Opa Pdp Message                  
Failed to write to log, can't make directories for new logfile: mkdir /var/logs: permission denied
[33mWARN[0m[2026-08-26T03:17:38.1317+02:00] Ignoring message with unexpected type:       
Failed to write to log, can't make directories for new logfile: mkdir /var/logs: permission denied
[33mWARN[0m[2026-08-26T03:17:38.1318+02:00] Not a valid Opa Pdp Message                  
Failed to write to log, can't make directories for new logfile: mkdir /var/logs: permission denied
[33mWARN[0m[2026-08-26T03:17:38.1319+02:00] Ignoring message with unexpected type:       
Failed to write to log, can't make directories for new logfile: mkdir /var/logs: permission denied
[33mWARN[0m[2026-08-26T03:17:38.1320+02:00] Not a valid Opa Pdp Message                  
Failed to write to log, can't make directories for new logfile: mkdir /var/logs: permission denied
[33mWARN[0m[2026-08-26T03:17:38.1321+02:00] Ignoring message with unexpected type:       
Failed to write to log, can't make directories for new logfile: mkdir /var/logs: permission denied
[33mWARN[0m[2026-08-26T03:17:38.1322+02:00] Not a valid Opa Pdp Message                  
Failed to write to log, can't make directories for new logfile: mkdir /var/logs: permission denied
[33mWARN[0m[2026-08-26T03:17:38.1324+02:00] Ignoring message with unexpected type:       
Failed to write to log, can't make directories for new logfile: mkdir /var/logs: permission denied
[33mWARN[0m[2026-08-26T03:17:38.1324+02:00] Not a valid Opa Pdp Message                  
Failed to write to log, can't make directories for new logfile: mkdir /var/logs: permission denied
[33mWARN[0m[2026-08-26T03:17:38.1326+02:00] Ignoring message with unexpected type:       
Failed to write to log, can't make directories for new logfile: mkdir /var/logs: permission denied
[33mWARN[0m[2026-08-26T03:17:38.1330+02:00] Not a valid Opa Pdp Message                  
Failed to write to log, can't make directories for new logfile: mkdir /var/logs: permission denied
[33mWARN[0m[2026-08-26T03:17:38.1334+02:00] Ignoring message with unexpected type:       
Failed to write to log, can't make directories for new logfile: mkdir /var/logs: permission denied
[33mWARN[0m[2026-08-26T03:17:38.1335+02:00] Not a valid Opa Pdp Message                  
Failed to write to log, can't make directories for new logfile: mkdir /var/logs: permission denied
[33mWARN[0m[2026-08-26T03:17:38.1341+02:00] Ignoring message with unexpected type:       
Failed to write to log, can't make directories for new logfile: mkdir /var/logs: permission denied
[33mWARN[0m[2026-08-26T03:17:38.1341+02:00] Not a valid Opa Pdp Message                  
Failed to write to log, can't make directories for new logfile: mkdir /var/logs: permission denied
[33mWARN[0m[2026-08-26T03:17:38.1346+02:00] Ignoring message with unexpected type:       
Failed to write to log, can't make directories for new logfile: mkdir /var/logs: permission denied
[33mWARN[0m[2026-08-26T03:17:38.1346+02:00] Not a valid Opa Pdp Message                  
Failed to write to log, can't make directories for new logfile: mkdir /var/logs: permission denied
[33mWARN[0m[2026-08-26T03:17:38.1350+02:00] Not a valid Opa Pdp Message                  
Failed to write to log, can't make directories for new logfile: mkdir /var/logs: permission denied
[33mWARN[0m[2026-08-26T03:17:38.1351+02:00] Ignoring message with unexpected type:       
Failed to write to log, can't make directories for new logfile: mkdir /var/logs: permission denied
[33mWARN[0m[2026-08-26T03:17:38.1354+02:00] Not a valid Opa Pdp Message                  
Failed to write to log, can't make directories for new logfile: mkdir /var/logs: permission denied
[33mWARN[0m[2026-08-26T03:17:38.1356+02:00] Ignoring message with unexpected type:       
Failed to write to log, can't make directories for new logfile: mkdir /var/logs: permission denied
[33mWARN[0m[2026-08-26T03:17:38.1357+02:00] Not a valid Opa Pdp Message                  
Failed to write to log, can't make directories for new logfile: mkdir /var/logs: permission denied
[33mWARN[0m[2026-08-26T03:17:38.1361+02:00] Not a valid Opa Pdp Message                  
Failed to write to log, can't make directories for new logfile: mkdir /var/logs: permission denied
[33mWARN[0m[2026-08-26T03:17:38.1363+02:00] Not a valid Opa Pdp Message                  
Failed to write to log, can't make directories for new logfile: mkdir /var/logs: permission denied
[33mWARN[0m[2026-08-26T03:17:38.1365+02:00] Not a valid Opa Pdp Message                  
Failed to write to log, can't make directories for new logfile: mkdir /var/logs: permission denied
[33mWARN[0m[2026-08-26T03:17:38.1359+02:00] Ignoring message with unexpected type:       
Failed to write to log, can't make directories for new logfile: mkdir /var/logs: permission denied
[33mWARN[0m[2026-08-26T03:17:38.1367+02:00] Not a valid Opa Pdp Message                  
Failed to write to log, can't make directories for new logfile: mkdir /var/logs: permission denied
[33mWARN[0m[2026-08-26T03:17:38.1368+02:00] Ignoring message with unexpected type:       
Failed to write to log, can't make directories for new logfile: mkdir /var/logs: permission denied
[33mWARN[0m[2026-08-26T03:17:38.1369+02:00] Not a valid Opa Pdp Message                  
Failed to write to log, can't make directories for new logfile: mkdir /var/logs: permission denied
[33mWARN[0m[2026-08-26T03:17:38.1375+02:00] Not a valid Opa Pdp Message                  
Failed to write to log, can't make directories for new logfile: mkdir /var/logs: permission denied
[33mWARN[0m[2026-08-26T03:17:38.1378+02:00] Not a valid Opa Pdp Message                  
Failed to write to log, can't make directories for new logfile: mkdir /var/logs: permission denied
[33mWARN[0m[2026-08-26T03:17:38.1373+02:00] Ignoring message with unexpected type:       
Failed to write to log, can't make directories for new logfile: mkdir /var/logs: permission denied
[33mWARN[0m[2026-08-26T03:17:38.1383+02:00] Not a valid Opa Pdp Message                  
Failed to write to log, can't make directories for new logfile: mkdir /var/logs: permission denied
[33mWARN[0m[2026-08-26T03:17:38.1384+02:00] Ignoring message with unexpected type:       
Failed to write to log, can't make directories for new logfile: mkdir /var/logs: permission denied
[33mWARN[0m[2026-08-26T03:17:38.1385+02:00] Not a valid Opa Pdp Message                  
Failed to write to log, can't make directories for new logfile: mkdir /var/logs: permission denied
[33mWARN[0m[2026-08-26T03:17:38.1387+02:00] Ignoring message with unexpected type:       
Failed to write to log, can't make directories for new logfile: mkdir /var/logs: permission denied
[33mWARN[0m[2026-08-26T03:17:38.1388+02:00] Not a valid Opa Pdp Message                  
Failed to write to log, can't make directories for new logfile: mkdir /var/logs: permission denied
[33mWARN[0m[2026-08-26T03:17:38.1392+02:00] Ignoring message with unexpected type:       
Failed to write to log, can't make directories for new logfile: mkdir /var/logs: permission denied
[33mWARN[0m[2026-08-26T03:17:38.1393+02:00] Not a valid Opa Pdp Message                  
Failed to write to log, can't make directories for new logfile: mkdir /var/logs: permission denied
[33mWARN[0m[2026-08-26T03:17:38.1394+02:00] Ignoring message with unexpected type:       
Failed to write to log, can't make directories for new logfile: mkdir /var/logs: permission denied
[33mWARN[0m[2026-08-26T03:17:38.1395+02:00] Not a valid Opa Pdp Message                  
Failed to write to log, can't make directories for new logfile: mkdir /var/logs: permission denied
[33mWARN[0m[2026-08-26T03:17:38.1396+02:00] Ignoring message with unexpected type:       
Failed to write to log, can't make directories for new logfile: mkdir /var/logs: permission denied
[33mWARN[0m[2026-08-26T03:17:38.1397+02:00] Not a valid Opa Pdp Message                  
Failed to write to log, can't make directories for new logfile: mkdir /var/logs: permission denied
[33mWARN[0m[2026-08-26T03:17:38.1398+02:00] Ignoring message with unexpected type:       
Failed to write to log, can't make directories for new logfile: mkdir /var/logs: permission denied
[33mWARN[0m[2026-08-26T03:17:38.1399+02:00] Not a valid Opa Pdp Message                  
Failed to write to log, can't make directories for new logfile: mkdir /var/logs: permission denied
[33mWARN[0m[2026-08-26T03:17:38.1400+02:00] Ignoring message with unexpected type:       
Failed to write to log, can't make directories for new logfile: mkdir /var/logs: permission denied
[33mWARN[0m[2026-08-26T03:17:38.1400+02:00] Not a valid Opa Pdp Message                  
Failed to write to log, can't make directories for new logfile: mkdir /var/logs: permission denied
[33mWARN[0m[2026-08-26T03:17:38.1405+02:00] Not a valid Opa Pdp Message                  
Failed to write to log, can't make directories for new logfile: mkdir /var/logs: permission denied
[33mWARN[0m[2026-08-26T03:17:38.1403+02:00] Ignoring message with unexpected type:       
Failed to write to log, can't make directories for new logfile: mkdir /var/logs: permission denied
[33mWARN[0m[2026-08-26T03:17:38.1410+02:00] Not a valid Opa Pdp Message                  
Failed to write to log, can't make directories for new logfile: mkdir /var/logs: permission denied
[33mWARN[0m[2026-08-26T03:17:38.1410+02:00] Ignoring message with unexpected type:       
Failed to write to log, can't make directories for new logfile: mkdir /var/logs: permission denied
[33mWARN[0m[2026-08-26T03:17:38.1412+02:00] Not a valid Opa Pdp Message                  
Failed to write to log, can't make directories for new logfile: mkdir /var/logs: permission denied
[33mWARN[0m[2026-08-26T03:17:38.1416+02:00] Not a valid Opa Pdp Message                  
Failed to write to log, can't make directories for new logfile: mkdir /var/logs: permission denied
[33mWARN[0m[2026-08-26T03:17:38.1414+02:00] Ignoring message with unexpected type:       
Failed to write to log, can't make directories for new logfile: mkdir /var/logs: permission denied
[33mWARN[0m[2026-08-26T03:17:38.1420+02:00] Not a valid Opa Pdp Message                  
Failed to write to log, can't make directories for new logfile: mkdir /var/logs: permission denied
[33mWARN[0m[2026-08-26T03:17:38.1421+02:00] Ignoring message with unexpected type:       
Failed to write to log, can't make directories for new logfile: mkdir /var/logs: permission denied
[33mWARN[0m[2026-08-26T03:17:38.1425+02:00] Ignoring message with unexpected type:       
Failed to write to log, can't make directories for new logfile: mkdir /var/logs: permission denied
[33mWARN[0m[2026-08-26T03:17:38.1428+02:00] Ignoring message with unexpected type:       
Failed to write to log, can't make directories for new logfile: mkdir /var/logs: permission denied
[33mWARN[0m[2026-08-26T03:17:38.1432+02:00] Ignoring message with unexpected type:       
Failed to write to log, can't make directories for new logfile: mkdir /var/logs: permission denied
[33mWARN[0m[2026-08-26T03:17:38.1441+02:00] Ignoring message with unexpected type:       
Failed to write to log, can't make directories for new logfile: mkdir /var/logs: permission denied
[33mWARN[0m[2026-08-26T03:17:38.1446+02:00] Ignoring message with unexpected type:       
Failed to write to log, can't make directories for new logfile: mkdir /var/logs: permission denied
[33mWARN[0m[2026-08-26T03:17:38.1452+02:00] Ignoring message with unexpected type:       
Failed to write to log, can't make directories for new logfile: mkdir /var/logs: permission denied
[33mWARN[0m[2026-08-26T03:17:38.1446+02:00] Not a valid Opa Pdp Message                  
Failed to write to log, can't make directories for new logfile: mkdir /var/logs: permission denied
[33mWARN[0m[2026-08-26T03:17:38.1457+02:00] Ignoring message with unexpected type:       
Failed to write to log, can't make directories for new logfile: mkdir /var/logs: permission denied
[33mWARN[0m[2026-08-26T03:17:38.1466+02:00] Not a valid Opa Pdp Message                  
Failed to write to log, can't make directories for new logfile: mkdir /var/logs: permission denied
[33mWARN[0m[2026-08-26T03:17:38.1467+02:00] Ignoring message with unexpected type:       
Failed to write to log, can't make directories for new logfile: mkdir /var/logs: permission denied
[33mWARN[0m[2026-08-26T03:17:38.1475+02:00] Ignoring message with unexpected type:       
Failed to write to log, can't make directories for new logfile: mkdir /var/logs: permission denied
[33mWARN[0m[2026-08-26T03:17:38.1480+02:00] Ignoring message with unexpected type:       
Failed to write to log, can't make directories for new logfile: mkdir /var/logs: permission denied
[33mWARN[0m[2026-08-26T03:17:38.1484+02:00] Ignoring message with unexpected type:       
Failed to write to log, can't make directories for new logfile: mkdir /var/logs: permission denied
[33mWARN[0m[2026-08-26T03:17:38.1471+02:00] Not a valid Opa Pdp Message                  
Failed to write to log, can't make directories for new logfile: mkdir /var/logs: permission denied
[33mWARN[0m[2026-08-26T03:17:38.1497+02:00] Not a valid Opa Pdp Message                  
Failed to write to log, can't make directories for new logfile: mkdir /var/logs: permission denied
[33mWARN[0m[2026-08-26T03:17:38.1499+02:00] Not a valid Opa Pdp Message                  
Failed to write to log, can't make directories for new logfile: mkdir /var/logs: permission denied
[33mWARN[0m[2026-08-26T03:17:38.1501+02:00] Not a valid Opa Pdp Message                  
Failed to write to log, can't make directories for new logfile: mkdir /var/logs: permission denied
[33mWARN[0m[2026-08-26T03:17:38.1517+02:00] Ignoring message with unexpected type:       
Failed to write to log, can't make directories for new logfile: mkdir /var/logs: permission denied
[33mWARN[0m[2026-08-26T03:17:38.1522+02:00] Not a valid Opa Pdp Message                  
Failed to write to log, can't make directories for new logfile: mkdir /var/logs: permission denied
[33mWARN[0m[2026-08-26T03:17:38.1528+02:00] Not a valid Opa Pdp Message                  
Failed to write to log, can't make directories for new logfile: mkdir /var/logs: permission denied
[33mWARN[0m[2026-08-26T03:17:38.1530+02:00] Not a valid Opa Pdp Message                  
Failed to write to log, can't make directories for new logfile: mkdir /var/logs: permission denied
[33mWARN[0m[2026-08-26T03:17:38.1532+02:00] Not a valid Opa Pdp Message                  
Failed to write to log, can't make directories for new logfile: mkdir /var/logs: permission denied
[33mWARN[0m[2026-08-26T03:17:38.1535+02:00] Not a valid Opa Pdp Message                  
Failed to write to log, can't make directories for new logfile: mkdir /var/logs: permission denied
[33mWARN[0m[2026-08-26T03:17:38.1537+02:00] Not a valid Opa Pdp Message                  
Failed to write to log, can't make directories for new logfile: mkdir /var/logs: permission denied
[33mWARN[0m[2026-08-26T03:17:38.1539+02:00] Not a valid Opa Pdp Message                  
Failed to write to log, can't make directories for new logfile: mkdir /var/logs: permission denied
[33mWARN[0m[2026-08-26T03:17:38.1546+02:00] Not a valid Opa Pdp Message                  
Failed to write to log, can't make directories for new logfile: mkdir /var/logs: permission denied
[33mWARN[0m[2026-08-26T03:17:38.1551+02:00] Not a valid Opa Pdp Message                  
Failed to write to log, can't make directories for new logfile: mkdir /var/logs: permission denied
[33mWARN[0m[2026-08-26T03:17:38.1554+02:00] Not a valid Opa Pdp Message                  
Failed to write to log, can't make directories for new logfile: mkdir /var/logs: permission denied
[33mWARN[0m[2026-08-26T03:17:38.1558+02:00] Not a valid Opa Pdp Message                  
Failed to write to log, can't make directories for new logfile: mkdir /var/logs: permission denied
[33mWARN[0m[2026-08-26T03:17:38.1561+02:00] Not a valid Opa Pdp Message                  
Failed to write to log, can't make directories for new logfile: mkdir /var/logs: permission denied
[33mWARN[0m[2026-08-26T03:17:38.1568+02:00] Not a valid Opa Pdp Message                  
Failed to write to log, can't make directories for new logfile: mkdir /var/logs: permission denied
[33mWARN[0m[2026-08-26T03:17:38.1571+02:00] Not a valid Opa Pdp Message                  
Failed to write to log, can't make directories for new logfile: mkdir /var/logs: permission denied
[33mWARN[0m[2026-08-26T03:17:38.1574+02:00] Not a valid Opa Pdp Message                  
Failed to write to log, can't make directories for new logfile: mkdir /var/logs: permission denied
[33mWARN[0m[2026-08-26T03:17:38.1577+02:00] Not a valid Opa Pdp Message                  
Failed to write to log, can't make directories for new logfile: mkdir /var/logs: permission denied
[33mWARN[0m[2026-08-26T03:17:38.1579+02:00] Not a valid Opa Pdp Message                  
Failed to write to log, can't make directories for new logfile: mkdir /var/logs: permission denied
[33mWARN[0m[2026-08-26T03:17:38.1583+02:00] Not a valid Opa Pdp Message                  
Failed to write to log, can't make directories for new logfile: mkdir /var/logs: permission denied
[33mWARN[0m[2026-08-26T03:17:38.1587+02:00] Not a valid Opa Pdp Message                  
Failed to write to log, can't make directories for new logfile: mkdir /var/logs: permission denied
[33mWARN[0m[2026-08-26T03:17:38.1590+02:00] Not a valid Opa Pdp Message                  
Failed to write to log, can't make directories for new logfile: mkdir /var/logs: permission denied
[33mWARN[0m[2026-08-26T03:17:38.1592+02:00] Not a valid Opa Pdp Message                  
Failed to write to log, can't make directories for new logfile: mkdir /var/logs: permission denied
[33mWARN[0m[2026-08-26T03:17:38.1595+02:00] Not a valid Opa Pdp Message                  
Failed to write to log, can't make directories for new logfile: mkdir /var/logs: permission denied
[33mWARN[0m[2026-08-26T03:17:38.1566+02:00] Ignoring message with unexpected type:       
Failed to write to log, can't make directories for new logfile: mkdir /var/logs: permission denied
[33mWARN[0m[2026-08-26T03:17:38.1600+02:00] Not a valid Opa Pdp Message                  
Failed to write to log, can't make directories for new logfile: mkdir /var/logs: permission denied
[33mWARN[0m[2026-08-26T03:17:38.1601+02:00] Ignoring message with unexpected type:       
Failed to write to log, can't make directories for new logfile: mkdir /var/logs: permission denied
[33mWARN[0m[2026-08-26T03:17:38.1602+02:00] Not a valid Opa Pdp Message                  
Failed to write to log, can't make directories for new logfile: mkdir /var/logs: permission denied
[33mWARN[0m[2026-08-26T03:17:38.1605+02:00] Ignoring message with unexpected type:       
Failed to write to log, can't make directories for new logfile: mkdir /var/logs: permission denied
[33mWARN[0m[2026-08-26T03:17:38.1610+02:00] Not a valid Opa Pdp Message                  
Failed to write to log, can't make directories for new logfile: mkdir /var/logs: permission denied
[33mWARN[0m[2026-08-26T03:17:38.1611+02:00] Ignoring message with unexpected type:       
Failed to write to log, can't make directories for new logfile: mkdir /var/logs: permission denied
[33mWARN[0m[2026-08-26T03:17:38.1619+02:00] Ignoring message with unexpected type:       
Failed to write to log, can't make directories for new logfile: mkdir /var/logs: permission denied
[33mWARN[0m[2026-08-26T03:17:38.1620+02:00] Not a valid Opa Pdp Message                  
Failed to write to log, can't make directories for new logfile: mkdir /var/logs: permission denied
[33mWARN[0m[2026-08-26T03:17:38.1624+02:00] Ignoring message with unexpected type:       
Failed to write to log, can't make directories for new logfile: mkdir /var/logs: permission denied
[33mWARN[0m[2026-08-26T03:17:38.1630+02:00] Not a valid Opa Pdp Message                  
Failed to write to log, can't make directories for new logfile: mkdir /var/logs: permission denied
[33mWARN[0m[2026-08-26T03:17:38.1631+02:00] Ignoring message with unexpected type:       
Failed to write to log, can't make directories for new logfile: mkdir /var/logs: permission denied
[33mWARN[0m[2026-08-26T03:17:38.1633+02:00] Not a valid Opa Pdp Message                  
Failed to write to log, can't make directories for new logfile: mkdir /var/logs: permission denied
[33mWARN[0m[2026-08-26T03:17:38.1634+02:00] Ignoring message with unexpected type:       
Failed to write to log, can't make directories for new logfile: mkdir /var/logs: permission denied
[33mWARN[0m[2026-08-26T03:17:38.1635+02:00] Not a valid Opa Pdp Message                  
Failed to write to log, can't make directories for new logfile: mkdir /var/logs: permission denied
[33mWARN[0m[2026-08-26T03:17:38.1636+02:00] Ignoring message with unexpected type:       
Failed to write to log, can't make directories for new logfile: mkdir /var/logs: permission denied
[33mWARN[0m[2026-08-26T03:17:38.1640+02:00] Ignoring message with unexpected type:       
Failed to write to log, can't make directories for new logfile: mkdir /var/logs: permission denied
[33mWARN[0m[2026-08-26T03:17:38.1637+02:00] Not a valid Opa Pdp Message                  
Failed to write to log, can't make directories for new logfile: mkdir /var/logs: permission denied
[33mWARN[0m[2026-08-26T03:17:38.1643+02:00] Not a valid Opa Pdp Message                  
Failed to write to log, can't make directories for new logfile: mkdir /var/logs: permission denied
[33mWARN[0m[2026-08-26T03:17:38.1645+02:00] Not a valid Opa Pdp Message                  
Failed to write to log, can't make directories for new logfile: mkdir /var/logs: permission denied
[33mWARN[0m[2026-08-26T03:17:38.1642+02:00] Ignoring message with unexpected type:       
Failed to write to log, can't make directories for new logfile: mkdir /var/logs: permission denied
[33mWARN[0m[2026-08-26T03:17:38.1649+02:00] Ignoring message with unexpected type:       
Failed to write to log, can't make directories for new logfile: mkdir /var/logs: permission denied
[33mWARN[0m[2026-08-26T03:17:38.1646+02:00] Not a valid Opa Pdp Message                  
Failed to write to log, can't make directories for new logfile: mkdir /var/logs: permission denied
[33mWARN[0m[2026-08-26T03:17:38.1651+02:00] Ignoring message with unexpected type:       
Failed to write to log, can't make directories for new logfile: mkdir /var/logs: permission denied
[33mWARN[0m[2026-08-26T03:17:38.1653+02:00] Not a valid Opa Pdp Message                  
Failed to write to log, can't make directories for new logfile: mkdir /var/logs: permission denied
[33mWARN[0m[2026-08-26T03:17:38.1654+02:00] Ignoring message with unexpected type:       
Failed to write to log, can't make directories for new logfile: mkdir /var/logs: permission denied
[33mWARN[0m[2026-08-26T03:17:38.1655+02:00] Not a valid Opa Pdp Message                  
Failed to write to log, can't make directories for new logfile: mkdir /var/logs: permission denied
[33mWARN[0m[2026-08-26T03:17:38.1656+02:00] Ignoring message with unexpected type:       
Failed to write to log, can't make directories for new logfile: mkdir /var/logs: permission denied
[33mWARN[0m[2026-08-26T03:17:38.1657+02:00] Not a valid Opa Pdp Message                  
Failed to write to log, can't make directories for new logfile: mkdir /var/logs: permission denied
[33mWARN[0m[2026-08-26T03:17:38.1658+02:00] Ignoring message with unexpected type:       
Failed to write to log, can't make directories for new logfile: mkdir /var/logs: permission denied
[33mWARN[0m[2026-08-26T03:17:38.1659+02:00] Not a valid Opa Pdp Message                  
Failed to write to log, can't make directories for new logfile: mkdir /var/logs: permission denied
[33mWARN[0m[2026-08-26T03:17:38.1660+02:00] Ignoring message with unexpected type:       
Failed to write to log, can't make directories for new logfile: mkdir /var/logs: permission denied
[33mWARN[0m[2026-08-26T03:17:38.1661+02:00] Not a valid Opa Pdp Message                  
Failed to write to log, can't make directories for new logfile: mkdir /var/logs: permission denied
[33mWARN[0m[2026-08-26T03:17:38.1664+02:00] Not a valid Opa Pdp Message                  
Failed to write to log, can't make directories for new logfile: mkdir /var/logs: permission denied
[33mWARN[0m[2026-08-26T03:17:38.1662+02:00] Ignoring message with unexpected type:       
Failed to write to log, can't make directories for new logfile: mkdir /var/logs: permission denied
[33mWARN[0m[2026-08-26T03:17:38.1667+02:00] Ignoring message with unexpected type:       
Failed to write to log, can't make directories for new logfile: mkdir /var/logs: permission denied
[33mWARN[0m[2026-08-26T03:17:38.1670+02:00] Ignoring message with unexpected type:       
Failed to write to log, can't make directories for new logfile: mkdir /var/logs: permission denied
[33mWARN[0m[2026-08-26T03:17:38.1672+02:00] Ignoring message with unexpected type:       
Failed to write to log, can't make directories for new logfile: mkdir /var/logs: permission denied
[33mWARN[0m[2026-08-26T03:17:38.1665+02:00] Not a valid Opa Pdp Message                  
Failed to write to log, can't make directories for new logfile: mkdir /var/logs: permission denied
[33mWARN[0m[2026-08-26T03:17:38.1678+02:00] Not a valid Opa Pdp Message                  
Failed to write to log, can't make directories for new logfile: mkdir /var/logs: permission denied
[33mWARN[0m[2026-08-26T03:17:38.1680+02:00] Not a valid Opa Pdp Message                  
Failed to write to log, can't make directories for new logfile: mkdir /var/logs: permission denied
[33mWARN[0m[2026-08-26T03:17:38.1682+02:00] Not a valid Opa Pdp Message                  
Failed to write to log, can't make directories for new logfile: mkdir /var/logs: permission denied
[33mWARN[0m[2026-08-26T03:17:38.1682+02:00] Ignoring message with unexpected type:       
Failed to write to log, can't make directories for new logfile: mkdir /var/logs: permission denied
[33mWARN[0m[2026-08-26T03:17:38.1687+02:00] Not a valid Opa Pdp Message                  
Failed to write to log, can't make directories for new logfile: mkdir /var/logs: permission denied
[33mWARN[0m[2026-08-26T03:17:38.1691+02:00] Ignoring message with unexpected type:       
Failed to write to log, can't make directories for new logfile: mkdir /var/logs: permission denied
[33mWARN[0m[2026-08-26T03:17:38.1691+02:00] Not a valid Opa Pdp Message                  
Failed to write to log, can't make directories for new logfile: mkdir /var/logs: permission denied
[33mWARN[0m[2026-08-26T03:17:38.1693+02:00] Ignoring message with unexpected type:       
Failed to write to log, can't make directories for new logfile: mkdir /var/logs: permission denied
[33mWARN[0m[2026-08-26T03:17:38.1694+02:00] Not a valid Opa Pdp Message                  
Failed to write to log, can't make directories for new logfile: mkdir /var/logs: permission denied
[33mWARN[0m[2026-08-26T03:17:38.1696+02:00] Ignoring message with unexpected type:       
Failed to write to log, can't make directories for new logfile: mkdir /var/logs: permission denied
[33mWARN[0m[2026-08-26T03:17:38.1697+02:00] Not a valid Opa Pdp Message                  
Failed to write to log, can't make directories for new logfile: mkdir /var/logs: permission denied
[33mWARN[0m[2026-08-26T03:17:38.1698+02:00] Ignoring message with unexpected type:       
Failed to write to log, can't make directories for new logfile: mkdir /var/logs: permission denied
[33mWARN[0m[2026-08-26T03:17:38.1699+02:00] Not a valid Opa Pdp Message                  
Failed to write to log, can't make directories for new logfile: mkdir /var/logs: permission denied
[33mWARN[0m[2026-08-26T03:17:38.1700+02:00] Ignoring message with unexpected type:       
Failed to write to log, can't make directories for new logfile: mkdir /var/logs: permission denied
[33mWARN[0m[2026-08-26T03:17:38.1701+02:00] Not a valid Opa Pdp Message                  
Failed to write to log, can't make directories for new logfile: mkdir /var/logs: permission denied
[33mWARN[0m[2026-08-26T03:17:38.1703+02:00] Not a valid Opa Pdp Message                  
Failed to write to log, can't make directories for new logfile: mkdir /var/logs: permission denied
[33mWARN[0m[2026-08-26T03:17:38.1704+02:00] Ignoring message with unexpected type:       
Failed to write to log, can't make directories for new logfile: mkdir /var/logs: permission denied
[33mWARN[0m[2026-08-26T03:17:38.1705+02:00] Not a valid Opa Pdp Message                  
Failed to write to log, can't make directories for new logfile: mkdir /var/logs: permission denied
[33mWARN[0m[2026-08-26T03:17:38.1710+02:00] Ignoring message with unexpected type:       
Failed to write to log, can't make directories for new logfile: mkdir /var/logs: permission denied
[33mWARN[0m[2026-08-26T03:17:38.1711+02:00] Not a valid Opa Pdp Message                  
Failed to write to log, can't make directories for new logfile: mkdir /var/logs: permission denied
[33mWARN[0m[2026-08-26T03:17:38.1716+02:00] Ignoring message with unexpected type:       
Failed to write to log, can't make directories for new logfile: mkdir /var/logs: permission denied
[33mWARN[0m[2026-08-26T03:17:38.1717+02:00] Not a valid Opa Pdp Message                  
Failed to write to log, can't make directories for new logfile: mkdir /var/logs: permission denied
[33mWARN[0m[2026-08-26T03:17:38.1719+02:00] Ignoring message with unexpected type:       
Failed to write to log, can't make directories for new logfile: mkdir /var/logs: permission denied
[33mWARN[0m[2026-08-26T03:17:38.1722+02:00] Not a valid Opa Pdp Message                  
Failed to write to log, can't make directories for new logfile: mkdir /var/logs: permission denied
[33mWARN[0m[2026-08-26T03:17:38.1723+02:00] Ignoring message with unexpected type:       
Failed to write to log, can't make directories for new logfile: mkdir /var/logs: permission denied
[33mWARN[0m[2026-08-26T03:17:38.1724+02:00] Not a valid Opa Pdp Message                  
Failed to write to log, can't make directories for new logfile: mkdir /var/logs: permission denied
[33mWARN[0m[2026-08-26T03:17:38.1725+02:00] Ignoring message with unexpected type:       
Failed to write to log, can't make directories for new logfile: mkdir /var/logs: permission denied
[33mWARN[0m[2026-08-26T03:17:38.1727+02:00] Not a valid Opa Pdp Message                  
Failed to write to log, can't make directories for new logfile: mkdir /var/logs: permission denied
[33mWARN[0m[2026-08-26T03:17:38.1729+02:00] Not a valid Opa Pdp Message                  
Failed to write to log, can't make directories for new logfile: mkdir /var/logs: permission denied
[33mWARN[0m[2026-08-26T03:17:38.1729+02:00] Ignoring message with unexpected type:       
Failed to write to log, can't make directories for new logfile: mkdir /var/logs: permission denied
[33mWARN[0m[2026-08-26T03:17:38.1731+02:00] Not a valid Opa Pdp Message                  
Failed to write to log, can't make directories for new logfile: mkdir /var/logs: permission denied
[33mWARN[0m[2026-08-26T03:17:38.1732+02:00] Ignoring message with unexpected type:       
Failed to write to log, can't make directories for new logfile: mkdir /var/logs: permission denied
[33mWARN[0m[2026-08-26T03:17:38.1732+02:00] Not a valid Opa Pdp Message                  
Failed to write to log, can't make directories for new logfile: mkdir /var/logs: permission denied
[33mWARN[0m[2026-08-26T03:17:38.1734+02:00] Ignoring message with unexpected type:       
Failed to write to log, can't make directories for new logfile: mkdir /var/logs: permission denied
[33mWARN[0m[2026-08-26T03:17:38.1739+02:00] Not a valid Opa Pdp Message                  
Failed to write to log, can't make directories for new logfile: mkdir /var/logs: permission denied
[33mWARN[0m[2026-08-26T03:17:38.1740+02:00] Ignoring message with unexpected type:       
Failed to write to log, can't make directories for new logfile: mkdir /var/logs: permission denied
[33mWARN[0m[2026-08-26T03:17:38.1744+02:00] Not a valid Opa Pdp Message                  
Failed to write to log, can't make directories for new logfile: mkdir /var/logs: permission denied
[33mWARN[0m[2026-08-26T03:17:38.1748+02:00] Ignoring message with unexpected type:       
Failed to write to log, can't make directories for new logfile: mkdir /var/logs: permission denied
[33mWARN[0m[2026-08-26T03:17:38.1749+02:00] Not a valid Opa Pdp Message                  
Failed to write to log, can't make directories for new logfile: mkdir /var/logs: permission denied
[33mWARN[0m[2026-08-26T03:17:38.1750+02:00] Ignoring message with unexpected type:       
Failed to write to log, can't make directories for new logfile: mkdir /var/logs: permission denied
[33mWARN[0m[2026-08-26T03:17:38.1755+02:00] Not a valid Opa Pdp Message                  
Failed to write to log, can't make directories for new logfile: mkdir /var/logs: permission denied
[33mWARN[0m[2026-08-26T03:17:38.1757+02:00] Ignoring message with unexpected type:       
Failed to write to log, can't make directories for new logfile: mkdir /var/logs: permission denied
[33mWARN[0m[2026-08-26T03:17:38.1758+02:00] Not a valid Opa Pdp Message                  
Failed to write to log, can't make directories for new logfile: mkdir /var/logs: permission denied
[33mWARN[0m[2026-08-26T03:17:38.1761+02:00] Ignoring message with unexpected type:       
Failed to write to log, can't make directories for new logfile: mkdir /var/logs: permission denied
[33mWARN[0m[2026-08-26T03:17:38.1763+02:00] Not a valid Opa Pdp Message                  
Failed to write to log, can't make directories for new logfile: mkdir /var/logs: permission denied
[33mWARN[0m[2026-08-26T03:17:38.1764+02:00] Ignoring message with unexpected type:       
Failed to write to log, can't make directories for new logfile: mkdir /var/logs: permission denied
[33mWARN[0m[2026-08-26T03:17:38.1768+02:00] Not a valid Opa Pdp Message                  
Failed to write to log, can't make directories for new logfile: mkdir /var/logs: permission denied
[33mWARN[0m[2026-08-26T03:17:38.1769+02:00] Ignoring message with unexpected type:       
Failed to write to log, can't make directories for new logfile: mkdir /var/logs: permission denied
[33mWARN[0m[2026-08-26T03:17:38.1771+02:00] Not a valid Opa Pdp Message                  
Failed to write to log, can't make directories for new logfile: mkdir /var/logs: permission denied
[33mWARN[0m[2026-08-26T03:17:38.1776+02:00] Ignoring message with unexpected type:       
Failed to write to log, can't make directories for new logfile: mkdir /var/logs: permission denied
[33mWARN[0m[2026-08-26T03:17:38.1777+02:00] Not a valid Opa Pdp Message                  
Failed to write to log, can't make directories for new logfile: mkdir /var/logs: permission denied
[33mWARN[0m[2026-08-26T03:17:38.1784+02:00] Not a valid Opa Pdp Message                  
Failed to write to log, can't make directories for new logfile: mkdir /var/logs: permission denied
[33mWARN[0m[2026-08-26T03:17:38.1785+02:00] Ignoring message with unexpected type:       
Failed to write to log, can't make directories for new logfile: mkdir /var/logs: permission denied
[33mWARN[0m[2026-08-26T03:17:38.1785+02:00] Not a valid Opa Pdp Message                  
Failed to write to log, can't make directories for new logfile: mkdir /var/logs: permission denied
[33mWARN[0m[2026-08-26T03:17:38.1791+02:00] Ignoring message with unexpected type:       
Failed to write to log, can't make directories for new logfile: mkdir /var/logs: permission denied
[33mWARN[0m[2026-08-26T03:17:38.1793+02:00] Not a valid Opa Pdp Message                  
Failed to write to log, can't make directories for new logfile: mkdir /var/logs: permission denied
[33mWARN[0m[2026-08-26T03:17:38.1795+02:00] Ignoring message with unexpected type:       
Failed to write to log, can't make directories for new logfile: mkdir /var/logs: permission denied
[33mWARN[0m[2026-08-26T03:17:38.1796+02:00] Not a valid Opa Pdp Message                  
Failed to write to log, can't make directories for new logfile: mkdir /var/logs: permission denied
[33mWARN[0m[2026-08-26T03:17:38.1797+02:00] Ignoring message with unexpected type:       
Failed to write to log, can't make directories for new logfile: mkdir /var/logs: permission denied
[33mWARN[0m[2026-08-26T03:17:38.1801+02:00] Not a valid Opa Pdp Message                  
Failed to write to log, can't make directories for new logfile: mkdir /var/logs: permission denied
[33mWARN[0m[2026-08-26T03:17:38.1805+02:00] Not a valid Opa Pdp Message                  
Failed to write to log, can't make directories for new logfile: mkdir /var/logs: permission denied
[33mWARN[0m[2026-08-26T03:17:38.1805+02:00] Ignoring message with unexpected type:       
Failed to write to log, can't make directories for new logfile: mkdir /var/logs: permission denied
[33mWARN[0m[2026-08-26T03:17:38.1807+02:00] Not a valid Opa Pdp Message                  
Failed to write to log, can't make directories for new logfile: mkdir /var/logs: permission denied
[33mWARN[0m[2026-08-26T03:17:38.1810+02:00] Ignoring message with unexpected type:       
Failed to write to log, can't make directories for new logfile: mkdir /var/logs: permission denied
[33mWARN[0m[2026-08-26T03:17:38.1811+02:00] Not a valid Opa Pdp Message                  
Failed to write to log, can't make directories for new logfile: mkdir /var/logs: permission denied
[33mWARN[0m[2026-08-26T03:17:38.1812+02:00] Ignoring message with unexpected type:       
Failed to write to log, can't make directories for new logfile: mkdir /var/logs: permission denied
[33mWARN[0m[2026-08-26T03:17:38.1813+02:00] Not a valid Opa Pdp Message                  
Failed to write to log, can't make directories for new logfile: mkdir /var/logs: permission denied
[33mWARN[0m[2026-08-26T03:17:38.1815+02:00] Ignoring message with unexpected type:       
Failed to write to log, can't make directories for new logfile: mkdir /var/logs: permission denied
[33mWARN[0m[2026-08-26T03:17:38.1817+02:00] Not a valid Opa Pdp Message                  
Failed to write to log, can't make directories for new logfile: mkdir /var/logs: permission denied
[33mWARN[0m[2026-08-26T03:17:38.1821+02:00] Ignoring message with unexpected type:       
Failed to write to log, can't make directories for new logfile: mkdir /var/logs: permission denied
[33mWARN[0m[2026-08-26T03:17:38.1822+02:00] Not a valid Opa Pdp Message                  
Failed to write to log, can't make directories for new logfile: mkdir /var/logs: permission denied
[33mWARN[0m[2026-08-26T03:17:38.1826+02:00] Ignoring message with unexpected type:       
Failed to write to log, can't make directories for new logfile: mkdir /var/logs: permission denied
[33mWARN[0m[2026-08-26T03:17:38.1828+02:00] Not a valid Opa Pdp Message                  
Failed to write to log, can't make directories for new logfile: mkdir /var/logs: permission denied
[33mWARN[0m[2026-08-26T03:17:38.1829+02:00] Ignoring message with unexpected type:       
Failed to write to log, can't make directories for new logfile: mkdir /var/logs: permission denied
[33mWARN[0m[2026-08-26T03:17:38.1831+02:00] Not a valid Opa Pdp Message                  
Failed to write to log, can't make directories for new logfile: mkdir /var/logs: permission denied
[33mWARN[0m[2026-08-26T03:17:38.1832+02:00] Ignoring message with unexpected type:       
Failed to write to log, can't make directories for new logfile: mkdir /var/logs: permission denied
[33mWARN[0m[2026-08-26T03:17:38.1833+02:00] Not a valid Opa Pdp Message                  
Failed to write to log, can't make directories for new logfile: mkdir /var/logs: permission denied
[33mWARN[0m[2026-08-26T03:17:38.1834+02:00] Ignoring message with unexpected type:       
Failed to write to log, can't make directories for new logfile: mkdir /var/logs: permission denied
[33mWARN[0m[2026-08-26T03:17:38.1836+02:00] Ignoring message with unexpected type:       
Failed to write to log, can't make directories for new logfile: mkdir /var/logs: permission denied
[33mWARN[0m[2026-08-26T03:17:38.1835+02:00] Not a valid Opa Pdp Message                  
Failed to write to log, can't make directories for new logfile: mkdir /var/logs: permission denied
[33mWARN[0m[2026-08-26T03:17:38.1839+02:00] Ignoring message with unexpected type:       
Failed to write to log, can't make directories for new logfile: mkdir /var/logs: permission denied
[33mWARN[0m[2026-08-26T03:17:38.1841+02:00] Not a valid Opa Pdp Message                  
Failed to write to log, can't make directories for new logfile: mkdir /var/logs: permission denied
[33mWARN[0m[2026-08-26T03:17:38.1845+02:00] Ignoring message with unexpected type:       
Failed to write to log, can't make directories for new logfile: mkdir /var/logs: permission denied
[33mWARN[0m[2026-08-26T03:17:38.1845+02:00] Not a valid Opa Pdp Message                  
Failed to write to log, can't make directories for new logfile: mkdir /var/logs: permission denied
[33mWARN[0m[2026-08-26T03:17:38.1848+02:00] Ignoring message with unexpected type:       
Failed to write to log, can't make directories for new logfile: mkdir /var/logs: permission denied
[33mWARN[0m[2026-08-26T03:17:38.1851+02:00] Not a valid Opa Pdp Message                  
Failed to write to log, can't make directories for new logfile: mkdir /var/logs: permission denied
[33mWARN[0m[2026-08-26T03:17:38.1854+02:00] Ignoring message with unexpected type:       
Failed to write to log, can't make directories for new logfile: mkdir /var/logs: permission denied
[33mWARN[0m[2026-08-26T03:17:38.1854+02:00] Not a valid Opa Pdp Message                  
Failed to write to log, can't make directories for new logfile: mkdir /var/logs: permission denied
[33mWARN[0m[2026-08-26T03:17:38.1856+02:00] Ignoring message with unexpected type:       
Failed to write to log, can't make directories for new logfile: mkdir /var/logs: permission denied
[33mWARN[0m[2026-08-26T03:17:38.1856+02:00] Not a valid Opa Pdp Message                  
Failed to write to log, can't make directories for new logfile: mkdir /var/logs: permission denied
[33mWARN[0m[2026-08-26T03:17:38.1858+02:00] Ignoring message with unexpected type:       
Failed to write to log, can't make directories for new logfile: mkdir /var/logs: permission denied
[33mWARN[0m[2026-08-26T03:17:38.1860+02:00] Not a valid Opa Pdp Message                  
Failed to write to log, can't make directories for new logfile: mkdir /var/logs: permission denied
[33mWARN[0m[2026-08-26T03:17:38.1860+02:00] Ignoring message with unexpected type:       
Failed to write to log, can't make directories for new logfile: mkdir /var/logs: permission denied
[33mWARN[0m[2026-08-26T03:17:38.1865+02:00] Not a valid Opa Pdp Message                  
Failed to write to log, can't make directories for new logfile: mkdir /var/logs: permission denied
[33mWARN[0m[2026-08-26T03:17:38.1869+02:00] Not a valid Opa Pdp Message                  
Failed to write to log, can't make directories for new logfile: mkdir /var/logs: permission denied
[33mWARN[0m[2026-08-26T03:17:38.1870+02:00] Ignoring message with unexpected type:       
Failed to write to log, can't make directories for new logfile: mkdir /var/logs: permission denied
[33mWARN[0m[2026-08-26T03:17:38.1871+02:00] Not a valid Opa Pdp Message                  
Failed to write to log, can't make directories for new logfile: mkdir /var/logs: permission denied
[33mWARN[0m[2026-08-26T03:17:38.1876+02:00] Ignoring message with unexpected type:       
Failed to write to log, can't make directories for new logfile: mkdir /var/logs: permission denied
[33mWARN[0m[2026-08-26T03:17:38.1878+02:00] Not a valid Opa Pdp Message                  
Failed to write to log, can't make directories for new logfile: mkdir /var/logs: permission denied
[33mWARN[0m[2026-08-26T03:17:38.1883+02:00] Ignoring message with unexpected type:       
Failed to write to log, can't make directories for new logfile: mkdir /var/logs: permission denied
[33mWARN[0m[2026-08-26T03:17:38.1884+02:00] Not a valid Opa Pdp Message                  
Failed to write to log, can't make directories for new logfile: mkdir /var/logs: permission denied
[33mWARN[0m[2026-08-26T03:17:38.1886+02:00] Ignoring message with unexpected type:       
Failed to write to log, can't make directories for new logfile: mkdir /var/logs: permission denied
[33mWARN[0m[2026-08-26T03:17:38.1887+02:00] Not a valid Opa Pdp Message                  
Failed to write to log, can't make directories for new logfile: mkdir /var/logs: permission denied
[33mWARN[0m[2026-08-26T03:17:38.1888+02:00] Ignoring message with unexpected type:       
Failed to write to log, can't make directories for new logfile: mkdir /var/logs: permission denied
[33mWARN[0m[2026-08-26T03:17:38.1891+02:00] Not a valid Opa Pdp Message                  
Failed to write to log, can't make directories for new logfile: mkdir /var/logs: permission denied
[33mWARN[0m[2026-08-26T03:17:38.1895+02:00] Ignoring message with unexpected type:       
Failed to write to log, can't make directories for new logfile: mkdir /var/logs: permission denied
[33mWARN[0m[2026-08-26T03:17:38.1896+02:00] Not a valid Opa Pdp Message                  
Failed to write to log, can't make directories for new logfile: mkdir /var/logs: permission denied
[33mWARN[0m[2026-08-26T03:17:38.1901+02:00] Ignoring message with unexpected type:       
Failed to write to log, can't make directories for new logfile: mkdir /var/logs: permission denied
[33mWARN[0m[2026-08-26T03:17:38.1902+02:00] Not a valid Opa Pdp Message                  
Failed to write to log, can't make directories for new logfile: mkdir /var/logs: permission denied
[33mWARN[0m[2026-08-26T03:17:38.1907+02:00] Ignoring message with unexpected type:       
Failed to write to log, can't make directories for new logfile: mkdir /var/logs: permission denied
[33mWARN[0m[2026-08-26T03:17:38.1907+02:00] Not a valid Opa Pdp Message                  
Failed to write to log, can't make directories for new logfile: mkdir /var/logs: permission denied
[33mWARN[0m[2026-08-26T03:17:38.1913+02:00] Ignoring message with unexpected type:       
Failed to write to log, can't make directories for new logfile: mkdir /var/logs: permission denied
[33mWARN[0m[2026-08-26T03:17:38.1913+02:00] Not a valid Opa Pdp Message                  
Failed to write to log, can't make directories for new logfile: mkdir /var/logs: permission denied
[33mWARN[0m[2026-08-26T03:17:38.1915+02:00] Ignoring message with unexpected type:       
Failed to write to log, can't make directories for new logfile: mkdir /var/logs: permission denied
[33mWARN[0m[2026-08-26T03:17:38.1918+02:00] Not a valid Opa Pdp Message                  
Failed to write to log, can't make directories for new logfile: mkdir /var/logs: permission denied
[33mWARN[0m[2026-08-26T03:17:38.1922+02:00] Ignoring message with unexpected type:       
Failed to write to log, can't make directories for new logfile: mkdir /var/logs: permission denied
[33mWARN[0m[2026-08-26T03:17:38.1924+02:00] Not a valid Opa Pdp Message                  
Failed to write to log, can't make directories for new logfile: mkdir /var/logs: permission denied
[33mWARN[0m[2026-08-26T03:17:38.1928+02:00] Ignoring message with unexpected type:       
Failed to write to log, can't make directories for new logfile: mkdir /var/logs: permission denied
[33mWARN[0m[2026-08-26T03:17:38.1932+02:00] Not a valid Opa Pdp Message                  
Failed to write to log, can't make directories for new logfile: mkdir /var/logs: permission denied
[33mWARN[0m[2026-08-26T03:17:38.1933+02:00] Ignoring message with unexpected type:       
Failed to write to log, can't make directories for new logfile: mkdir /var/logs: permission denied
[33mWARN[0m[2026-08-26T03:17:38.1935+02:00] Not a valid Opa Pdp Message                  
Failed to write to log, can't make directories for new logfile: mkdir /var/logs: permission denied
[33mWARN[0m[2026-08-26T03:17:38.1939+02:00] Ignoring message with unexpected type:       
Failed to write to log, can't make directories for new logfile: mkdir /var/logs: permission denied
[33mWARN[0m[2026-08-26T03:17:38.1940+02:00] Not a valid Opa Pdp Message                  
Failed to write to log, can't make directories for new logfile: mkdir /var/logs: permission denied
[33mWARN[0m[2026-08-26T03:17:38.1943+02:00] Ignoring message with unexpected type:       
Failed to write to log, can't make directories for new logfile: mkdir /var/logs: permission denied
[33mWARN[0m[2026-08-26T03:17:38.1944+02:00] Not a valid Opa Pdp Message                  
Failed to write to log, can't make directories for new logfile: mkdir /var/logs: permission denied
[33mWARN[0m[2026-08-26T03:17:38.1945+02:00] Ignoring message with unexpected type:       
Failed to write to log, can't make directories for new logfile: mkdir /var/logs: permission denied
[33mWARN[0m[2026-08-26T03:17:38.1946+02:00] Not a valid Opa Pdp Message                  
Failed to write to log, can't make directories for new logfile: mkdir /var/logs: permission denied
[33mWARN[0m[2026-08-26T03:17:38.1947+02:00] Ignoring message with unexpected type:       
Failed to write to log, can't make directories for new logfile: mkdir /var/logs: permission denied
[33mWARN[0m[2026-08-26T03:17:38.1949+02:00] Not a valid Opa Pdp Message                  
Failed to write to log, can't make directories for new logfile: mkdir /var/logs: permission denied
[33mWARN[0m[2026-08-26T03:17:38.1952+02:00] Ignoring message with unexpected type:       
Failed to write to log, can't make directories for new logfile: mkdir /var/logs: permission denied
[33mWARN[0m[2026-08-26T03:17:38.1955+02:00] Not a valid Opa Pdp Message                  
Failed to write to log, can't make directories for new logfile: mkdir /var/logs: permission denied
[33mWARN[0m[2026-08-26T03:17:38.1957+02:00] Ignoring message with unexpected type:       
Failed to write to log, can't make directories for new logfile: mkdir /var/logs: permission denied
[33mWARN[0m[2026-08-26T03:17:38.1961+02:00] Not a valid Opa Pdp Message                  
Failed to write to log, can't make directories for new logfile: mkdir /var/logs: permission denied
[33mWARN[0m[2026-08-26T03:17:38.1962+02:00] Ignoring message with unexpected type:       
Failed to write to log, can't make directories for new logfile: mkdir /var/logs: permission denied
[33mWARN[0m[2026-08-26T03:17:38.1963+02:00] Not a valid Opa Pdp Message                  
Failed to write to log, can't make directories for new logfile: mkdir /var/logs: permission denied
[33mWARN[0m[2026-08-26T03:17:38.1966+02:00] Ignoring message with unexpected type:       
Failed to write to log, can't make directories for new logfile: mkdir /var/logs: permission denied
[33mWARN[0m[2026-08-26T03:17:38.1970+02:00] Not a valid Opa Pdp Message                  
Failed to write to log, can't make directories for new logfile: mkdir /var/logs: permission denied
[33mWARN[0m[2026-08-26T03:17:38.1974+02:00] Ignoring message with unexpected type:       
Failed to write to log, can't make directories for new logfile: mkdir /var/logs: permission denied
[33mWARN[0m[2026-08-26T03:17:38.1975+02:00] Not a valid Opa Pdp Message                  
Failed to write to log, can't make directories for new logfile: mkdir /var/logs: permission denied
[33mWARN[0m[2026-08-26T03:17:38.1976+02:00] Ignoring message with unexpected type:       
Failed to write to log, can't make directories for new logfile: mkdir /var/logs: permission denied
[33mWARN[0m[2026-08-26T03:17:38.1977+02:00] Not a valid Opa Pdp Message                  
Failed to write to log, can't make directories for new logfile: mkdir /var/logs: permission denied
[33mWARN[0m[2026-08-26T03:17:38.1978+02:00] Ignoring message with unexpected type:       
Failed to write to log, can't make directories for new logfile: mkdir /var/logs: permission denied
[33mWARN[0m[2026-08-26T03:17:38.1982+02:00] Not a valid Opa Pdp Message                  
Failed to write to log, can't make directories for new logfile: mkdir /var/logs: permission denied
[33mWARN[0m[2026-08-26T03:17:38.1983+02:00] Ignoring message with unexpected type:       
Failed to write to log, can't make directories for new logfile: mkdir /var/logs: permission denied
[33mWARN[0m[2026-08-26T03:17:38.1984+02:00] Not a valid Opa Pdp Message                  
Failed to write to log, can't make directories for new logfile: mkdir /var/logs: permission denied
[33mWARN[0m[2026-08-26T03:17:38.1986+02:00] Ignoring message with unexpected type:       
Failed to write to log, can't make directories for new logfile: mkdir /var/logs: permission denied
[33mWARN[0m[2026-08-26T03:17:38.1989+02:00] Not a valid Opa Pdp Message                  
Failed to write to log, can't make directories for new logfile: mkdir /var/logs: permission denied
[33mWARN[0m[2026-08-26T03:17:38.1993+02:00] Ignoring message with unexpected type:       
Failed to write to log, can't make directories for new logfile: mkdir /var/logs: permission denied
[33mWARN[0m[2026-08-26T03:17:38.1994+02:00] Not a valid Opa Pdp Message                  
Failed to write to log, can't make directories for new logfile: mkdir /var/logs: permission denied
[33mWARN[0m[2026-08-26T03:17:38.1997+02:00] Not a valid Opa Pdp Message                  
Failed to write to log, can't make directories for new logfile: mkdir /var/logs: permission denied
[33mWARN[0m[2026-08-26T03:17:38.1999+02:00] Not a valid Opa Pdp Message                  
Failed to write to log, can't make directories for new logfile: mkdir /var/logs: permission denied
[33mWARN[0m[2026-08-26T03:17:38.1996+02:00] Ignoring message with unexpected type:       
Failed to write to log, can't make directories for new logfile: mkdir /var/logs: permission denied
[33mWARN[0m[2026-08-26T03:17:38.2001+02:00] Not a valid Opa Pdp Message                  
Failed to write to log, can't make directories for new logfile: mkdir /var/logs: permission denied
[33mWARN[0m[2026-08-26T03:17:38.2004+02:00] Ignoring message with unexpected type:       
Failed to write to log, can't make directories for new logfile: mkdir /var/logs: permission denied
[33mWARN[0m[2026-08-26T03:17:38.2008+02:00] Not a valid Opa Pdp Message                  
Failed to write to log, can't make directories for new logfile: mkdir /var/logs: permission denied
[33mWARN[0m[2026-08-26T03:17:38.2012+02:00] Not a valid Opa Pdp Message                  
Failed to write to log, can't make directories for new logfile: mkdir /var/logs: permission denied
[33mWARN[0m[2026-08-26T03:17:38.2012+02:00] Ignoring message with unexpected type:       
Failed to write to log, can't make directories for new logfile: mkdir /var/logs: permission denied
[33mWARN[0m[2026-08-26T03:17:38.2013+02:00] Not a valid Opa Pdp Message                  
Failed to write to log, can't make directories for new logfile: mkdir /var/logs: permission denied
[33mWARN[0m[2026-08-26T03:17:38.2015+02:00] Ignoring message with unexpected type:       
Failed to write to log, can't make directories for new logfile: mkdir /var/logs: permission denied
[33mWARN[0m[2026-08-26T03:17:38.2016+02:00] Not a valid Opa Pdp Message                  
Failed to write to log, can't make directories for new logfile: mkdir /var/logs: permission denied
[33mWARN[0m[2026-08-26T03:17:38.2019+02:00] Not a valid Opa Pdp Message                  
Failed to write to log, can't make directories for new logfile: mkdir /var/logs: permission denied
[33mWARN[0m[2026-08-26T03:17:38.2017+02:00] Ignoring message with unexpected type:       
Failed to write to log, can't make directories for new logfile: mkdir /var/logs: permission denied
[33mWARN[0m[2026-08-26T03:17:38.2022+02:00] Not a valid Opa Pdp Message                  
Failed to write to log, can't make directories for new logfile: mkdir /var/logs: permission denied
[33mWARN[0m[2026-08-26T03:17:38.2024+02:00] Ignoring message with unexpected type:       
Failed to write to log, can't make directories for new logfile: mkdir /var/logs: permission denied
[33mWARN[0m[2026-08-26T03:17:38.2031+02:00] Not a valid Opa Pdp Message                  
Failed to write to log, can't make directories for new logfile: mkdir /var/logs: permission denied
[33mWARN[0m[2026-08-26T03:17:38.2031+02:00] Ignoring message with unexpected type:       
Failed to write to log, can't make directories for new logfile: mkdir /var/logs: permission denied
[33mWARN[0m[2026-08-26T03:17:38.2036+02:00] Ignoring message with unexpected type:       
Failed to write to log, can't make directories for new logfile: mkdir /var/logs: permission denied
[33mWARN[0m[2026-08-26T03:17:38.2039+02:00] Ignoring message with unexpected type:       
Failed to write to log, can't make directories for new logfile: mkdir /var/logs: permission denied
[33mWARN[0m[2026-08-26T03:17:38.2033+02:00] Not a valid Opa Pdp Message                  
Failed to write to log, can't make directories for new logfile: mkdir /var/logs: permission denied
[33mWARN[0m[2026-08-26T03:17:38.2046+02:00] Not a valid Opa Pdp Message                  
Failed to write to log, can't make directories for new logfile: mkdir /var/logs: permission denied
[33mWARN[0m[2026-08-26T03:17:38.2048+02:00] Not a valid Opa Pdp Message                  
Failed to write to log, can't make directories for new logfile: mkdir /var/logs: permission denied
[33mWARN[0m[2026-08-26T03:17:38.2049+02:00] Ignoring message with unexpected type:       
Failed to write to log, can't make directories for new logfile: mkdir /var/logs: permission denied
[33mWARN[0m[2026-08-26T03:17:38.2050+02:00] Not a valid Opa Pdp Message                  
Failed to write to log, can't make directories for new logfile: mkdir /var/logs: permission denied
[33mWARN[0m[2026-08-26T03:17:38.2052+02:00] Ignoring message with unexpected type:       
Failed to write to log, can't make directories for new logfile: mkdir /var/logs: permission denied
[33mWARN[0m[2026-08-26T03:17:38.2055+02:00] Not a valid Opa Pdp Message                  
Failed to write to log, can't make directories for new logfile: mkdir /var/logs: permission denied
[33mWARN[0m[2026-08-26T03:17:38.2056+02:00] Ignoring message with unexpected type:       
Failed to write to log, can't make directories for new logfile: mkdir /var/logs: permission denied
[33mWARN[0m[2026-08-26T03:17:38.2057+02:00] Not a valid Opa Pdp Message                  
Failed to write to log, can't make directories for new logfile: mkdir /var/logs: permission denied
[33mWARN[0m[2026-08-26T03:17:38.2059+02:00] Ignoring message with unexpected type:       
Failed to write to log, can't make directories for new logfile: mkdir /var/logs: permission denied
[33mWARN[0m[2026-08-26T03:17:38.2059+02:00] Not a valid Opa Pdp Message                  
Failed to write to log, can't make directories for new logfile: mkdir /var/logs: permission denied
[33mWARN[0m[2026-08-26T03:17:38.2061+02:00] Ignoring message with unexpected type:       
Failed to write to log, can't make directories for new logfile: mkdir /var/logs: permission denied
[33mWARN[0m[2026-08-26T03:17:38.2064+02:00] Not a valid Opa Pdp Message                  
Failed to write to log, can't make directories for new logfile: mkdir /var/logs: permission denied
[33mWARN[0m[2026-08-26T03:17:38.2067+02:00] Ignoring message with unexpected type:       
Failed to write to log, can't make directories for new logfile: mkdir /var/logs: permission denied
[33mWARN[0m[2026-08-26T03:17:38.2070+02:00] Not a valid Opa Pdp Message                  
Failed to write to log, can't make directories for new logfile: mkdir /var/logs: permission denied
[33mWARN[0m[2026-08-26T03:17:38.2071+02:00] Ignoring message with unexpected type:       
Failed to write to log, can't make directories for new logfile: mkdir /var/logs: permission denied
[33mWARN[0m[2026-08-26T03:17:38.2072+02:00] Not a valid Opa Pdp Message                  
Failed to write to log, can't make directories for new logfile: mkdir /var/logs: permission denied
[33mWARN[0m[2026-08-26T03:17:38.2074+02:00] Ignoring message with unexpected type:       
Failed to write to log, can't make directories for new logfile: mkdir /var/logs: permission denied
[33mWARN[0m[2026-08-26T03:17:38.2077+02:00] Not a valid Opa Pdp Message                  
Failed to write to log, can't make directories for new logfile: mkdir /var/logs: permission denied
[33mWARN[0m[2026-08-26T03:17:38.2081+02:00] Ignoring message with unexpected type:       
Failed to write to log, can't make directories for new logfile: mkdir /var/logs: permission denied
[33mWARN[0m[2026-08-26T03:17:38.2083+02:00] Not a valid Opa Pdp Message                  
Failed to write to log, can't make directories for new logfile: mkdir /var/logs: permission denied
[33mWARN[0m[2026-08-26T03:17:38.2085+02:00] Ignoring message with unexpected type:       
Failed to write to log, can't make directories for new logfile: mkdir /var/logs: permission denied
[33mWARN[0m[2026-08-26T03:17:38.2090+02:00] Not a valid Opa Pdp Message                  
Failed to write to log, can't make directories for new logfile: mkdir /var/logs: permission denied
[33mWARN[0m[2026-08-26T03:17:38.2091+02:00] Ignoring message with unexpected type:       
Failed to write to log, can't make directories for new logfile: mkdir /var/logs: permission denied
[33mWARN[0m[2026-08-26T03:17:38.2094+02:00] Not a valid Opa Pdp Message                  
Failed to write to log, can't make directories for new logfile: mkdir /var/logs: permission denied
[33mWARN[0m[2026-08-26T03:17:38.2097+02:00] Ignoring message with unexpected type:       
Failed to write to log, can't make directories for new logfile: mkdir /var/logs: permission denied
[33mWARN[0m[2026-08-26T03:17:38.2098+02:00] Not a valid Opa Pdp Message                  
Failed to write to log, can't make directories for new logfile: mkdir /var/logs: permission denied
[33mWARN[0m[2026-08-26T03:17:38.2102+02:00] Ignoring message with unexpected type:       
Failed to write to log, can't make directories for new logfile: mkdir /var/logs: permission denied
[33mWARN[0m[2026-08-26T03:17:38.2104+02:00] Not a valid Opa Pdp Message                  
Failed to write to log, can't make directories for new logfile: mkdir /var/logs: permission denied
[33mWARN[0m[2026-08-26T03:17:38.2110+02:00] Ignoring message with unexpected type:       
Failed to write to log, can't make directories for new logfile: mkdir /var/logs: permission denied
[33mWARN[0m[2026-08-26T03:17:38.2112+02:00] Not a valid Opa Pdp Message                  
Failed to write to log, can't make directories for new logfile: mkdir /var/logs: permission denied
[33mWARN[0m[2026-08-26T03:17:38.2116+02:00] Ignoring message with unexpected type:       
Failed to write to log, can't make directories for new logfile: mkdir /var/logs: permission denied
[33mWARN[0m[2026-08-26T03:17:38.2117+02:00] Not a valid Opa Pdp Message                  
Failed to write to log, can't make directories for new logfile: mkdir /var/logs: permission denied
[33mWARN[0m[2026-08-26T03:17:38.2118+02:00] Ignoring message with unexpected type:       
Failed to write to log, can't make directories for new logfile: mkdir /var/logs: permission denied
[33mWARN[0m[2026-08-26T03:17:38.2119+02:00] Not a valid Opa Pdp Message                  
Failed to write to log, can't make directories for new logfile: mkdir /var/logs: permission denied
[33mWARN[0m[2026-08-26T03:17:38.2120+02:00] Ignoring message with unexpected type:       
Failed to write to log, can't make directories for new logfile: mkdir /var/logs: permission denied
[33mWARN[0m[2026-08-26T03:17:38.2121+02:00] Not a valid Opa Pdp Message                  
Failed to write to log, can't make directories for new logfile: mkdir /var/logs: permission denied
[33mWARN[0m[2026-08-26T03:17:38.2124+02:00] Not a valid Opa Pdp Message                  
Failed to write to log, can't make directories for new logfile: mkdir /var/logs: permission denied
[33mWARN[0m[2026-08-26T03:17:38.2125+02:00] Not a valid Opa Pdp Message                  
Failed to write to log, can't make directories for new logfile: mkdir /var/logs: permission denied
[33mWARN[0m[2026-08-26T03:17:38.2127+02:00] Not a valid Opa Pdp Message                  
Failed to write to log, can't make directories for new logfile: mkdir /var/logs: permission denied
[33mWARN[0m[2026-08-26T03:17:38.2129+02:00] Not a valid Opa Pdp Message                  
Failed to write to log, can't make directories for new logfile: mkdir /var/logs: permission denied
[33mWARN[0m[2026-08-26T03:17:38.2124+02:00] Ignoring message with unexpected type:       
Failed to write to log, can't make directories for new logfile: mkdir /var/logs: permission denied
[33mWARN[0m[2026-08-26T03:17:38.2131+02:00] Not a valid Opa Pdp Message                  
Failed to write to log, can't make directories for new logfile: mkdir /var/logs: permission denied
[33mWARN[0m[2026-08-26T03:17:38.2135+02:00] Ignoring message with unexpected type:       
Failed to write to log, can't make directories for new logfile: mkdir /var/logs: permission denied
[33mWARN[0m[2026-08-26T03:17:38.2138+02:00] Not a valid Opa Pdp Message                  
Failed to write to log, can't make directories for new logfile: mkdir /var/logs: permission denied
[33mWARN[0m[2026-08-26T03:17:38.2139+02:00] Ignoring message with unexpected type:       
Failed to write to log, can't make directories for new logfile: mkdir /var/logs: permission denied
[33mWARN[0m[2026-08-26T03:17:38.2142+02:00] Not a valid Opa Pdp Message                  
Failed to write to log, can't make directories for new logfile: mkdir /var/logs: permission denied
[33mWARN[0m[2026-08-26T03:17:38.2145+02:00] Ignoring message with unexpected type:       
Failed to write to log, can't make directories for new logfile: mkdir /var/logs: permission denied
[33mWARN[0m[2026-08-26T03:17:38.2146+02:00] Not a valid Opa Pdp Message                  
Failed to write to log, can't make directories for new logfile: mkdir /var/logs: permission denied
[33mWARN[0m[2026-08-26T03:17:38.2147+02:00] Ignoring message with unexpected type:       
Failed to write to log, can't make directories for new logfile: mkdir /var/logs: permission denied
[33mWARN[0m[2026-08-26T03:17:38.2152+02:00] Not a valid Opa Pdp Message                  
Failed to write to log, can't make directories for new logfile: mkdir /var/logs: permission denied
[33mWARN[0m[2026-08-26T03:17:38.2153+02:00] Ignoring message with unexpected type:       
Failed to write to log, can't make directories for new logfile: mkdir /var/logs: permission denied
[33mWARN[0m[2026-08-26T03:17:38.2155+02:00] Not a valid Opa Pdp Message                  
Failed to write to log, can't make directories for new logfile: mkdir /var/logs: permission denied
[33mWARN[0m[2026-08-26T03:17:38.2155+02:00] Ignoring message with unexpected type:       
Failed to write to log, can't make directories for new logfile: mkdir /var/logs: permission denied
[33mWARN[0m[2026-08-26T03:17:38.2156+02:00] Not a valid Opa Pdp Message                  
Failed to write to log, can't make directories for new logfile: mkdir /var/logs: permission denied
[33mWARN[0m[2026-08-26T03:17:38.2158+02:00] Ignoring message with unexpected type:       
Failed to write to log, can't make directories for new logfile: mkdir /var/logs: permission denied
[33mWARN[0m[2026-08-26T03:17:38.2158+02:00] Not a valid Opa Pdp Message                  
Failed to write to log, can't make directories for new logfile: mkdir /var/logs: permission denied
[33mWARN[0m[2026-08-26T03:17:38.2160+02:00] Ignoring message with unexpected type:       
Failed to write to log, can't make directories for new logfile: mkdir /var/logs: permission denied
[33mWARN[0m[2026-08-26T03:17:38.2164+02:00] Not a valid Opa Pdp Message                  
Failed to write to log, can't make directories for new logfile: mkdir /var/logs: permission denied
[33mWARN[0m[2026-08-26T03:17:38.2167+02:00] Ignoring message with unexpected type:       
Failed to write to log, can't make directories for new logfile: mkdir /var/logs: permission denied
[33mWARN[0m[2026-08-26T03:17:38.2167+02:00] Not a valid Opa Pdp Message                  
Failed to write to log, can't make directories for new logfile: mkdir /var/logs: permission denied
[33mWARN[0m[2026-08-26T03:17:38.2170+02:00] Ignoring message with unexpected type:       
Failed to write to log, can't make directories for new logfile: mkdir /var/logs: permission denied
[33mWARN[0m[2026-08-26T03:17:38.2171+02:00] Not a valid Opa Pdp Message                  
Failed to write to log, can't make directories for new logfile: mkdir /var/logs: permission denied
[33mWARN[0m[2026-08-26T03:17:38.2172+02:00] Ignoring message with unexpected type:       
Failed to write to log, can't make directories for new logfile: mkdir /var/logs: permission denied
[33mWARN[0m[2026-08-26T03:17:38.2173+02:00] Not a valid Opa Pdp Message                  
Failed to write to log, can't make directories for new logfile: mkdir /var/logs: permission denied
[33mWARN[0m[2026-08-26T03:17:38.2174+02:00] Ignoring message with unexpected type:       
Failed to write to log, can't make directories for new logfile: mkdir /var/logs: permission denied
[33mWARN[0m[2026-08-26T03:17:38.2181+02:00] Ignoring message with unexpected type:       
Failed to write to log, can't make directories for new logfile: mkdir /var/logs: permission denied
[33mWARN[0m[2026-08-26T03:17:38.2178+02:00] Not a valid Opa Pdp Message                  
Failed to write to log, can't make directories for new logfile: mkdir /var/logs: permission denied
[33mWARN[0m[2026-08-26T03:17:38.2184+02:00] Ignoring message with unexpected type:       
Failed to write to log, can't make directories for new logfile: mkdir /var/logs: permission denied
[33mWARN[0m[2026-08-26T03:17:38.2186+02:00] Not a valid Opa Pdp Message                  
Failed to write to log, can't make directories for new logfile: mkdir /var/logs: permission denied
[33mWARN[0m[2026-08-26T03:17:38.2187+02:00] Ignoring message with unexpected type:       
Failed to write to log, can't make directories for new logfile: mkdir /var/logs: permission denied
[33mWARN[0m[2026-08-26T03:17:38.2188+02:00] Not a valid Opa Pdp Message                  
Failed to write to log, can't make directories for new logfile: mkdir /var/logs: permission denied
[33mWARN[0m[2026-08-26T03:17:38.2190+02:00] Ignoring message with unexpected type:       
Failed to write to log, can't make directories for new logfile: mkdir /var/logs: permission denied
[33mWARN[0m[2026-08-26T03:17:38.2191+02:00] Not a valid Opa Pdp Message                  
Failed to write to log, can't make directories for new logfile: mkdir /var/logs: permission denied
[33mWARN[0m[2026-08-26T03:17:38.2191+02:00] Ignoring message with unexpected type:       
Failed to write to log, can't make directories for new logfile: mkdir /var/logs: permission denied
[33mWARN[0m[2026-08-26T03:17:38.2192+02:00] Not a valid Opa Pdp Message                  
Failed to write to log, can't make directories for new logfile: mkdir /var/logs: permission denied
[33mWARN[0m[2026-08-26T03:17:38.2193+02:00] Ignoring message with unexpected type:       
Failed to write to log, can't make directories for new logfile: mkdir /var/logs: permission denied
[33mWARN[0m[2026-08-26T03:17:38.2194+02:00] Not a valid Opa Pdp Message                  
Failed to write to log, can't make directories for new logfile: mkdir /var/logs: permission denied
[33mWARN[0m[2026-08-26T03:17:38.2195+02:00] Ignoring message with unexpected type:       
Failed to write to log, can't make directories for new logfile: mkdir /var/logs: permission denied
[33mWARN[0m[2026-08-26T03:17:38.2197+02:00] Ignoring message with unexpected type:       
Failed to write to log, can't make directories for new logfile: mkdir /var/logs: permission denied
[33mWARN[0m[2026-08-26T03:17:38.2196+02:00] Not a valid Opa Pdp Message                  
Failed to write to log, can't make directories for new logfile: mkdir /var/logs: permission denied
[33mWARN[0m[2026-08-26T03:17:38.2200+02:00] Ignoring message with unexpected type:       
Failed to write to log, can't make directories for new logfile: mkdir /var/logs: permission denied
[33mWARN[0m[2026-08-26T03:17:38.2209+02:00] Ignoring message with unexpected type:       
Failed to write to log, can't make directories for new logfile: mkdir /var/logs: permission denied
[33mWARN[0m[2026-08-26T03:17:38.2213+02:00] Ignoring message with unexpected type:       
Failed to write to log, can't make directories for new logfile: mkdir /var/logs: permission denied
[33mWARN[0m[2026-08-26T03:17:38.2219+02:00] Ignoring message with unexpected type:       
Failed to write to log, can't make directories for new logfile: mkdir /var/logs: permission denied
[33mWARN[0m[2026-08-26T03:17:38.2209+02:00] Not a valid Opa Pdp Message                  
Failed to write to log, can't make directories for new logfile: mkdir /var/logs: permission denied
[33mWARN[0m[2026-08-26T03:17:38.2226+02:00] Not a valid Opa Pdp Message                  
Failed to write to log, can't make directories for new logfile: mkdir /var/logs: permission denied
[33mWARN[0m[2026-08-26T03:17:38.2229+02:00] Not a valid Opa Pdp Message                  
Failed to write to log, can't make directories for new logfile: mkdir /var/logs: permission denied
[33mWARN[0m[2026-08-26T03:17:38.2232+02:00] Not a valid Opa Pdp Message                  
Failed to write to log, can't make directories for new logfile: mkdir /var/logs: permission denied
[33mWARN[0m[2026-08-26T03:17:38.2225+02:00] Ignoring message with unexpected type:       
Failed to write to log, can't make directories for new logfile: mkdir /var/logs: permission denied
[33mWARN[0m[2026-08-26T03:17:38.2240+02:00] Ignoring message with unexpected type:       
Failed to write to log, can't make directories for new logfile: mkdir /var/logs: permission denied
[33mWARN[0m[2026-08-26T03:17:38.2235+02:00] Not a valid Opa Pdp Message                  
Failed to write to log, can't make directories for new logfile: mkdir /var/logs: permission denied
[33mWARN[0m[2026-08-26T03:17:38.2247+02:00] Not a valid Opa Pdp Message                  
Failed to write to log, can't make directories for new logfile: mkdir /var/logs: permission denied
[33mWARN[0m[2026-08-26T03:17:38.2250+02:00] Ignoring message with unexpected type:       
Failed to write to log, can't make directories for new logfile: mkdir /var/logs: permission denied
[33mWARN[0m[2026-08-26T03:17:38.2255+02:00] Ignoring message with unexpected type:       
Failed to write to log, can't make directories for new logfile: mkdir /var/logs: permission denied
[33mWARN[0m[2026-08-26T03:17:38.2250+02:00] Not a valid Opa Pdp Message                  
Failed to write to log, can't make directories for new logfile: mkdir /var/logs: permission denied
[33mWARN[0m[2026-08-26T03:17:38.2273+02:00] Not a valid Opa Pdp Message                  
Failed to write to log, can't make directories for new logfile: mkdir /var/logs: permission denied
[33mWARN[0m[2026-08-26T03:17:38.2276+02:00] Not a valid Opa Pdp Message                  
Failed to write to log, can't make directories for new logfile: mkdir /var/logs: permission denied
[33mWARN[0m[2026-08-26T03:17:38.2278+02:00] Not a valid Opa Pdp Message                  
Failed to write to log, can't make directories for new logfile: mkdir /var/logs: permission denied
[33mWARN[0m[2026-08-26T03:17:38.2281+02:00] Not a valid Opa Pdp Message                  
Failed to write to log, can't make directories for new logfile: mkdir /var/logs: permission denied
[33mWARN[0m[2026-08-26T03:17:38.2284+02:00] Not a valid Opa Pdp Message                  
Failed to write to log, can't make directories for new logfile: mkdir /var/logs: permission denied
[33mWARN[0m[2026-08-26T03:17:38.2289+02:00] Not a valid Opa Pdp Message                  
Failed to write to log, can't make directories for new logfile: mkdir /var/logs: permission denied
[33mWARN[0m[2026-08-26T03:17:38.2267+02:00] Ignoring message with unexpected type:       
Failed to write to log, can't make directories for new logfile: mkdir /var/logs: permission denied
[33mWARN[0m[2026-08-26T03:17:38.2295+02:00] Not a valid Opa Pdp Message                  
Failed to write to log, can't make directories for new logfile: mkdir /var/logs: permission denied
[33mWARN[0m[2026-08-26T03:17:38.2299+02:00] Not a valid Opa Pdp Message                  
Failed to write to log, can't make directories for new logfile: mkdir /var/logs: permission denied
[33mWARN[0m[2026-08-26T03:17:38.2297+02:00] Ignoring message with unexpected type:       
Failed to write to log, can't make directories for new logfile: mkdir /var/logs: permission denied
[33mWARN[0m[2026-08-26T03:17:38.2302+02:00] Not a valid Opa Pdp Message                  
Failed to write to log, can't make directories for new logfile: mkdir /var/logs: permission denied
[33mWARN[0m[2026-08-26T03:17:38.2304+02:00] Ignoring message with unexpected type:       
Failed to write to log, can't make directories for new logfile: mkdir /var/logs: permission denied
[33mWARN[0m[2026-08-26T03:17:38.2305+02:00] Not a valid Opa Pdp Message                  
Failed to write to log, can't make directories for new logfile: mkdir /var/logs: permission denied
[33mWARN[0m[2026-08-26T03:17:38.2307+02:00] Ignoring message with unexpected type:       
Failed to write to log, can't make directories for new logfile: mkdir /var/logs: permission denied
[33mWARN[0m[2026-08-26T03:17:38.2308+02:00] Not a valid Opa Pdp Message                  
Failed to write to log, can't make directories for new logfile: mkdir /var/logs: permission denied
[33mWARN[0m[2026-08-26T03:17:38.2309+02:00] Ignoring message with unexpected type:       
Failed to write to log, can't make directories for new logfile: mkdir /var/logs: permission denied
[33mWARN[0m[2026-08-26T03:17:38.2310+02:00] Not a valid Opa Pdp Message                  
Failed to write to log, can't make directories for new logfile: mkdir /var/logs: permission denied
[33mWARN[0m[2026-08-26T03:17:38.2311+02:00] Ignoring message with unexpected type:       
Failed to write to log, can't make directories for new logfile: mkdir /var/logs: permission denied
[33mWARN[0m[2026-08-26T03:17:38.2311+02:00] Not a valid Opa Pdp Message                  
Failed to write to log, can't make directories for new logfile: mkdir /var/logs: permission denied
[33mWARN[0m[2026-08-26T03:17:38.2313+02:00] Ignoring message with unexpected type:       
Failed to write to log, can't make directories for new logfile: mkdir /var/logs: permission denied
[33mWARN[0m[2026-08-26T03:17:38.2317+02:00] Not a valid Opa Pdp Message                  
Failed to write to log, can't make directories for new logfile: mkdir /var/logs: permission denied
[33mWARN[0m[2026-08-26T03:17:38.2317+02:00] Ignoring message with unexpected type:       
Failed to write to log, can't make directories for new logfile: mkdir /var/logs: permission denied
[33mWARN[0m[2026-08-26T03:17:38.2319+02:00] Not a valid Opa Pdp Message                  
Failed to write to log, can't make directories for new logfile: mkdir /var/logs: permission denied
[33mWARN[0m[2026-08-26T03:17:38.2320+02:00] Ignoring message with unexpected type:       
Failed to write to log, can't make directories for new logfile: mkdir /var/logs: permission denied
[33mWARN[0m[2026-08-26T03:17:38.2323+02:00] Ignoring message with unexpected type:       
Failed to write to log, can't make directories for new logfile: mkdir /var/logs: permission denied
[33mWARN[0m[2026-08-26T03:17:38.2325+02:00] Ignoring message with unexpected type:       
Failed to write to log, can't make directories for new logfile: mkdir /var/logs: permission denied
[33mWARN[0m[2026-08-26T03:17:38.2321+02:00] Not a valid Opa Pdp Message                  
Failed to write to log, can't make directories for new logfile: mkdir /var/logs: permission denied
[33mWARN[0m[2026-08-26T03:17:38.2327+02:00] Ignoring message with unexpected type:       
Failed to write to log, can't make directories for new logfile: mkdir /var/logs: permission denied
[33mWARN[0m[2026-08-26T03:17:38.2333+02:00] Not a valid Opa Pdp Message                  
Failed to write to log, can't make directories for new logfile: mkdir /var/logs: permission denied
[33mWARN[0m[2026-08-26T03:17:38.2334+02:00] Ignoring message with unexpected type:       
Failed to write to log, can't make directories for new logfile: mkdir /var/logs: permission denied
[33mWARN[0m[2026-08-26T03:17:38.2335+02:00] Not a valid Opa Pdp Message                  
Failed to write to log, can't make directories for new logfile: mkdir /var/logs: permission denied
[33mWARN[0m[2026-08-26T03:17:38.2336+02:00] Ignoring message with unexpected type:       
Failed to write to log, can't make directories for new logfile: mkdir /var/logs: permission denied
[33mWARN[0m[2026-08-26T03:17:38.2340+02:00] Not a valid Opa Pdp Message                  
Failed to write to log, can't make directories for new logfile: mkdir /var/logs: permission denied
[33mWARN[0m[2026-08-26T03:17:38.2341+02:00] Ignoring message with unexpected type:       
Failed to write to log, can't make directories for new logfile: mkdir /var/logs: permission denied
[33mWARN[0m[2026-08-26T03:17:38.2342+02:00] Not a valid Opa Pdp Message                  
Failed to write to log, can't make directories for new logfile: mkdir /var/logs: permission denied
[33mWARN[0m[2026-08-26T03:17:38.2343+02:00] Ignoring message with unexpected type:       
Failed to write to log, can't make directories for new logfile: mkdir /var/logs: permission denied
[33mWARN[0m[2026-08-26T03:17:38.2344+02:00] Not a valid Opa Pdp Message                  
Failed to write to log, can't make directories for new logfile: mkdir /var/logs: permission denied
[33mWARN[0m[2026-08-26T03:17:38.2345+02:00] Ignoring message with unexpected type:       
Failed to write to log, can't make directories for new logfile: mkdir /var/logs: permission denied
[33mWARN[0m[2026-08-26T03:17:38.2349+02:00] Not a valid Opa Pdp Message                  
Failed to write to log, can't make directories for new logfile: mkdir /var/logs: permission denied
[33mWARN[0m[2026-08-26T03:17:38.2351+02:00] Ignoring message with unexpected type:       
Failed to write to log, can't make directories for new logfile: mkdir /var/logs: permission denied
[33mWARN[0m[2026-08-26T03:17:38.2351+02:00] Not a valid Opa Pdp Message                  
Failed to write to log, can't make directories for new logfile: mkdir /var/logs: permission denied
[33mWARN[0m[2026-08-26T03:17:38.2353+02:00] Ignoring message with unexpected type:       
Failed to write to log, can't make directories for new logfile: mkdir /var/logs: permission denied
[33mWARN[0m[2026-08-26T03:17:38.2359+02:00] Not a valid Opa Pdp Message                  
Failed to write to log, can't make directories for new logfile: mkdir /var/logs: permission denied
[33mWARN[0m[2026-08-26T03:17:38.2360+02:00] Ignoring message with unexpected type:       
Failed to write to log, can't make directories for new logfile: mkdir /var/logs: permission denied
[33mWARN[0m[2026-08-26T03:17:38.2364+02:00] Not a valid Opa Pdp Message                  
Failed to write to log, can't make directories for new logfile: mkdir /var/logs: permission denied
[33mWARN[0m[2026-08-26T03:17:38.2365+02:00] Ignoring message with unexpected type:       
Failed to write to log, can't make directories for new logfile: mkdir /var/logs: permission denied
[33mWARN[0m[2026-08-26T03:17:38.2366+02:00] Not a valid Opa Pdp Message                  
Failed to write to log, can't make directories for new logfile: mkdir /var/logs: permission denied
[33mWARN[0m[2026-08-26T03:17:38.2367+02:00] Ignoring message with unexpected type:       
Failed to write to log, can't make directories for new logfile: mkdir /var/logs: permission denied
[33mWARN[0m[2026-08-26T03:17:38.2371+02:00] Not a valid Opa Pdp Message                  
Failed to write to log, can't make directories for new logfile: mkdir /var/logs: permission denied
[33mWARN[0m[2026-08-26T03:17:38.2373+02:00] Ignoring message with unexpected type:       
Failed to write to log, can't make directories for new logfile: mkdir /var/logs: permission denied
[33mWARN[0m[2026-08-26T03:17:38.2375+02:00] Not a valid Opa Pdp Message                  
Failed to write to log, can't make directories for new logfile: mkdir /var/logs: permission denied
[33mWARN[0m[2026-08-26T03:17:38.2379+02:00] Ignoring message with unexpected type:       
Failed to write to log, can't make directories for new logfile: mkdir /var/logs: permission denied
[33mWARN[0m[2026-08-26T03:17:38.2381+02:00] Not a valid Opa Pdp Message                  
Failed to write to log, can't make directories for new logfile: mkdir /var/logs: permission denied
[33mWARN[0m[2026-08-26T03:17:38.2383+02:00] Ignoring message with unexpected type:       
Failed to write to log, can't make directories for new logfile: mkdir /var/logs: permission denied
[33mWARN[0m[2026-08-26T03:17:38.2383+02:00] Not a valid Opa Pdp Message                  
Failed to write to log, can't make directories for new logfile: mkdir /var/logs: permission denied
[33mWARN[0m[2026-08-26T03:17:38.2387+02:00] Ignoring message with unexpected type:       
Failed to write to log, can't make directories for new logfile: mkdir /var/logs: permission denied
[33mWARN[0m[2026-08-26T03:17:38.2389+02:00] Not a valid Opa Pdp Message                  
Failed to write to log, can't make directories for new logfile: mkdir /var/logs: permission denied
[33mWARN[0m[2026-08-26T03:17:38.2393+02:00] Ignoring message with unexpected type:       
Failed to write to log, can't make directories for new logfile: mkdir /var/logs: permission denied
[33mWARN[0m[2026-08-26T03:17:38.2394+02:00] Not a valid Opa Pdp Message                  
Failed to write to log, can't make directories for new logfile: mkdir /var/logs: permission denied
[33mWARN[0m[2026-08-26T03:17:38.2396+02:00] Ignoring message with unexpected type:       
Failed to write to log, can't make directories for new logfile: mkdir /var/logs: permission denied
[33mWARN[0m[2026-08-26T03:17:38.2399+02:00] Not a valid Opa Pdp Message                  
Failed to write to log, can't make directories for new logfile: mkdir /var/logs: permission denied
[33mWARN[0m[2026-08-26T03:17:38.2403+02:00] Ignoring message with unexpected type:       
Failed to write to log, can't make directories for new logfile: mkdir /var/logs: permission denied
[33mWARN[0m[2026-08-26T03:17:38.2404+02:00] Not a valid Opa Pdp Message                  
Failed to write to log, can't make directories for new logfile: mkdir /var/logs: permission denied
[33mWARN[0m[2026-08-26T03:17:38.2409+02:00] Not a valid Opa Pdp Message                  
Failed to write to log, can't make directories for new logfile: mkdir /var/logs: permission denied
[33mWARN[0m[2026-08-26T03:17:38.2409+02:00] Ignoring message with unexpected type:       
Failed to write to log, can't make directories for new logfile: mkdir /var/logs: permission denied
[33mWARN[0m[2026-08-26T03:17:38.2413+02:00] Not a valid Opa Pdp Message                  
Failed to write to log, can't make directories for new logfile: mkdir /var/logs: permission denied
[33mWARN[0m[2026-08-26T03:17:38.2415+02:00] Ignoring message with unexpected type:       
Failed to write to log, can't make directories for new logfile: mkdir /var/logs: permission denied
[33mWARN[0m[2026-08-26T03:17:38.2416+02:00] Not a valid Opa Pdp Message                  
Failed to write to log, can't make directories for new logfile: mkdir /var/logs: permission denied
[33mWARN[0m[2026-08-26T03:17:38.2418+02:00] Ignoring message with unexpected type:       
Failed to write to log, can't make directories for new logfile: mkdir /var/logs: permission denied
[33mWARN[0m[2026-08-26T03:17:38.2418+02:00] Not a valid Opa Pdp Message                  
Failed to write to log, can't make directories for new logfile: mkdir /var/logs: permission denied
[33mWARN[0m[2026-08-26T03:17:38.2421+02:00] Not a valid Opa Pdp Message                  
Failed to write to log, can't make directories for new logfile: mkdir /var/logs: permission denied
[33mWARN[0m[2026-08-26T03:17:38.2420+02:00] Ignoring message with unexpected type:       
Failed to write to log, can't make directories for new logfile: mkdir /var/logs: permission denied
[33mWARN[0m[2026-08-26T03:17:38.2423+02:00] Not a valid Opa Pdp Message                  
Failed to write to log, can't make directories for new logfile: mkdir /var/logs: permission denied
[33mWARN[0m[2026-08-26T03:17:38.2427+02:00] Ignoring message with unexpected type:       
Failed to write to log, can't make directories for new logfile: mkdir /var/logs: permission denied
[33mWARN[0m[2026-08-26T03:17:38.2428+02:00] Not a valid Opa Pdp Message                  
Failed to write to log, can't make directories for new logfile: mkdir /var/logs: permission denied
[33mWARN[0m[2026-08-26T03:17:38.2431+02:00] Not a valid Opa Pdp Message                  
Failed to write to log, can't make directories for new logfile: mkdir /var/logs: permission denied
[33mWARN[0m[2026-08-26T03:17:38.2429+02:00] Ignoring message with unexpected type:       
Failed to write to log, can't make directories for new logfile: mkdir /var/logs: permission denied
[33mWARN[0m[2026-08-26T03:17:38.2435+02:00] Not a valid Opa Pdp Message                  
Failed to write to log, can't make directories for new logfile: mkdir /var/logs: permission denied
[33mWARN[0m[2026-08-26T03:17:38.2438+02:00] Ignoring message with unexpected type:       
Failed to write to log, can't make directories for new logfile: mkdir /var/logs: permission denied
[33mWARN[0m[2026-08-26T03:17:38.2438+02:00] Not a valid Opa Pdp Message                  
Failed to write to log, can't make directories for new logfile: mkdir /var/logs: permission denied
[33mWARN[0m[2026-08-26T03:17:38.2441+02:00] Ignoring message with unexpected type:       
Failed to write to log, can't make directories for new logfile: mkdir /var/logs: permission denied
[33mWARN[0m[2026-08-26T03:17:38.2443+02:00] Not a valid Opa Pdp Message                  
Failed to write to log, can't make directories for new logfile: mkdir /var/logs: permission denied
[33mWARN[0m[2026-08-26T03:17:38.2448+02:00] Not a valid Opa Pdp Message                  
Failed to write to log, can't make directories for new logfile: mkdir /var/logs: permission denied
[33mWARN[0m[2026-08-26T03:17:38.2451+02:00] Not a valid Opa Pdp Message                  
Failed to write to log, can't make directories for new logfile: mkdir /var/logs: permission denied
[33mWARN[0m[2026-08-26T03:17:38.2451+02:00] Ignoring message with unexpected type:       
Failed to write to log, can't make directories for new logfile: mkdir /var/logs: permission denied
[33mWARN[0m[2026-08-26T03:17:38.2453+02:00] Not a valid Opa Pdp Message                  
Failed to write to log, can't make directories for new logfile: mkdir /var/logs: permission denied
[33mWARN[0m[2026-08-26T03:17:38.2458+02:00] Ignoring message with unexpected type:       
Failed to write to log, can't make directories for new logfile: mkdir /var/logs: permission denied
[33mWARN[0m[2026-08-26T03:17:38.2458+02:00] Not a valid Opa Pdp Message                  
Failed to write to log, can't make directories for new logfile: mkdir /var/logs: permission denied
[33mWARN[0m[2026-08-26T03:17:38.2464+02:00] Ignoring message with unexpected type:       
Failed to write to log, can't make directories for new logfile: mkdir /var/logs: permission denied
[33mWARN[0m[2026-08-26T03:17:38.2465+02:00] Not a valid Opa Pdp Message                  
Failed to write to log, can't make directories for new logfile: mkdir /var/logs: permission denied
[33mWARN[0m[2026-08-26T03:17:38.2467+02:00] Ignoring message with unexpected type:       
Failed to write to log, can't make directories for new logfile: mkdir /var/logs: permission denied
[33mWARN[0m[2026-08-26T03:17:38.2470+02:00] Not a valid Opa Pdp Message                  
Failed to write to log, can't make directories for new logfile: mkdir /var/logs: permission denied
[33mWARN[0m[2026-08-26T03:17:38.2475+02:00] Ignoring message with unexpected type:       
Failed to write to log, can't make directories for new logfile: mkdir /var/logs: permission denied
[33mWARN[0m[2026-08-26T03:17:38.2475+02:00] Not a valid Opa Pdp Message                  
Failed to write to log, can't make directories for new logfile: mkdir /var/logs: permission denied
[33mWARN[0m[2026-08-26T03:17:38.2479+02:00] Not a valid Opa Pdp Message                  
Failed to write to log, can't make directories for new logfile: mkdir /var/logs: permission denied
[33mWARN[0m[2026-08-26T03:17:38.2480+02:00] Ignoring message with unexpected type:       
Failed to write to log, can't make directories for new logfile: mkdir /var/logs: permission denied
[33mWARN[0m[2026-08-26T03:17:38.2483+02:00] Not a valid Opa Pdp Message                  
Failed to write to log, can't make directories for new logfile: mkdir /var/logs: permission denied
[33mWARN[0m[2026-08-26T03:17:38.2487+02:00] Ignoring message with unexpected type:       
Failed to write to log, can't make directories for new logfile: mkdir /var/logs: permission denied
[33mWARN[0m[2026-08-26T03:17:38.2487+02:00] Not a valid Opa Pdp Message                  
Failed to write to log, can't make directories for new logfile: mkdir /var/logs: permission denied
[33mWARN[0m[2026-08-26T03:17:38.2492+02:00] Ignoring message with unexpected type:       
Failed to write to log, can't make directories for new logfile: mkdir /var/logs: permission denied
[33mWARN[0m[2026-08-26T03:17:38.2493+02:00] Not a valid Opa Pdp Message                  
Failed to write to log, can't make directories for new logfile: mkdir /var/logs: permission denied
[33mWARN[0m[2026-08-26T03:17:38.2497+02:00] Ignoring message with unexpected type:       
Failed to write to log, can't make directories for new logfile: mkdir /var/logs: permission denied
[33mWARN[0m[2026-08-26T03:17:38.2498+02:00] Not a valid Opa Pdp Message                  
Failed to write to log, can't make directories for new logfile: mkdir /var/logs: permission denied
[33mWARN[0m[2026-08-26T03:17:38.2499+02:00] Ignoring message with unexpected type:       
Failed to write to log, can't make directories for new logfile: mkdir /var/logs: permission denied
[33mWARN[0m[2026-08-26T03:17:38.2500+02:00] Not a valid Opa Pdp Message                  
Failed to write to log, can't make directories for new logfile: mkdir /var/logs: permission denied
[33mWARN[0m[2026-08-26T03:17:38.2503+02:00] Ignoring message with unexpected type:       
Failed to write to log, can't make directories for new logfile: mkdir /var/logs: permission denied
[33mWARN[0m[2026-08-26T03:17:38.2514+02:00] Not a valid Opa Pdp Message                  
Failed to write to log, can't make directories for new logfile: mkdir /var/logs: permission denied
[33mWARN[0m[2026-08-26T03:17:38.2516+02:00] Ignoring message with unexpected type:       
Failed to write to log, can't make directories for new logfile: mkdir /var/logs: permission denied
[33mWARN[0m[2026-08-26T03:17:38.2518+02:00] Not a valid Opa Pdp Message                  
Failed to write to log, can't make directories for new logfile: mkdir /var/logs: permission denied
[33mWARN[0m[2026-08-26T03:17:38.2520+02:00] Ignoring message with unexpected type:       
Failed to write to log, can't make directories for new logfile: mkdir /var/logs: permission denied
[33mWARN[0m[2026-08-26T03:17:38.2524+02:00] Ignoring message with unexpected type:       
Failed to write to log, can't make directories for new logfile: mkdir /var/logs: permission denied
[33mWARN[0m[2026-08-26T03:17:38.2526+02:00] Ignoring message with unexpected type:       
Failed to write to log, can't make directories for new logfile: mkdir /var/logs: permission denied
[33mWARN[0m[2026-08-26T03:17:38.2529+02:00] Ignoring message with unexpected type:       
Failed to write to log, can't make directories for new logfile: mkdir /var/logs: permission denied
[33mWARN[0m[2026-08-26T03:17:38.2522+02:00] Not a valid Opa Pdp Message                  
Failed to write to log, can't make directories for new logfile: mkdir /var/logs: permission denied
[33mWARN[0m[2026-08-26T03:17:38.2535+02:00] Not a valid Opa Pdp Message                  
Failed to write to log, can't make directories for new logfile: mkdir /var/logs: permission denied
[33mWARN[0m[2026-08-26T03:17:38.2537+02:00] Not a valid Opa Pdp Message                  
Failed to write to log, can't make directories for new logfile: mkdir /var/logs: permission denied
[33mWARN[0m[2026-08-26T03:17:38.2540+02:00] Not a valid Opa Pdp Message                  
Failed to write to log, can't make directories for new logfile: mkdir /var/logs: permission denied
[33mWARN[0m[2026-08-26T03:17:38.2531+02:00] Ignoring message with unexpected type:       
Failed to write to log, can't make directories for new logfile: mkdir /var/logs: permission denied
[33mWARN[0m[2026-08-26T03:17:38.2541+02:00] Not a valid Opa Pdp Message                  
Failed to write to log, can't make directories for new logfile: mkdir /var/logs: permission denied
[33mWARN[0m[2026-08-26T03:17:38.2549+02:00] Ignoring message with unexpected type:       
Failed to write to log, can't make directories for new logfile: mkdir /var/logs: permission denied
[33mWARN[0m[2026-08-26T03:17:38.2549+02:00] Not a valid Opa Pdp Message                  
Failed to write to log, can't make directories for new logfile: mkdir /var/logs: permission denied
[33mWARN[0m[2026-08-26T03:17:38.2554+02:00] Ignoring message with unexpected type:       
Failed to write to log, can't make directories for new logfile: mkdir /var/logs: permission denied
[33mWARN[0m[2026-08-26T03:17:38.2555+02:00] Not a valid Opa Pdp Message                  
Failed to write to log, can't make directories for new logfile: mkdir /var/logs: permission denied
[33mWARN[0m[2026-08-26T03:17:38.2558+02:00] Ignoring message with unexpected type:       
Failed to write to log, can't make directories for new logfile: mkdir /var/logs: permission denied
[33mWARN[0m[2026-08-26T03:17:38.2559+02:00] Not a valid Opa Pdp Message                  
Failed to write to log, can't make directories for new logfile: mkdir /var/logs: permission denied
[33mWARN[0m[2026-08-26T03:17:38.2562+02:00] Ignoring message with unexpected type:       
Failed to write to log, can't make directories for new logfile: mkdir /var/logs: permission denied
[33mWARN[0m[2026-08-26T03:17:38.2562+02:00] Not a valid Opa Pdp Message                  
Failed to write to log, can't make directories for new logfile: mkdir /var/logs: permission denied
[33mWARN[0m[2026-08-26T03:17:38.2568+02:00] Not a valid Opa Pdp Message                  
Failed to write to log, can't make directories for new logfile: mkdir /var/logs: permission denied
[33mWARN[0m[2026-08-26T03:17:38.2569+02:00] Ignoring message with unexpected type:       
Failed to write to log, can't make directories for new logfile: mkdir /var/logs: permission denied
[33mWARN[0m[2026-08-26T03:17:38.2570+02:00] Not a valid Opa Pdp Message                  
Failed to write to log, can't make directories for new logfile: mkdir /var/logs: permission denied
[33mWARN[0m[2026-08-26T03:17:38.2573+02:00] Not a valid Opa Pdp Message                  
Failed to write to log, can't make directories for new logfile: mkdir /var/logs: permission denied
[33mWARN[0m[2026-08-26T03:17:38.2573+02:00] Ignoring message with unexpected type:       
Failed to write to log, can't make directories for new logfile: mkdir /var/logs: permission denied
[33mWARN[0m[2026-08-26T03:17:38.2575+02:00] Not a valid Opa Pdp Message                  
Failed to write to log, can't make directories for new logfile: mkdir /var/logs: permission denied
[33mWARN[0m[2026-08-26T03:17:38.2578+02:00] Ignoring message with unexpected type:       
Failed to write to log, can't make directories for new logfile: mkdir /var/logs: permission denied
[33mWARN[0m[2026-08-26T03:17:38.2578+02:00] Not a valid Opa Pdp Message                  
Failed to write to log, can't make directories for new logfile: mkdir /var/logs: permission denied
[33mWARN[0m[2026-08-26T03:17:38.2581+02:00] Ignoring message with unexpected type:       
Failed to write to log, can't make directories for new logfile: mkdir /var/logs: permission denied
[33mWARN[0m[2026-08-26T03:17:38.2582+02:00] Not a valid Opa Pdp Message                  
Failed to write to log, can't make directories for new logfile: mkdir /var/logs: permission denied
[33mWARN[0m[2026-08-26T03:17:38.2584+02:00] Ignoring message with unexpected type:       
Failed to write to log, can't make directories for new logfile: mkdir /var/logs: permission denied
[33mWARN[0m[2026-08-26T03:17:38.2586+02:00] Not a valid Opa Pdp Message                  
Failed to write to log, can't make directories for new logfile: mkdir /var/logs: permission denied
[33mWARN[0m[2026-08-26T03:17:38.2590+02:00] Not a valid Opa Pdp Message                  
Failed to write to log, can't make directories for new logfile: mkdir /var/logs: permission denied
[33mWARN[0m[2026-08-26T03:17:38.2591+02:00] Ignoring message with unexpected type:       
Failed to write to log, can't make directories for new logfile: mkdir /var/logs: permission denied
[33mWARN[0m[2026-08-26T03:17:38.2591+02:00] Not a valid Opa Pdp Message                  
Failed to write to log, can't make directories for new logfile: mkdir /var/logs: permission denied
[33mWARN[0m[2026-08-26T03:17:38.2597+02:00] Ignoring message with unexpected type:       
Failed to write to log, can't make directories for new logfile: mkdir /var/logs: permission denied
[33mWARN[0m[2026-08-26T03:17:38.2597+02:00] Not a valid Opa Pdp Message                  
Failed to write to log, can't make directories for new logfile: mkdir /var/logs: permission denied
[33mWARN[0m[2026-08-26T03:17:38.2602+02:00] Ignoring message with unexpected type:       
Failed to write to log, can't make directories for new logfile: mkdir /var/logs: permission denied
[33mWARN[0m[2026-08-26T03:17:38.2603+02:00] Not a valid Opa Pdp Message                  
Failed to write to log, can't make directories for new logfile: mkdir /var/logs: permission denied
[33mWARN[0m[2026-08-26T03:17:38.2607+02:00] Not a valid Opa Pdp Message                  
Failed to write to log, can't make directories for new logfile: mkdir /var/logs: permission denied
[33mWARN[0m[2026-08-26T03:17:38.2607+02:00] Ignoring message with unexpected type:       
Failed to write to log, can't make directories for new logfile: mkdir /var/logs: permission denied
[33mWARN[0m[2026-08-26T03:17:38.2609+02:00] Not a valid Opa Pdp Message                  
Failed to write to log, can't make directories for new logfile: mkdir /var/logs: permission denied
[33mWARN[0m[2026-08-26T03:17:38.2612+02:00] Ignoring message with unexpected type:       
Failed to write to log, can't make directories for new logfile: mkdir /var/logs: permission denied
[33mWARN[0m[2026-08-26T03:17:38.2613+02:00] Not a valid Opa Pdp Message                  
Failed to write to log, can't make directories for new logfile: mkdir /var/logs: permission denied
[33mWARN[0m[2026-08-26T03:17:38.2618+02:00] Ignoring message with unexpected type:       
Failed to write to log, can't make directories for new logfile: mkdir /var/logs: permission denied
[33mWARN[0m[2026-08-26T03:17:38.2619+02:00] Not a valid Opa Pdp Message                  
Failed to write to log, can't make directories for new logfile: mkdir /var/logs: permission denied
[33mWARN[0m[2026-08-26T03:17:38.2621+02:00] Ignoring message with unexpected type:       
Failed to write to log, can't make directories for new logfile: mkdir /var/logs: permission denied
[33mWARN[0m[2026-08-26T03:17:38.2625+02:00] Not a valid Opa Pdp Message                  
Failed to write to log, can't make directories for new logfile: mkdir /var/logs: permission denied
[33mWARN[0m[2026-08-26T03:17:38.2627+02:00] Not a valid Opa Pdp Message                  
Failed to write to log, can't make directories for new logfile: mkdir /var/logs: permission denied
[33mWARN[0m[2026-08-26T03:17:38.2627+02:00] Ignoring message with unexpected type:       
Failed to write to log, can't make directories for new logfile: mkdir /var/logs: permission denied
[33mWARN[0m[2026-08-26T03:17:38.2629+02:00] Not a valid Opa Pdp Message                  
Failed to write to log, can't make directories for new logfile: mkdir /var/logs: permission denied
[33mWARN[0m[2026-08-26T03:17:38.2634+02:00] Not a valid Opa Pdp Message                  
Failed to write to log, can't make directories for new logfile: mkdir /var/logs: permission denied
[33mWARN[0m[2026-08-26T03:17:38.2632+02:00] Ignoring message with unexpected type:       
Failed to write to log, can't make directories for new logfile: mkdir /var/logs: permission denied
[33mWARN[0m[2026-08-26T03:17:38.2636+02:00] Not a valid Opa Pdp Message                  
Failed to write to log, can't make directories for new logfile: mkdir /var/logs: permission denied
[33mWARN[0m[2026-08-26T03:17:38.2643+02:00] Not a valid Opa Pdp Message                  
Failed to write to log, can't make directories for new logfile: mkdir /var/logs: permission denied
[33mWARN[0m[2026-08-26T03:17:38.2643+02:00] Ignoring message with unexpected type:       
Failed to write to log, can't make directories for new logfile: mkdir /var/logs: permission denied
[33mWARN[0m[2026-08-26T03:17:38.2646+02:00] Not a valid Opa Pdp Message                  
Failed to write to log, can't make directories for new logfile: mkdir /var/logs: permission denied
[33mWARN[0m[2026-08-26T03:17:38.2651+02:00] Ignoring message with unexpected type:       
Failed to write to log, can't make directories for new logfile: mkdir /var/logs: permission denied
[33mWARN[0m[2026-08-26T03:17:38.2654+02:00] Not a valid Opa Pdp Message                  
Failed to write to log, can't make directories for new logfile: mkdir /var/logs: permission denied
[33mWARN[0m[2026-08-26T03:17:38.2656+02:00] Not a valid Opa Pdp Message                  
Failed to write to log, can't make directories for new logfile: mkdir /var/logs: permission denied
[33mWARN[0m[2026-08-26T03:17:38.2654+02:00] Ignoring message with unexpected type:       
Failed to write to log, can't make directories for new logfile: mkdir /var/logs: permission denied
[33mWARN[0m[2026-08-26T03:17:38.2658+02:00] Not a valid Opa Pdp Message                  
Failed to write to log, can't make directories for new logfile: mkdir /var/logs: permission denied
[33mWARN[0m[2026-08-26T03:17:38.2664+02:00] Ignoring message with unexpected type:       
Failed to write to log, can't make directories for new logfile: mkdir /var/logs: permission denied
[33mWARN[0m[2026-08-26T03:17:38.2664+02:00] Not a valid Opa Pdp Message                  
Failed to write to log, can't make directories for new logfile: mkdir /var/logs: permission denied
[33mWARN[0m[2026-08-26T03:17:38.2669+02:00] Not a valid Opa Pdp Message                  
Failed to write to log, can't make directories for new logfile: mkdir /var/logs: permission denied
[33mWARN[0m[2026-08-26T03:17:38.2670+02:00] Not a valid Opa Pdp Message                  
Failed to write to log, can't make directories for new logfile: mkdir /var/logs: permission denied
[33mWARN[0m[2026-08-26T03:17:38.2668+02:00] Ignoring message with unexpected type:       
Failed to write to log, can't make directories for new logfile: mkdir /var/logs: permission denied
[33mWARN[0m[2026-08-26T03:17:38.2672+02:00] Not a valid Opa Pdp Message                  
Failed to write to log, can't make directories for new logfile: mkdir /var/logs: permission denied
[33mWARN[0m[2026-08-26T03:17:38.2676+02:00] Ignoring message with unexpected type:       
Failed to write to log, can't make directories for new logfile: mkdir /var/logs: permission denied
[33mWARN[0m[2026-08-26T03:17:38.2676+02:00] Not a valid Opa Pdp Message                  
Failed to write to log, can't make directories for new logfile: mkdir /var/logs: permission denied
[33mWARN[0m[2026-08-26T03:17:38.2679+02:00] Ignoring message with unexpected type:       
Failed to write to log, can't make directories for new logfile: mkdir /var/logs: permission denied
[33mWARN[0m[2026-08-26T03:17:38.2680+02:00] Not a valid Opa Pdp Message                  
Failed to write to log, can't make directories for new logfile: mkdir /var/logs: permission denied
[33mWARN[0m[2026-08-26T03:17:38.2684+02:00] Not a valid Opa Pdp Message                  
Failed to write to log, can't make directories for new logfile: mkdir /var/logs: permission denied
[33mWARN[0m[2026-08-26T03:17:38.2686+02:00] Not a valid Opa Pdp Message                  
Failed to write to log, can't make directories for new logfile: mkdir /var/logs: permission denied
[33mWARN[0m[2026-08-26T03:17:38.2686+02:00] Ignoring message with unexpected type:       
Failed to write to log, can't make directories for new logfile: mkdir /var/logs: permission denied
[33mWARN[0m[2026-08-26T03:17:38.2688+02:00] Not a valid Opa Pdp Message                  
Failed to write to log, can't make directories for new logfile: mkdir /var/logs: permission denied
[33mWARN[0m[2026-08-26T03:17:38.2694+02:00] Not a valid Opa Pdp Message                  
Failed to write to log, can't make directories for new logfile: mkdir /var/logs: permission denied
[33mWARN[0m[2026-08-26T03:17:38.2694+02:00] Ignoring message with unexpected type:       
Failed to write to log, can't make directories for new logfile: mkdir /var/logs: permission denied
[33mWARN[0m[2026-08-26T03:17:38.2695+02:00] Not a valid Opa Pdp Message                  
Failed to write to log, can't make directories for new logfile: mkdir /var/logs: permission denied
[33mWARN[0m[2026-08-26T03:17:38.2701+02:00] Not a valid Opa Pdp Message                  
Failed to write to log, can't make directories for new logfile: mkdir /var/logs: permission denied
[33mWARN[0m[2026-08-26T03:17:38.2702+02:00] Not a valid Opa Pdp Message                  
Failed to write to log, can't make directories for new logfile: mkdir /var/logs: permission denied
[33mWARN[0m[2026-08-26T03:17:38.2701+02:00] Ignoring message with unexpected type:       
Failed to write to log, can't make directories for new logfile: mkdir /var/logs: permission denied
[33mWARN[0m[2026-08-26T03:17:38.2705+02:00] Not a valid Opa Pdp Message                  
Failed to write to log, can't make directories for new logfile: mkdir /var/logs: permission denied
[33mWARN[0m[2026-08-26T03:17:38.2707+02:00] Ignoring message with unexpected type:       
Failed to write to log, can't make directories for new logfile: mkdir /var/logs: permission denied
[33mWARN[0m[2026-08-26T03:17:38.2707+02:00] Not a valid Opa Pdp Message                  
Failed to write to log, can't make directories for new logfile: mkdir /var/logs: permission denied
[33mWARN[0m[2026-08-26T03:17:38.2712+02:00] Ignoring message with unexpected type:       
Failed to write to log, can't make directories for new logfile: mkdir /var/logs: permission denied
[33mWARN[0m[2026-08-26T03:17:38.2713+02:00] Not a valid Opa Pdp Message                  
Failed to write to log, can't make directories for new logfile: mkdir /var/logs: permission denied
[33mWARN[0m[2026-08-26T03:17:38.2715+02:00] Ignoring message with unexpected type:       
Failed to write to log, can't make directories for new logfile: mkdir /var/logs: permission denied
[33mWARN[0m[2026-08-26T03:17:38.2716+02:00] Not a valid Opa Pdp Message                  
Failed to write to log, can't make directories for new logfile: mkdir /var/logs: permission denied
[33mWARN[0m[2026-08-26T03:17:38.2719+02:00] Ignoring message with unexpected type:       
Failed to write to log, can't make directories for new logfile: mkdir /var/logs: permission denied
[33mWARN[0m[2026-08-26T03:17:38.2722+02:00] Not a valid Opa Pdp Message                  
Failed to write to log, can't make directories for new logfile: mkdir /var/logs: permission denied
[33mWARN[0m[2026-08-26T03:17:38.2723+02:00] Ignoring message with unexpected type:       
Failed to write to log, can't make directories for new logfile: mkdir /var/logs: permission denied
[33mWARN[0m[2026-08-26T03:17:38.2726+02:00] Not a valid Opa Pdp Message                  
Failed to write to log, can't make directories for new logfile: mkdir /var/logs: permission denied
[33mWARN[0m[2026-08-26T03:17:38.2728+02:00] Not a valid Opa Pdp Message                  
Failed to write to log, can't make directories for new logfile: mkdir /var/logs: permission denied
[33mWARN[0m[2026-08-26T03:17:38.2727+02:00] Ignoring message with unexpected type:       
Failed to write to log, can't make directories for new logfile: mkdir /var/logs: permission denied
[33mWARN[0m[2026-08-26T03:17:38.2733+02:00] Not a valid Opa Pdp Message                  
Failed to write to log, can't make directories for new logfile: mkdir /var/logs: permission denied
[33mWARN[0m[2026-08-26T03:17:38.2736+02:00] Ignoring message with unexpected type:       
Failed to write to log, can't make directories for new logfile: mkdir /var/logs: permission denied
[33mWARN[0m[2026-08-26T03:17:38.2740+02:00] Not a valid Opa Pdp Message                  
Failed to write to log, can't make directories for new logfile: mkdir /var/logs: permission denied
[33mWARN[0m[2026-08-26T03:17:38.2742+02:00] Ignoring message with unexpected type:       
Failed to write to log, can't make directories for new logfile: mkdir /var/logs: permission denied
[33mWARN[0m[2026-08-26T03:17:38.2743+02:00] Not a valid Opa Pdp Message                  
Failed to write to log, can't make directories for new logfile: mkdir /var/logs: permission denied
[33mWARN[0m[2026-08-26T03:17:38.2745+02:00] Ignoring message with unexpected type:       
Failed to write to log, can't make directories for new logfile: mkdir /var/logs: permission denied
[33mWARN[0m[2026-08-26T03:17:38.2752+02:00] Not a valid Opa Pdp Message                  
Failed to write to log, can't make directories for new logfile: mkdir /var/logs: permission denied
[33mWARN[0m[2026-08-26T03:17:38.2753+02:00] Ignoring message with unexpected type:       
Failed to write to log, can't make directories for new logfile: mkdir /var/logs: permission denied
[33mWARN[0m[2026-08-26T03:17:38.2755+02:00] Not a valid Opa Pdp Message                  
Failed to write to log, can't make directories for new logfile: mkdir /var/logs: permission denied
[33mWARN[0m[2026-08-26T03:17:38.2759+02:00] Not a valid Opa Pdp Message                  
Failed to write to log, can't make directories for new logfile: mkdir /var/logs: permission denied
[33mWARN[0m[2026-08-26T03:17:38.2760+02:00] Ignoring message with unexpected type:       
Failed to write to log, can't make directories for new logfile: mkdir /var/logs: permission denied
[33mWARN[0m[2026-08-26T03:17:38.2761+02:00] Not a valid Opa Pdp Message                  
Failed to write to log, can't make directories for new logfile: mkdir /var/logs: permission denied
[33mWARN[0m[2026-08-26T03:17:38.2765+02:00] Not a valid Opa Pdp Message                  
Failed to write to log, can't make directories for new logfile: mkdir /var/logs: permission denied
[33mWARN[0m[2026-08-26T03:17:38.2766+02:00] Ignoring message with unexpected type:       
Failed to write to log, can't make directories for new logfile: mkdir /var/logs: permission denied
[33mWARN[0m[2026-08-26T03:17:38.2767+02:00] Not a valid Opa Pdp Message                  
Failed to write to log, can't make directories for new logfile: mkdir /var/logs: permission denied
[33mWARN[0m[2026-08-26T03:17:38.2770+02:00] Ignoring message with unexpected type:       
Failed to write to log, can't make directories for new logfile: mkdir /var/logs: permission denied
[33mWARN[0m[2026-08-26T03:17:38.2771+02:00] Not a valid Opa Pdp Message                  
Failed to write to log, can't make directories for new logfile: mkdir /var/logs: permission denied
[33mWARN[0m[2026-08-26T03:17:38.2775+02:00] Ignoring message with unexpected type:       
Failed to write to log, can't make directories for new logfile: mkdir /var/logs: permission denied
[33mWARN[0m[2026-08-26T03:17:38.2775+02:00] Not a valid Opa Pdp Message                  
Failed to write to log, can't make directories for new logfile: mkdir /var/logs: permission denied
[33mWARN[0m[2026-08-26T03:17:38.2780+02:00] Not a valid Opa Pdp Message                  
Failed to write to log, can't make directories for new logfile: mkdir /var/logs: permission denied
[33mWARN[0m[2026-08-26T03:17:38.2782+02:00] Not a valid Opa Pdp Message                  
Failed to write to log, can't make directories for new logfile: mkdir /var/logs: permission denied
[33mWARN[0m[2026-08-26T03:17:38.2781+02:00] Ignoring message with unexpected type:       
Failed to write to log, can't make directories for new logfile: mkdir /var/logs: permission denied
[33mWARN[0m[2026-08-26T03:17:38.2786+02:00] Not a valid Opa Pdp Message                  
Failed to write to log, can't make directories for new logfile: mkdir /var/logs: permission denied
[33mWARN[0m[2026-08-26T03:17:38.2790+02:00] Ignoring message with unexpected type:       
Failed to write to log, can't make directories for new logfile: mkdir /var/logs: permission denied
[33mWARN[0m[2026-08-26T03:17:38.2791+02:00] Not a valid Opa Pdp Message                  
Failed to write to log, can't make directories for new logfile: mkdir /var/logs: permission denied
[33mWARN[0m[2026-08-26T03:17:38.2793+02:00] Ignoring message with unexpected type:       
Failed to write to log, can't make directories for new logfile: mkdir /var/logs: permission denied
[33mWARN[0m[2026-08-26T03:17:38.2797+02:00] Not a valid Opa Pdp Message                  
Failed to write to log, can't make directories for new logfile: mkdir /var/logs: permission denied
[33mWARN[0m[2026-08-26T03:17:38.2801+02:00] Not a valid Opa Pdp Message                  
Failed to write to log, can't make directories for new logfile: mkdir /var/logs: permission denied
[33mWARN[0m[2026-08-26T03:17:38.2802+02:00] Ignoring message with unexpected type:       
Failed to write to log, can't make directories for new logfile: mkdir /var/logs: permission denied
[33mWARN[0m[2026-08-26T03:17:38.2804+02:00] Not a valid Opa Pdp Message                  
Failed to write to log, can't make directories for new logfile: mkdir /var/logs: permission denied
[33mWARN[0m[2026-08-26T03:17:38.2809+02:00] Ignoring message with unexpected type:       
Failed to write to log, can't make directories for new logfile: mkdir /var/logs: permission denied
[33mWARN[0m[2026-08-26T03:17:38.2810+02:00] Not a valid Opa Pdp Message                  
Failed to write to log, can't make directories for new logfile: mkdir /var/logs: permission denied
[33mWARN[0m[2026-08-26T03:17:38.2814+02:00] Ignoring message with unexpected type:       
Failed to write to log, can't make directories for new logfile: mkdir /var/logs: permission denied
[33mWARN[0m[2026-08-26T03:17:38.2815+02:00] Not a valid Opa Pdp Message                  
Failed to write to log, can't make directories for new logfile: mkdir /var/logs: permission denied
[33mWARN[0m[2026-08-26T03:17:38.2817+02:00] Ignoring message with unexpected type:       
Failed to write to log, can't make directories for new logfile: mkdir /var/logs: permission denied
[33mWARN[0m[2026-08-26T03:17:38.2818+02:00] Not a valid Opa Pdp Message                  
Failed to write to log, can't make directories for new logfile: mkdir /var/logs: permission denied
[33mWARN[0m[2026-08-26T03:17:38.2820+02:00] Ignoring message with unexpected type:       
Failed to write to log, can't make directories for new logfile: mkdir /var/logs: permission denied
[33mWARN[0m[2026-08-26T03:17:38.2820+02:00] Not a valid Opa Pdp Message                  
Failed to write to log, can't make directories for new logfile: mkdir /var/logs: permission denied
[33mWARN[0m[2026-08-26T03:17:38.2824+02:00] Ignoring message with unexpected type:       
Failed to write to log, can't make directories for new logfile: mkdir /var/logs: permission denied
[33mWARN[0m[2026-08-26T03:17:38.2826+02:00] Not a valid Opa Pdp Message                  
Failed to write to log, can't make directories for new logfile: mkdir /var/logs: permission denied
[33mWARN[0m[2026-08-26T03:17:38.2831+02:00] Not a valid Opa Pdp Message                  
Failed to write to log, can't make directories for new logfile: mkdir /var/logs: permission denied
[33mWARN[0m[2026-08-26T03:17:38.2831+02:00] Ignoring message with unexpected type:       
Failed to write to log, can't make directories for new logfile: mkdir /var/logs: permission denied
[33mWARN[0m[2026-08-26T03:17:38.2834+02:00] Not a valid Opa Pdp Message                  
Failed to write to log, can't make directories for new logfile: mkdir /var/logs: permission denied
[33mWARN[0m[2026-08-26T03:17:38.2837+02:00] Ignoring message with unexpected type:       
Failed to write to log, can't make directories for new logfile: mkdir /var/logs: permission denied
[33mWARN[0m[2026-08-26T03:17:38.2840+02:00] Not a valid Opa Pdp Message                  
Failed to write to log, can't make directories for new logfile: mkdir /var/logs: permission denied
[33mWARN[0m[2026-08-26T03:17:38.2845+02:00] Not a valid Opa Pdp Message                  
Failed to write to log, can't make directories for new logfile: mkdir /var/logs: permission denied
[33mWARN[0m[2026-08-26T03:17:38.2846+02:00] Ignoring message with unexpected type:       
Failed to write to log, can't make directories for new logfile: mkdir /var/logs: permission denied
[33mWARN[0m[2026-08-26T03:17:38.2847+02:00] Not a valid Opa Pdp Message                  
Failed to write to log, can't make directories for new logfile: mkdir /var/logs: permission denied
[33mWARN[0m[2026-08-26T03:17:38.2852+02:00] Ignoring message with unexpected type:       
Failed to write to log, can't make directories for new logfile: mkdir /var/logs: permission denied
[33mWARN[0m[2026-08-26T03:17:38.2853+02:00] Not a valid Opa Pdp Message                  
Failed to write to log, can't make directories for new logfile: mkdir /var/logs: permission denied
[33mWARN[0m[2026-08-26T03:17:38.2855+02:00] Ignoring message with unexpected type:       
Failed to write to log, can't make directories for new logfile: mkdir /var/logs: permission denied
[33mWARN[0m[2026-08-26T03:17:38.2855+02:00] Not a valid Opa Pdp Message                  
Failed to write to log, can't make directories for new logfile: mkdir /var/logs: permission denied
[33mWARN[0m[2026-08-26T03:17:38.2861+02:00] Not a valid Opa Pdp Message                  
Failed to write to log, can't make directories for new logfile: mkdir /var/logs: permission denied
[33mWARN[0m[2026-08-26T03:17:38.2859+02:00] Ignoring message with unexpected type:       
Failed to write to log, can't make directories for new logfile: mkdir /var/logs: permission denied
[33mWARN[0m[2026-08-26T03:17:38.2865+02:00] Not a valid Opa Pdp Message                  
Failed to write to log, can't make directories for new logfile: mkdir /var/logs: permission denied
[33mWARN[0m[2026-08-26T03:17:38.2867+02:00] Ignoring message with unexpected type:       
Failed to write to log, can't make directories for new logfile: mkdir /var/logs: permission denied
[33mWARN[0m[2026-08-26T03:17:38.2867+02:00] Not a valid Opa Pdp Message                  
Failed to write to log, can't make directories for new logfile: mkdir /var/logs: permission denied
[33mWARN[0m[2026-08-26T03:17:38.2870+02:00] Ignoring message with unexpected type:       
Failed to write to log, can't make directories for new logfile: mkdir /var/logs: permission denied
[33mWARN[0m[2026-08-26T03:17:38.2874+02:00] Not a valid Opa Pdp Message                  
Failed to write to log, can't make directories for new logfile: mkdir /var/logs: permission denied
[33mWARN[0m[2026-08-26T03:17:38.2877+02:00] Not a valid Opa Pdp Message                  
Failed to write to log, can't make directories for new logfile: mkdir /var/logs: permission denied
[33mWARN[0m[2026-08-26T03:17:38.2875+02:00] Ignoring message with unexpected type:       
Failed to write to log, can't make directories for new logfile: mkdir /var/logs: permission denied
[33mWARN[0m[2026-08-26T03:17:38.2879+02:00] Not a valid Opa Pdp Message                  
Failed to write to log, can't make directories for new logfile: mkdir /var/logs: permission denied
[33mWARN[0m[2026-08-26T03:17:38.2884+02:00] Not a valid Opa Pdp Message                  
Failed to write to log, can't make directories for new logfile: mkdir /var/logs: permission denied
[33mWARN[0m[2026-08-26T03:17:38.2884+02:00] Ignoring message with unexpected type:       
Failed to write to log, can't make directories for new logfile: mkdir /var/logs: permission denied
[33mWARN[0m[2026-08-26T03:17:38.2886+02:00] Not a valid Opa Pdp Message                  
Failed to write to log, can't make directories for new logfile: mkdir /var/logs: permission denied
[33mWARN[0m[2026-08-26T03:17:38.2890+02:00] Ignoring message with unexpected type:       
Failed to write to log, can't make directories for new logfile: mkdir /var/logs: permission denied
[33mWARN[0m[2026-08-26T03:17:38.2890+02:00] Not a valid Opa Pdp Message                  
Failed to write to log, can't make directories for new logfile: mkdir /var/logs: permission denied
[33mWARN[0m[2026-08-26T03:17:38.2893+02:00] Ignoring message with unexpected type:       
Failed to write to log, can't make directories for new logfile: mkdir /var/logs: permission denied
[33mWARN[0m[2026-08-26T03:17:38.2899+02:00] Not a valid Opa Pdp Message                  
Failed to write to log, can't make directories for new logfile: mkdir /var/logs: permission denied
[33mWARN[0m[2026-08-26T03:17:38.2902+02:00] Ignoring message with unexpected type:       
Failed to write to log, can't make directories for new logfile: mkdir /var/logs: permission denied
[33mWARN[0m[2026-08-26T03:17:38.2910+02:00] Ignoring message with unexpected type:       
Failed to write to log, can't make directories for new logfile: mkdir /var/logs: permission denied
[33mWARN[0m[2026-08-26T03:17:38.2908+02:00] Not a valid Opa Pdp Message                  
Failed to write to log, can't make directories for new logfile: mkdir /var/logs: permission denied
[33mWARN[0m[2026-08-26T03:17:38.2919+02:00] Not a valid Opa Pdp Message                  
Failed to write to log, can't make directories for new logfile: mkdir /var/logs: permission denied
[33mWARN[0m[2026-08-26T03:17:38.2922+02:00] Not a valid Opa Pdp Message                  
Failed to write to log, can't make directories for new logfile: mkdir /var/logs: permission denied
[33mWARN[0m[2026-08-26T03:17:38.2917+02:00] Ignoring message with unexpected type:       
Failed to write to log, can't make directories for new logfile: mkdir /var/logs: permission denied
[33mWARN[0m[2026-08-26T03:17:38.2929+02:00] Ignoring message with unexpected type:       
Failed to write to log, can't make directories for new logfile: mkdir /var/logs: permission denied
[33mWARN[0m[2026-08-26T03:17:38.2927+02:00] Not a valid Opa Pdp Message                  
Failed to write to log, can't make directories for new logfile: mkdir /var/logs: permission denied
[33mWARN[0m[2026-08-26T03:17:38.2934+02:00] Not a valid Opa Pdp Message                  
Failed to write to log, can't make directories for new logfile: mkdir /var/logs: permission denied
[33mWARN[0m[2026-08-26T03:17:38.2936+02:00] Not a valid Opa Pdp Message                  
Failed to write to log, can't make directories for new logfile: mkdir /var/logs: permission denied
[33mWARN[0m[2026-08-26T03:17:38.2937+02:00] Not a valid Opa Pdp Message                  
Failed to write to log, can't make directories for new logfile: mkdir /var/logs: permission denied
[33mWARN[0m[2026-08-26T03:17:38.2939+02:00] Not a valid Opa Pdp Message                  
Failed to write to log, can't make directories for new logfile: mkdir /var/logs: permission denied
[33mWARN[0m[2026-08-26T03:17:38.2940+02:00] Not a valid Opa Pdp Message                  
Failed to write to log, can't make directories for new logfile: mkdir /var/logs: permission denied
[33mWARN[0m[2026-08-26T03:17:38.2942+02:00] Not a valid Opa Pdp Message                  
Failed to write to log, can't make directories for new logfile: mkdir /var/logs: permission denied
[33mWARN[0m[2026-08-26T03:17:38.2943+02:00] Not a valid Opa Pdp Message                  
Failed to write to log, can't make directories for new logfile: mkdir /var/logs: permission denied
[33mWARN[0m[2026-08-26T03:17:38.2945+02:00] Not a valid Opa Pdp Message                  
Failed to write to log, can't make directories for new logfile: mkdir /var/logs: permission denied
[33mWARN[0m[2026-08-26T03:17:38.2947+02:00] Not a valid Opa Pdp Message                  
Failed to write to log, can't make directories for new logfile: mkdir /var/logs: permission denied
[33mWARN[0m[2026-08-26T03:17:38.2950+02:00] Not a valid Opa Pdp Message                  
Failed to write to log, can't make directories for new logfile: mkdir /var/logs: permission denied
[33mWARN[0m[2026-08-26T03:17:38.2956+02:00] Ignoring message with unexpected type:       
Failed to write to log, can't make directories for new logfile: mkdir /var/logs: permission denied
[33mWARN[0m[2026-08-26T03:17:38.2959+02:00] Ignoring message with unexpected type:       
Failed to write to log, can't make directories for new logfile: mkdir /var/logs: permission denied
[33mWARN[0m[2026-08-26T03:17:38.2962+02:00] Ignoring message with unexpected type:       
Failed to write to log, can't make directories for new logfile: mkdir /var/logs: permission denied
[33mWARN[0m[2026-08-26T03:17:38.2966+02:00] Ignoring message with unexpected type:       
Failed to write to log, can't make directories for new logfile: mkdir /var/logs: permission denied
[33mWARN[0m[2026-08-26T03:17:38.2971+02:00] Ignoring message with unexpected type:       
Failed to write to log, can't make directories for new logfile: mkdir /var/logs: permission denied
[33mWARN[0m[2026-08-26T03:17:38.2975+02:00] Not a valid Opa Pdp Message                  
Failed to write to log, can't make directories for new logfile: mkdir /var/logs: permission denied
[33mWARN[0m[2026-08-26T03:17:38.2978+02:00] Not a valid Opa Pdp Message                  
Failed to write to log, can't make directories for new logfile: mkdir /var/logs: permission denied
[33mWARN[0m[2026-08-26T03:17:38.2981+02:00] Not a valid Opa Pdp Message                  
Failed to write to log, can't make directories for new logfile: mkdir /var/logs: permission denied
[33mWARN[0m[2026-08-26T03:17:38.2987+02:00] Ignoring message with unexpected type:       
Failed to write to log, can't make directories for new logfile: mkdir /var/logs: permission denied
[33mWARN[0m[2026-08-26T03:17:38.2991+02:00] Ignoring message with unexpected type:       
Failed to write to log, can't make directories for new logfile: mkdir /var/logs: permission denied
[33mWARN[0m[2026-08-26T03:17:38.2996+02:00] Ignoring message with unexpected type:       
Failed to write to log, can't make directories for new logfile: mkdir /var/logs: permission denied
[33mWARN[0m[2026-08-26T03:17:38.2999+02:00] Ignoring message with unexpected type:       
Failed to write to log, can't make directories for new logfile: mkdir /var/logs: permission denied
[33mWARN[0m[2026-08-26T03:17:38.3003+02:00] Not a valid Opa Pdp Message                  
Failed to write to log, can't make directories for new logfile: mkdir /var/logs: permission denied
[33mWARN[0m[2026-08-26T03:17:38.3005+02:00] Not a valid Opa Pdp Message                  
Failed to write to log, can't make directories for new logfile: mkdir /var/logs: permission denied
[33mWARN[0m[2026-08-26T03:17:38.3007+02:00] Not a valid Opa Pdp Message                  
Failed to write to log, can't make directories for new logfile: mkdir /var/logs: permission denied
[33mWARN[0m[2026-08-26T03:17:38.3009+02:00] Not a valid Opa Pdp Message                  
Failed to write to log, can't make directories for new logfile: mkdir /var/logs: permission denied
[33mWARN[0m[2026-08-26T03:17:38.3011+02:00] Not a valid Opa Pdp Message                  
Failed to write to log, can't make directories for new logfile: mkdir /var/logs: permission denied
[33mWARN[0m[2026-08-26T03:17:38.3014+02:00] Ignoring message with unexpected type:       
Failed to write to log, can't make directories for new logfile: mkdir /var/logs: permission denied
[33mWARN[0m[2026-08-26T03:17:38.3016+02:00] Ignoring message with unexpected type:       
Failed to write to log, can't make directories for new logfile: mkdir /var/logs: permission denied
[33mWARN[0m[2026-08-26T03:17:38.3018+02:00] Ignoring message with unexpected type:       
Failed to write to log, can't make directories for new logfile: mkdir /var/logs: permission denied
[33mWARN[0m[2026-08-26T03:17:38.3024+02:00] Not a valid Opa Pdp Message                  
Failed to write to log, can't make directories for new logfile: mkdir /var/logs: permission denied
[33mWARN[0m[2026-08-26T03:17:38.3032+02:00] Not a valid Opa Pdp Message                  
Failed to write to log, can't make directories for new logfile: mkdir /var/logs: permission denied
[33mWARN[0m[2026-08-26T03:17:38.3062+02:00] Ignoring message with unexpected type:       
Failed to write to log, can't make directories for new logfile: mkdir /var/logs: permission denied
[33mWARN[0m[2026-08-26T03:17:38.3065+02:00] Ignoring message with unexpected type:       
Failed to write to log, can't make directories for new logfile: mkdir /var/logs: permission denied
[33mWARN[0m[2026-08-26T03:17:38.3067+02:00] Ignoring message with unexpected type:       
Failed to write to log, can't make directories for new logfile: mkdir /var/logs: permission denied
[33mWARN[0m[2026-08-26T03:17:38.3070+02:00] Ignoring message with unexpected type:       
Failed to write to log, can't make directories for new logfile: mkdir /var/logs: permission denied
[33mWARN[0m[2026-08-26T03:17:38.3073+02:00] Ignoring message with unexpected type:       
Failed to write to log, can't make directories for new logfile: mkdir /var/logs: permission denied
[33mWARN[0m[2026-08-26T03:17:38.3075+02:00] Ignoring message with unexpected type:       
Failed to write to log, can't make directories for new logfile: mkdir /var/logs: permission denied
[33mWARN[0m[2026-08-26T03:17:38.3076+02:00] Ignoring message with unexpected type:       
Failed to write to log, can't make directories for new logfile: mkdir /var/logs: permission denied
[33mWARN[0m[2026-08-26T03:17:38.3079+02:00] Ignoring message with unexpected type:       
Failed to write to log, can't make directories for new logfile: mkdir /var/logs: permission denied
[33mWARN[0m[2026-08-26T03:17:38.3080+02:00] Ignoring message with unexpected type:       
Failed to write to log, can't make directories for new logfile: mkdir /var/logs: permission denied
[33mWARN[0m[2026-08-26T03:17:38.3083+02:00] Ignoring message with unexpected type:       
Failed to write to log, can't make directories for new logfile: mkdir /var/logs: permission denied
[33mWARN[0m[2026-08-26T03:17:38.3085+02:00] Ignoring message with unexpected type:       
Failed to write to log, can't make directories for new logfile: mkdir /var/logs: permission denied
[33mWARN[0m[2026-08-26T03:17:38.3087+02:00] Ignoring message with unexpected type:       
Failed to write to log, can't make directories for new logfile: mkdir /var/logs: permission denied
[33mWARN[0m[2026-08-26T03:17:38.3089+02:00] Ignoring message with unexpected type:       
Failed to write to log, can't make directories for new logfile: mkdir /var/logs: permission denied
[33mWARN[0m[2026-08-26T03:17:38.3091+02:00] Ignoring message with unexpected type:       
Failed to write to log, can't make directories for new logfile: mkdir /var/logs: permission denied
[33mWARN[0m[2026-08-26T03:17:38.3094+02:00] Ignoring message with unexpected type:       
Failed to write to log, can't make directories for new logfile: mkdir /var/logs: permission denied
[33mWARN[0m[2026-08-26T03:17:38.3096+02:00] Ignoring message with unexpected type:       
Failed to write to log, can't make directories for new logfile: mkdir /var/logs: permission denied
[33mWARN[0m[2026-08-26T03:17:38.3098+02:00] Ignoring message with unexpected type:       
Failed to write to log, can't make directories for new logfile: mkdir /var/logs: permission denied
[33mWARN[0m[2026-08-26T03:17:38.3100+02:00] Ignoring message with unexpected type:       
Failed to write to log, can't make directories for new logfile: mkdir /var/logs: permission denied
[33mWARN[0m[2026-08-26T03:17:38.3102+02:00] Ignoring message with unexpected type:       
Failed to write to log, can't make directories for new logfile: mkdir /var/logs: permission denied
[33mWARN[0m[2026-08-26T03:17:38.3105+02:00] Ignoring message with unexpected type:       
Failed to write to log, can't make directories for new logfile: mkdir /var/logs: permission denied
[33mWARN[0m[2026-08-26T03:17:38.3108+02:00] Ignoring message with unexpected type:       
Failed to write to log, can't make directories for new logfile: mkdir /var/logs: permission denied
[33mWARN[0m[2026-08-26T03:17:38.3111+02:00] Ignoring message with unexpected type:       
Failed to write to log, can't make directories for new logfile: mkdir /var/logs: permission denied
[33mWARN[0m[2026-08-26T03:17:38.3113+02:00] Ignoring message with unexpected type:       
Failed to write to log, can't make directories for new logfile: mkdir /var/logs: permission denied
[33mWARN[0m[2026-08-26T03:17:38.3116+02:00] Ignoring message with unexpected type:       
Failed to write to log, can't make directories for new logfile: mkdir /var/logs: permission denied
[33mWARN[0m[2026-08-26T03:17:38.3118+02:00] Ignoring message with unexpected type:       
Failed to write to log, can't make directories for new logfile: mkdir /var/logs: permission denied
[33mWARN[0m[2026-08-26T03:17:38.3122+02:00] Ignoring message with unexpected type:       
Failed to write to log, can't make directories for new logfile: mkdir /var/logs: permission denied
[33mWARN[0m[2026-08-26T03:17:38.3109+02:00] Not a valid Opa Pdp Message                  
Failed to write to log, can't make directories for new logfile: mkdir /var/logs: permission denied
[33mWARN[0m[2026-08-26T03:17:38.3124+02:00] Ignoring message with unexpected type:       
Failed to write to log, can't make directories for new logfile: mkdir /var/logs: permission denied
[33mWARN[0m[2026-08-26T03:17:38.3131+02:00] Not a valid Opa Pdp Message                  
Failed to write to log, can't make directories for new logfile: mkdir /var/logs: permission denied
[33mWARN[0m[2026-08-26T03:17:38.3134+02:00] Not a valid Opa Pdp Message                  
Failed to write to log, can't make directories for new logfile: mkdir /var/logs: permission denied
[33mWARN[0m[2026-08-26T03:17:38.3131+02:00] Ignoring message with unexpected type:       
Failed to write to log, can't make directories for new logfile: mkdir /var/logs: permission denied
[33mWARN[0m[2026-08-26T03:17:38.3137+02:00] Not a valid Opa Pdp Message                  
Failed to write to log, can't make directories for new logfile: mkdir /var/logs: permission denied
[33mWARN[0m[2026-08-26T03:17:38.3140+02:00] Ignoring message with unexpected type:       
Failed to write to log, can't make directories for new logfile: mkdir /var/logs: permission denied
[33mWARN[0m[2026-08-26T03:17:38.3143+02:00] Ignoring message with unexpected type:       
Failed to write to log, can't make directories for new logfile: mkdir /var/logs: permission denied
[33mWARN[0m[2026-08-26T03:17:38.3143+02:00] Not a valid Opa Pdp Message                  
Failed to write to log, can't make directories for new logfile: mkdir /var/logs: permission denied
[33mWARN[0m[2026-08-26T03:17:38.3144+02:00] Ignoring message with unexpected type:       
Failed to write to log, can't make directories for new logfile: mkdir /var/logs: permission denied
[33mWARN[0m[2026-08-26T03:17:38.3148+02:00] Not a valid Opa Pdp Message                  
Failed to write to log, can't make directories for new logfile: mkdir /var/logs: permission denied
[33mWARN[0m[2026-08-26T03:17:38.3151+02:00] Ignoring message with unexpected type:       
Failed to write to log, can't make directories for new logfile: mkdir /var/logs: permission denied
[33mWARN[0m[2026-08-26T03:17:38.3154+02:00] Not a valid Opa Pdp Message                  
Failed to write to log, can't make directories for new logfile: mkdir /var/logs: permission denied
[33mWARN[0m[2026-08-26T03:17:38.3154+02:00] Ignoring message with unexpected type:       
Failed to write to log, can't make directories for new logfile: mkdir /var/logs: permission denied
[33mWARN[0m[2026-08-26T03:17:38.3159+02:00] Ignoring message with unexpected type:       
Failed to write to log, can't make directories for new logfile: mkdir /var/logs: permission denied
[33mWARN[0m[2026-08-26T03:17:38.3160+02:00] Not a valid Opa Pdp Message                  
Failed to write to log, can't make directories for new logfile: mkdir /var/logs: permission denied
[33mWARN[0m[2026-08-26T03:17:38.3161+02:00] Ignoring message with unexpected type:       
Failed to write to log, can't make directories for new logfile: mkdir /var/logs: permission denied
[33mWARN[0m[2026-08-26T03:17:38.3165+02:00] Not a valid Opa Pdp Message                  
Failed to write to log, can't make directories for new logfile: mkdir /var/logs: permission denied
[33mWARN[0m[2026-08-26T03:17:38.3167+02:00] Ignoring message with unexpected type:       
Failed to write to log, can't make directories for new logfile: mkdir /var/logs: permission denied
[33mWARN[0m[2026-08-26T03:17:38.3169+02:00] Ignoring message with unexpected type:       
Failed to write to log, can't make directories for new logfile: mkdir /var/logs: permission denied
[33mWARN[0m[2026-08-26T03:17:38.3169+02:00] Not a valid Opa Pdp Message                  
Failed to write to log, can't make directories for new logfile: mkdir /var/logs: permission denied
[33mWARN[0m[2026-08-26T03:17:38.3171+02:00] Ignoring message with unexpected type:       
Failed to write to log, can't make directories for new logfile: mkdir /var/logs: permission denied
[33mWARN[0m[2026-08-26T03:17:38.3173+02:00] Not a valid Opa Pdp Message                  
Failed to write to log, can't make directories for new logfile: mkdir /var/logs: permission denied
[33mWARN[0m[2026-08-26T03:17:38.3176+02:00] Ignoring message with unexpected type:       
Failed to write to log, can't make directories for new logfile: mkdir /var/logs: permission denied
[33mWARN[0m[2026-08-26T03:17:38.3181+02:00] Not a valid Opa Pdp Message                  
Failed to write to log, can't make directories for new logfile: mkdir /var/logs: permission denied
[33mWARN[0m[2026-08-26T03:17:38.3181+02:00] Ignoring message with unexpected type:       
Failed to write to log, can't make directories for new logfile: mkdir /var/logs: permission denied
[33mWARN[0m[2026-08-26T03:17:38.3185+02:00] Not a valid Opa Pdp Message                  
Failed to write to log, can't make directories for new logfile: mkdir /var/logs: permission denied
[33mWARN[0m[2026-08-26T03:17:38.3189+02:00] Ignoring message with unexpected type:       
Failed to write to log, can't make directories for new logfile: mkdir /var/logs: permission denied
[33mWARN[0m[2026-08-26T03:17:38.3191+02:00] Not a valid Opa Pdp Message                  
Failed to write to log, can't make directories for new logfile: mkdir /var/logs: permission denied
[33mWARN[0m[2026-08-26T03:17:38.3193+02:00] Ignoring message with unexpected type:       
Failed to write to log, can't make directories for new logfile: mkdir /var/logs: permission denied
[33mWARN[0m[2026-08-26T03:17:38.3196+02:00] Not a valid Opa Pdp Message                  
Failed to write to log, can't make directories for new logfile: mkdir /var/logs: permission denied
[33mWARN[0m[2026-08-26T03:17:38.3196+02:00] Ignoring message with unexpected type:       
Failed to write to log, can't make directories for new logfile: mkdir /var/logs: permission denied
[33mWARN[0m[2026-08-26T03:17:38.3202+02:00] Not a valid Opa Pdp Message                  
Failed to write to log, can't make directories for new logfile: mkdir /var/logs: permission denied
[33mWARN[0m[2026-08-26T03:17:38.3202+02:00] Ignoring message with unexpected type:       
Failed to write to log, can't make directories for new logfile: mkdir /var/logs: permission denied
[33mWARN[0m[2026-08-26T03:17:38.3205+02:00] Not a valid Opa Pdp Message                  
Failed to write to log, can't make directories for new logfile: mkdir /var/logs: permission denied
[33mWARN[0m[2026-08-26T03:17:38.3206+02:00] Ignoring message with unexpected type:       
Failed to write to log, can't make directories for new logfile: mkdir /var/logs: permission denied
[33mWARN[0m[2026-08-26T03:17:38.3207+02:00] Not a valid Opa Pdp Message                  
Failed to write to log, can't make directories for new logfile: mkdir /var/logs: permission denied
[33mWARN[0m[2026-08-26T03:17:38.3211+02:00] Ignoring message with unexpected type:       
Failed to write to log, can't make directories for new logfile: mkdir /var/logs: permission denied
[33mWARN[0m[2026-08-26T03:17:38.3214+02:00] Ignoring message with unexpected type:       
Failed to write to log, can't make directories for new logfile: mkdir /var/logs: permission denied
[33mWARN[0m[2026-08-26T03:17:38.3212+02:00] Not a valid Opa Pdp Message                  
Failed to write to log, can't make directories for new logfile: mkdir /var/logs: permission denied
[33mWARN[0m[2026-08-26T03:17:38.3217+02:00] Ignoring message with unexpected type:       
Failed to write to log, can't make directories for new logfile: mkdir /var/logs: permission denied
[33mWARN[0m[2026-08-26T03:17:38.3221+02:00] Not a valid Opa Pdp Message                  
Failed to write to log, can't make directories for new logfile: mkdir /var/logs: permission denied
[33mWARN[0m[2026-08-26T03:17:38.3222+02:00] Ignoring message with unexpected type:       
Failed to write to log, can't make directories for new logfile: mkdir /var/logs: permission denied
[33mWARN[0m[2026-08-26T03:17:38.3225+02:00] Ignoring message with unexpected type:       
Failed to write to log, can't make directories for new logfile: mkdir /var/logs: permission denied
[33mWARN[0m[2026-08-26T03:17:38.3224+02:00] Not a valid Opa Pdp Message                  
Failed to write to log, can't make directories for new logfile: mkdir /var/logs: permission denied
[33mWARN[0m[2026-08-26T03:17:38.3229+02:00] Ignoring message with unexpected type:       
Failed to write to log, can't make directories for new logfile: mkdir /var/logs: permission denied
[33mWARN[0m[2026-08-26T03:17:38.3235+02:00] Ignoring message with unexpected type:       
Failed to write to log, can't make directories for new logfile: mkdir /var/logs: permission denied
[33mWARN[0m[2026-08-26T03:17:38.3235+02:00] Not a valid Opa Pdp Message                  
Failed to write to log, can't make directories for new logfile: mkdir /var/logs: permission denied
[33mWARN[0m[2026-08-26T03:17:38.3237+02:00] Ignoring message with unexpected type:       
Failed to write to log, can't make directories for new logfile: mkdir /var/logs: permission denied
[33mWARN[0m[2026-08-26T03:17:38.3240+02:00] Not a valid Opa Pdp Message                  
Failed to write to log, can't make directories for new logfile: mkdir /var/logs: permission denied
[33mWARN[0m[2026-08-26T03:17:38.3241+02:00] Ignoring message with unexpected type:       
Failed to write to log, can't make directories for new logfile: mkdir /var/logs: permission denied
[33mWARN[0m[2026-08-26T03:17:38.3243+02:00] Not a valid Opa Pdp Message                  
Failed to write to log, can't make directories for new logfile: mkdir /var/logs: permission denied
[33mWARN[0m[2026-08-26T03:17:38.3245+02:00] Ignoring message with unexpected type:       
Failed to write to log, can't make directories for new logfile: mkdir /var/logs: permission denied
[33mWARN[0m[2026-08-26T03:17:38.3248+02:00] Ignoring message with unexpected type:       
Failed to write to log, can't make directories for new logfile: mkdir /var/logs: permission denied
[33mWARN[0m[2026-08-26T03:17:38.3245+02:00] Not a valid Opa Pdp Message                  
Failed to write to log, can't make directories for new logfile: mkdir /var/logs: permission denied
[33mWARN[0m[2026-08-26T03:17:38.3252+02:00] Ignoring message with unexpected type:       
Failed to write to log, can't make directories for new logfile: mkdir /var/logs: permission denied
[33mWARN[0m[2026-08-26T03:17:38.3257+02:00] Ignoring message with unexpected type:       
Failed to write to log, can't make directories for new logfile: mkdir /var/logs: permission denied
[33mWARN[0m[2026-08-26T03:17:38.3258+02:00] Not a valid Opa Pdp Message                  
Failed to write to log, can't make directories for new logfile: mkdir /var/logs: permission denied
[33mWARN[0m[2026-08-26T03:17:38.3260+02:00] Ignoring message with unexpected type:       
Failed to write to log, can't make directories for new logfile: mkdir /var/logs: permission denied
[33mWARN[0m[2026-08-26T03:17:38.3265+02:00] Ignoring message with unexpected type:       
Failed to write to log, can't make directories for new logfile: mkdir /var/logs: permission denied
[33mWARN[0m[2026-08-26T03:17:38.3267+02:00] Not a valid Opa Pdp Message                  
Failed to write to log, can't make directories for new logfile: mkdir /var/logs: permission denied
[33mWARN[0m[2026-08-26T03:17:38.3268+02:00] Ignoring message with unexpected type:       
Failed to write to log, can't make directories for new logfile: mkdir /var/logs: permission denied
[33mWARN[0m[2026-08-26T03:17:38.3271+02:00] Not a valid Opa Pdp Message                  
Failed to write to log, can't make directories for new logfile: mkdir /var/logs: permission denied
[33mWARN[0m[2026-08-26T03:17:38.3272+02:00] Ignoring message with unexpected type:       
Failed to write to log, can't make directories for new logfile: mkdir /var/logs: permission denied
[33mWARN[0m[2026-08-26T03:17:38.3273+02:00] Not a valid Opa Pdp Message                  
Failed to write to log, can't make directories for new logfile: mkdir /var/logs: permission denied
[33mWARN[0m[2026-08-26T03:17:38.3274+02:00] Ignoring message with unexpected type:       
Failed to write to log, can't make directories for new logfile: mkdir /var/logs: permission denied
[33mWARN[0m[2026-08-26T03:17:38.3275+02:00] Not a valid Opa Pdp Message                  
Failed to write to log, can't make directories for new logfile: mkdir /var/logs: permission denied
[33mWARN[0m[2026-08-26T03:17:38.3278+02:00] Ignoring message with unexpected type:       
Failed to write to log, can't make directories for new logfile: mkdir /var/logs: permission denied
[33mWARN[0m[2026-08-26T03:17:38.3283+02:00] Not a valid Opa Pdp Message                  
Failed to write to log, can't make directories for new logfile: mkdir /var/logs: permission denied
[33mWARN[0m[2026-08-26T03:17:38.3285+02:00] Ignoring message with unexpected type:       
Failed to write to log, can't make directories for new logfile: mkdir /var/logs: permission denied
[33mWARN[0m[2026-08-26T03:17:38.3289+02:00] Not a valid Opa Pdp Message                  
Failed to write to log, can't make directories for new logfile: mkdir /var/logs: permission denied
[33mWARN[0m[2026-08-26T03:17:38.3290+02:00] Ignoring message with unexpected type:       
Failed to write to log, can't make directories for new logfile: mkdir /var/logs: permission denied
[33mWARN[0m[2026-08-26T03:17:38.3296+02:00] Ignoring message with unexpected type:       
Failed to write to log, can't make directories for new logfile: mkdir /var/logs: permission denied
[33mWARN[0m[2026-08-26T03:17:38.3296+02:00] Not a valid Opa Pdp Message                  
Failed to write to log, can't make directories for new logfile: mkdir /var/logs: permission denied
[33mWARN[0m[2026-08-26T03:17:38.3300+02:00] Ignoring message with unexpected type:       
Failed to write to log, can't make directories for new logfile: mkdir /var/logs: permission denied
[33mWARN[0m[2026-08-26T03:17:38.3301+02:00] Not a valid Opa Pdp Message                  
Failed to write to log, can't make directories for new logfile: mkdir /var/logs: permission denied
[33mWARN[0m[2026-08-26T03:17:38.3303+02:00] Ignoring message with unexpected type:       
Failed to write to log, can't make directories for new logfile: mkdir /var/logs: permission denied
[33mWARN[0m[2026-08-26T03:17:38.3305+02:00] Not a valid Opa Pdp Message                  
Failed to write to log, can't make directories for new logfile: mkdir /var/logs: permission denied
[33mWARN[0m[2026-08-26T03:17:38.3305+02:00] Ignoring message with unexpected type:       
Failed to write to log, can't make directories for new logfile: mkdir /var/logs: permission denied
[33mWARN[0m[2026-08-26T03:17:38.3310+02:00] Ignoring message with unexpected type:       
Failed to write to log, can't make directories for new logfile: mkdir /var/logs: permission denied
[33mWARN[0m[2026-08-26T03:17:38.3307+02:00] Not a valid Opa Pdp Message                  
Failed to write to log, can't make directories for new logfile: mkdir /var/logs: permission denied
[33mWARN[0m[2026-08-26T03:17:38.3314+02:00] Ignoring message with unexpected type:       
Failed to write to log, can't make directories for new logfile: mkdir /var/logs: permission denied
[33mWARN[0m[2026-08-26T03:17:38.3316+02:00] Not a valid Opa Pdp Message                  
Failed to write to log, can't make directories for new logfile: mkdir /var/logs: permission denied
[33mWARN[0m[2026-08-26T03:17:38.3320+02:00] Ignoring message with unexpected type:       
Failed to write to log, can't make directories for new logfile: mkdir /var/logs: permission denied
[33mWARN[0m[2026-08-26T03:17:38.3321+02:00] Not a valid Opa Pdp Message                  
Failed to write to log, can't make directories for new logfile: mkdir /var/logs: permission denied
[33mWARN[0m[2026-08-26T03:17:38.3323+02:00] Ignoring message with unexpected type:       
Failed to write to log, can't make directories for new logfile: mkdir /var/logs: permission denied
[33mWARN[0m[2026-08-26T03:17:38.3329+02:00] Ignoring message with unexpected type:       
Failed to write to log, can't make directories for new logfile: mkdir /var/logs: permission denied
[33mWARN[0m[2026-08-26T03:17:38.3330+02:00] Not a valid Opa Pdp Message                  
Failed to write to log, can't make directories for new logfile: mkdir /var/logs: permission denied
[33mWARN[0m[2026-08-26T03:17:38.3331+02:00] Ignoring message with unexpected type:       
Failed to write to log, can't make directories for new logfile: mkdir /var/logs: permission denied
[33mWARN[0m[2026-08-26T03:17:38.3337+02:00] Ignoring message with unexpected type:       
Failed to write to log, can't make directories for new logfile: mkdir /var/logs: permission denied
[33mWARN[0m[2026-08-26T03:17:38.3335+02:00] Not a valid Opa Pdp Message                  
Failed to write to log, can't make directories for new logfile: mkdir /var/logs: permission denied
[33mWARN[0m[2026-08-26T03:17:38.3339+02:00] Ignoring message with unexpected type:       
Failed to write to log, can't make directories for new logfile: mkdir /var/logs: permission denied
[33mWARN[0m[2026-08-26T03:17:38.3345+02:00] Ignoring message with unexpected type:       
Failed to write to log, can't make directories for new logfile: mkdir /var/logs: permission denied
[33mWARN[0m[2026-08-26T03:17:38.3346+02:00] Not a valid Opa Pdp Message                  
Failed to write to log, can't make directories for new logfile: mkdir /var/logs: permission denied
[33mWARN[0m[2026-08-26T03:17:38.3347+02:00] Ignoring message with unexpected type:       
Failed to write to log, can't make directories for new logfile: mkdir /var/logs: permission denied
[33mWARN[0m[2026-08-26T03:17:38.3350+02:00] Not a valid Opa Pdp Message                  
Failed to write to log, can't make directories for new logfile: mkdir /var/logs: permission denied
[33mWARN[0m[2026-08-26T03:17:38.3351+02:00] Ignoring message with unexpected type:       
Failed to write to log, can't make directories for new logfile: mkdir /var/logs: permission denied
[33mWARN[0m[2026-08-26T03:17:38.3353+02:00] Not a valid Opa Pdp Message                  
Failed to write to log, can't make directories for new logfile: mkdir /var/logs: permission denied
[33mWARN[0m[2026-08-26T03:17:38.3355+02:00] Ignoring message with unexpected type:       
Failed to write to log, can't make directories for new logfile: mkdir /var/logs: permission denied
[33mWARN[0m[2026-08-26T03:17:38.3356+02:00] Not a valid Opa Pdp Message                  
Failed to write to log, can't make directories for new logfile: mkdir /var/logs: permission denied
[33mWARN[0m[2026-08-26T03:17:38.3359+02:00] Not a valid Opa Pdp Message                  
Failed to write to log, can't make directories for new logfile: mkdir /var/logs: permission denied
[33mWARN[0m[2026-08-26T03:17:38.3359+02:00] Ignoring message with unexpected type:       
Failed to write to log, can't make directories for new logfile: mkdir /var/logs: permission denied
[33mWARN[0m[2026-08-26T03:17:38.3361+02:00] Not a valid Opa Pdp Message                  
Failed to write to log, can't make directories for new logfile: mkdir /var/logs: permission denied
[33mWARN[0m[2026-08-26T03:17:38.3363+02:00] Ignoring message with unexpected type:       
Failed to write to log, can't make directories for new logfile: mkdir /var/logs: permission denied
[33mWARN[0m[2026-08-26T03:17:38.3365+02:00] Ignoring message with unexpected type:       
Failed to write to log, can't make directories for new logfile: mkdir /var/logs: permission denied
[33mWARN[0m[2026-08-26T03:17:38.3366+02:00] Not a valid Opa Pdp Message                  
Failed to write to log, can't make directories for new logfile: mkdir /var/logs: permission denied
[33mWARN[0m[2026-08-26T03:17:38.3367+02:00] Ignoring message with unexpected type:       
Failed to write to log, can't make directories for new logfile: mkdir /var/logs: permission denied
[33mWARN[0m[2026-08-26T03:17:38.3374+02:00] Ignoring message with unexpected type:       
Failed to write to log, can't make directories for new logfile: mkdir /var/logs: permission denied
[33mWARN[0m[2026-08-26T03:17:38.3376+02:00] Not a valid Opa Pdp Message                  
Failed to write to log, can't make directories for new logfile: mkdir /var/logs: permission denied
[33mWARN[0m[2026-08-26T03:17:38.3377+02:00] Ignoring message with unexpected type:       
Failed to write to log, can't make directories for new logfile: mkdir /var/logs: permission denied
[33mWARN[0m[2026-08-26T03:17:38.3382+02:00] Not a valid Opa Pdp Message                  
Failed to write to log, can't make directories for new logfile: mkdir /var/logs: permission denied
[33mWARN[0m[2026-08-26T03:17:38.3383+02:00] Ignoring message with unexpected type:       
Failed to write to log, can't make directories for new logfile: mkdir /var/logs: permission denied
[33mWARN[0m[2026-08-26T03:17:38.3388+02:00] Not a valid Opa Pdp Message                  
Failed to write to log, can't make directories for new logfile: mkdir /var/logs: permission denied
[33mWARN[0m[2026-08-26T03:17:38.3388+02:00] Ignoring message with unexpected type:       
Failed to write to log, can't make directories for new logfile: mkdir /var/logs: permission denied
[33mWARN[0m[2026-08-26T03:17:38.3394+02:00] Not a valid Opa Pdp Message                  
Failed to write to log, can't make directories for new logfile: mkdir /var/logs: permission denied
[33mWARN[0m[2026-08-26T03:17:38.3395+02:00] Ignoring message with unexpected type:       
Failed to write to log, can't make directories for new logfile: mkdir /var/logs: permission denied
[33mWARN[0m[2026-08-26T03:17:38.3402+02:00] Not a valid Opa Pdp Message                  
Failed to write to log, can't make directories for new logfile: mkdir /var/logs: permission denied
[33mWARN[0m[2026-08-26T03:17:38.3402+02:00] Ignoring message with unexpected type:       
Failed to write to log, can't make directories for new logfile: mkdir /var/logs: permission denied
[33mWARN[0m[2026-08-26T03:17:38.3407+02:00] Not a valid Opa Pdp Message                  
Failed to write to log, can't make directories for new logfile: mkdir /var/logs: permission denied
[33mWARN[0m[2026-08-26T03:17:38.3408+02:00] Ignoring message with unexpected type:       
Failed to write to log, can't make directories for new logfile: mkdir /var/logs: permission denied
[33mWARN[0m[2026-08-26T03:17:38.3411+02:00] Not a valid Opa Pdp Message                  
Failed to write to log, can't make directories for new logfile: mkdir /var/logs: permission denied
[33mWARN[0m[2026-08-26T03:17:38.3413+02:00] Ignoring message with unexpected type:       
Failed to write to log, can't make directories for new logfile: mkdir /var/logs: permission denied
[33mWARN[0m[2026-08-26T03:17:38.3419+02:00] Not a valid Opa Pdp Message                  
Failed to write to log, can't make directories for new logfile: mkdir /var/logs: permission denied
[33mWARN[0m[2026-08-26T03:17:38.3420+02:00] Ignoring message with unexpected type:       
Failed to write to log, can't make directories for new logfile: mkdir /var/logs: permission denied
[33mWARN[0m[2026-08-26T03:17:38.3421+02:00] Not a valid Opa Pdp Message                  
Failed to write to log, can't make directories for new logfile: mkdir /var/logs: permission denied
[33mWARN[0m[2026-08-26T03:17:38.3422+02:00] Ignoring message with unexpected type:       
Failed to write to log, can't make directories for new logfile: mkdir /var/logs: permission denied
[33mWARN[0m[2026-08-26T03:17:38.3427+02:00] Not a valid Opa Pdp Message                  
Failed to write to log, can't make directories for new logfile: mkdir /var/logs: permission denied
[33mWARN[0m[2026-08-26T03:17:38.3429+02:00] Ignoring message with unexpected type:       
Failed to write to log, can't make directories for new logfile: mkdir /var/logs: permission denied
[33mWARN[0m[2026-08-26T03:17:38.3432+02:00] Not a valid Opa Pdp Message                  
Failed to write to log, can't make directories for new logfile: mkdir /var/logs: permission denied
[33mWARN[0m[2026-08-26T03:17:38.3434+02:00] Ignoring message with unexpected type:       
Failed to write to log, can't make directories for new logfile: mkdir /var/logs: permission denied
[33mWARN[0m[2026-08-26T03:17:38.3436+02:00] Not a valid Opa Pdp Message                  
Failed to write to log, can't make directories for new logfile: mkdir /var/logs: permission denied
[33mWARN[0m[2026-08-26T03:17:38.3441+02:00] Ignoring message with unexpected type:       
Failed to write to log, can't make directories for new logfile: mkdir /var/logs: permission denied
[33mWARN[0m[2026-08-26T03:17:38.3441+02:00] Not a valid Opa Pdp Message                  
Failed to write to log, can't make directories for new logfile: mkdir /var/logs: permission denied
[33mWARN[0m[2026-08-26T03:17:38.3445+02:00] Ignoring message with unexpected type:       
Failed to write to log, can't make directories for new logfile: mkdir /var/logs: permission denied
[33mWARN[0m[2026-08-26T03:17:38.3447+02:00] Not a valid Opa Pdp Message                  
Failed to write to log, can't make directories for new logfile: mkdir /var/logs: permission denied
[33mWARN[0m[2026-08-26T03:17:38.3449+02:00] Ignoring message with unexpected type:       
Failed to write to log, can't make directories for new logfile: mkdir /var/logs: permission denied
[33mWARN[0m[2026-08-26T03:17:38.3455+02:00] Not a valid Opa Pdp Message                  
Failed to write to log, can't make directories for new logfile: mkdir /var/logs: permission denied
[33mWARN[0m[2026-08-26T03:17:38.3456+02:00] Ignoring message with unexpected type:       
Failed to write to log, can't make directories for new logfile: mkdir /var/logs: permission denied
[33mWARN[0m[2026-08-26T03:17:38.3458+02:00] Not a valid Opa Pdp Message                  
Failed to write to log, can't make directories for new logfile: mkdir /var/logs: permission denied
[33mWARN[0m[2026-08-26T03:17:38.3460+02:00] Ignoring message with unexpected type:       
Failed to write to log, can't make directories for new logfile: mkdir /var/logs: permission denied
[33mWARN[0m[2026-08-26T03:17:38.3464+02:00] Not a valid Opa Pdp Message                  
Failed to write to log, can't make directories for new logfile: mkdir /var/logs: permission denied
[33mWARN[0m[2026-08-26T03:17:38.3466+02:00] Ignoring message with unexpected type:       
Failed to write to log, can't make directories for new logfile: mkdir /var/logs: permission denied
[33mWARN[0m[2026-08-26T03:17:38.3467+02:00] Not a valid Opa Pdp Message                  
Failed to write to log, can't make directories for new logfile: mkdir /var/logs: permission denied
[33mWARN[0m[2026-08-26T03:17:38.3468+02:00] Ignoring message with unexpected type:       
Failed to write to log, can't make directories for new logfile: mkdir /var/logs: permission denied
[33mWARN[0m[2026-08-26T03:17:38.3471+02:00] Not a valid Opa Pdp Message                  
Failed to write to log, can't make directories for new logfile: mkdir /var/logs: permission denied
[33mWARN[0m[2026-08-26T03:17:38.3473+02:00] Ignoring message with unexpected type:       
Failed to write to log, can't make directories for new logfile: mkdir /var/logs: permission denied
[33mWARN[0m[2026-08-26T03:17:38.3474+02:00] Not a valid Opa Pdp Message                  
Failed to write to log, can't make directories for new logfile: mkdir /var/logs: permission denied
[33mWARN[0m[2026-08-26T03:17:38.3476+02:00] Ignoring message with unexpected type:       
Failed to write to log, can't make directories for new logfile: mkdir /var/logs: permission denied
[33mWARN[0m[2026-08-26T03:17:38.3481+02:00] Not a valid Opa Pdp Message                  
Failed to write to log, can't make directories for new logfile: mkdir /var/logs: permission denied
[33mWARN[0m[2026-08-26T03:17:38.3482+02:00] Ignoring message with unexpected type:       
Failed to write to log, can't make directories for new logfile: mkdir /var/logs: permission denied
[33mWARN[0m[2026-08-26T03:17:38.3487+02:00] Not a valid Opa Pdp Message                  
Failed to write to log, can't make directories for new logfile: mkdir /var/logs: permission denied
[33mWARN[0m[2026-08-26T03:17:38.3488+02:00] Ignoring message with unexpected type:       
Failed to write to log, can't make directories for new logfile: mkdir /var/logs: permission denied
[33mWARN[0m[2026-08-26T03:17:38.3490+02:00] Not a valid Opa Pdp Message                  
Failed to write to log, can't make directories for new logfile: mkdir /var/logs: permission denied
[33mWARN[0m[2026-08-26T03:17:38.3494+02:00] Ignoring message with unexpected type:       
Failed to write to log, can't make directories for new logfile: mkdir /var/logs: permission denied
[33mWARN[0m[2026-08-26T03:17:38.3499+02:00] Not a valid Opa Pdp Message                  
Failed to write to log, can't make directories for new logfile: mkdir /var/logs: permission denied
[33mWARN[0m[2026-08-26T03:17:38.3500+02:00] Ignoring message with unexpected type:       
Failed to write to log, can't make directories for new logfile: mkdir /var/logs: permission denied
[33mWARN[0m[2026-08-26T03:17:38.3505+02:00] Ignoring message with unexpected type:       
Failed to write to log, can't make directories for new logfile: mkdir /var/logs: permission denied
[33mWARN[0m[2026-08-26T03:17:38.3505+02:00] Not a valid Opa Pdp Message                  
Failed to write to log, can't make directories for new logfile: mkdir /var/logs: permission denied
[33mWARN[0m[2026-08-26T03:17:38.3507+02:00] Ignoring message with unexpected type:       
Failed to write to log, can't make directories for new logfile: mkdir /var/logs: permission denied
[33mWARN[0m[2026-08-26T03:17:38.3511+02:00] Not a valid Opa Pdp Message                  
Failed to write to log, can't make directories for new logfile: mkdir /var/logs: permission denied
[33mWARN[0m[2026-08-26T03:17:38.3512+02:00] Ignoring message with unexpected type:       
Failed to write to log, can't make directories for new logfile: mkdir /var/logs: permission denied
[33mWARN[0m[2026-08-26T03:17:38.3515+02:00] Not a valid Opa Pdp Message                  
Failed to write to log, can't make directories for new logfile: mkdir /var/logs: permission denied
[33mWARN[0m[2026-08-26T03:17:38.3517+02:00] Ignoring message with unexpected type:       
Failed to write to log, can't make directories for new logfile: mkdir /var/logs: permission denied
[33mWARN[0m[2026-08-26T03:17:38.3517+02:00] Not a valid Opa Pdp Message                  
Failed to write to log, can't make directories for new logfile: mkdir /var/logs: permission denied
[33mWARN[0m[2026-08-26T03:17:38.3520+02:00] Ignoring message with unexpected type:       
Failed to write to log, can't make directories for new logfile: mkdir /var/logs: permission denied
[33mWARN[0m[2026-08-26T03:17:38.3525+02:00] Not a valid Opa Pdp Message                  
Failed to write to log, can't make directories for new logfile: mkdir /var/logs: permission denied
[33mWARN[0m[2026-08-26T03:17:38.3526+02:00] Ignoring message with unexpected type:       
Failed to write to log, can't make directories for new logfile: mkdir /var/logs: permission denied
[33mWARN[0m[2026-08-26T03:17:38.3531+02:00] Not a valid Opa Pdp Message                  
Failed to write to log, can't make directories for new logfile: mkdir /var/logs: permission denied
[33mWARN[0m[2026-08-26T03:17:38.3534+02:00] Ignoring message with unexpected type:       
Failed to write to log, can't make directories for new logfile: mkdir /var/logs: permission denied
[33mWARN[0m[2026-08-26T03:17:38.3537+02:00] Ignoring message with unexpected type:       
Failed to write to log, can't make directories for new logfile: mkdir /var/logs: permission denied
[33mWARN[0m[2026-08-26T03:17:38.3538+02:00] Not a valid Opa Pdp Message                  
Failed to write to log, can't make directories for new logfile: mkdir /var/logs: permission denied
[33mWARN[0m[2026-08-26T03:17:38.3541+02:00] Ignoring message with unexpected type:       
Failed to write to log, can't make directories for new logfile: mkdir /var/logs: permission denied
[33mWARN[0m[2026-08-26T03:17:38.3545+02:00] Not a valid Opa Pdp Message                  
Failed to write to log, can't make directories for new logfile: mkdir /var/logs: permission denied
[33mWARN[0m[2026-08-26T03:17:38.3546+02:00] Ignoring message with unexpected type:       
Failed to write to log, can't make directories for new logfile: mkdir /var/logs: permission denied
[33mWARN[0m[2026-08-26T03:17:38.3547+02:00] Not a valid Opa Pdp Message                  
Failed to write to log, can't make directories for new logfile: mkdir /var/logs: permission denied
[33mWARN[0m[2026-08-26T03:17:38.3548+02:00] Ignoring message with unexpected type:       
Failed to write to log, can't make directories for new logfile: mkdir /var/logs: permission denied
[33mWARN[0m[2026-08-26T03:17:38.3548+02:00] Not a valid Opa Pdp Message                  
Failed to write to log, can't make directories for new logfile: mkdir /var/logs: permission denied
[33mWARN[0m[2026-08-26T03:17:38.3552+02:00] Ignoring message with unexpected type:       
Failed to write to log, can't make directories for new logfile: mkdir /var/logs: permission denied
[33mWARN[0m[2026-08-26T03:17:38.3554+02:00] Not a valid Opa Pdp Message                  
Failed to write to log, can't make directories for new logfile: mkdir /var/logs: permission denied
[33mWARN[0m[2026-08-26T03:17:38.3555+02:00] Ignoring message with unexpected type:       
Failed to write to log, can't make directories for new logfile: mkdir /var/logs: permission denied
[33mWARN[0m[2026-08-26T03:17:38.3560+02:00] Not a valid Opa Pdp Message                  
Failed to write to log, can't make directories for new logfile: mkdir /var/logs: permission denied
[33mWARN[0m[2026-08-26T03:17:38.3561+02:00] Ignoring message with unexpected type:       
Failed to write to log, can't make directories for new logfile: mkdir /var/logs: permission denied
[33mWARN[0m[2026-08-26T03:17:38.3566+02:00] Ignoring message with unexpected type:       
Failed to write to log, can't make directories for new logfile: mkdir /var/logs: permission denied
[33mWARN[0m[2026-08-26T03:17:38.3566+02:00] Not a valid Opa Pdp Message                  
Failed to write to log, can't make directories for new logfile: mkdir /var/logs: permission denied
[33mWARN[0m[2026-08-26T03:17:38.3568+02:00] Ignoring message with unexpected type:       
Failed to write to log, can't make directories for new logfile: mkdir /var/logs: permission denied
[33mWARN[0m[2026-08-26T03:17:38.3569+02:00] Not a valid Opa Pdp Message                  
Failed to write to log, can't make directories for new logfile: mkdir /var/logs: permission denied
[33mWARN[0m[2026-08-26T03:17:38.3570+02:00] Ignoring message with unexpected type:       
Failed to write to log, can't make directories for new logfile: mkdir /var/logs: permission denied
[33mWARN[0m[2026-08-26T03:17:38.3571+02:00] Not a valid Opa Pdp Message                  
Failed to write to log, can't make directories for new logfile: mkdir /var/logs: permission denied
[33mWARN[0m[2026-08-26T03:17:38.3574+02:00] Not a valid Opa Pdp Message                  
Failed to write to log, can't make directories for new logfile: mkdir /var/logs: permission denied
[33mWARN[0m[2026-08-26T03:17:38.3573+02:00] Ignoring message with unexpected type:       
Failed to write to log, can't make directories for new logfile: mkdir /var/logs: permission denied
[33mWARN[0m[2026-08-26T03:17:38.3578+02:00] Ignoring message with unexpected type:       
Failed to write to log, can't make directories for new logfile: mkdir /var/logs: permission denied
[33mWARN[0m[2026-08-26T03:17:38.3577+02:00] Not a valid Opa Pdp Message                  
Failed to write to log, can't make directories for new logfile: mkdir /var/logs: permission denied
[33mWARN[0m[2026-08-26T03:17:38.3581+02:00] Ignoring message with unexpected type:       
Failed to write to log, can't make directories for new logfile: mkdir /var/logs: permission denied
[33mWARN[0m[2026-08-26T03:17:38.3585+02:00] Ignoring message with unexpected type:       
Failed to write to log, can't make directories for new logfile: mkdir /var/logs: permission denied
[33mWARN[0m[2026-08-26T03:17:38.3586+02:00] Not a valid Opa Pdp Message                  
Failed to write to log, can't make directories for new logfile: mkdir /var/logs: permission denied
[33mWARN[0m[2026-08-26T03:17:38.3587+02:00] Ignoring message with unexpected type:       
Failed to write to log, can't make directories for new logfile: mkdir /var/logs: permission denied
[33mWARN[0m[2026-08-26T03:17:38.3588+02:00] Not a valid Opa Pdp Message                  
Failed to write to log, can't make directories for new logfile: mkdir /var/logs: permission denied
[33mWARN[0m[2026-08-26T03:17:38.3591+02:00] Ignoring message with unexpected type:       
Failed to write to log, can't make directories for new logfile: mkdir /var/logs: permission denied
[33mWARN[0m[2026-08-26T03:17:38.3595+02:00] Ignoring message with unexpected type:       
Failed to write to log, can't make directories for new logfile: mkdir /var/logs: permission denied
[33mWARN[0m[2026-08-26T03:17:38.3594+02:00] Not a valid Opa Pdp Message                  
Failed to write to log, can't make directories for new logfile: mkdir /var/logs: permission denied
[33mWARN[0m[2026-08-26T03:17:38.3597+02:00] Ignoring message with unexpected type:       
Failed to write to log, can't make directories for new logfile: mkdir /var/logs: permission denied
[33mWARN[0m[2026-08-26T03:17:38.3601+02:00] Not a valid Opa Pdp Message                  
Failed to write to log, can't make directories for new logfile: mkdir /var/logs: permission denied
[33mWARN[0m[2026-08-26T03:17:38.3605+02:00] Ignoring message with unexpected type:       
Failed to write to log, can't make directories for new logfile: mkdir /var/logs: permission denied
[33mWARN[0m[2026-08-26T03:17:38.3608+02:00] Not a valid Opa Pdp Message                  
Failed to write to log, can't make directories for new logfile: mkdir /var/logs: permission denied
[33mWARN[0m[2026-08-26T03:17:38.3609+02:00] Ignoring message with unexpected type:       
Failed to write to log, can't make directories for new logfile: mkdir /var/logs: permission denied
[33mWARN[0m[2026-08-26T03:17:38.3612+02:00] Not a valid Opa Pdp Message                  
Failed to write to log, can't make directories for new logfile: mkdir /var/logs: permission denied
[33mWARN[0m[2026-08-26T03:17:38.3614+02:00] Ignoring message with unexpected type:       
Failed to write to log, can't make directories for new logfile: mkdir /var/logs: permission denied
[33mWARN[0m[2026-08-26T03:17:38.3619+02:00] Not a valid Opa Pdp Message                  
Failed to write to log, can't make directories for new logfile: mkdir /var/logs: permission denied
[33mWARN[0m[2026-08-26T03:17:38.3621+02:00] Ignoring message with unexpected type:       
Failed to write to log, can't make directories for new logfile: mkdir /var/logs: permission denied
[33mWARN[0m[2026-08-26T03:17:38.3623+02:00] Not a valid Opa Pdp Message                  
Failed to write to log, can't make directories for new logfile: mkdir /var/logs: permission denied
[33mWARN[0m[2026-08-26T03:17:38.3625+02:00] Ignoring message with unexpected type:       
Failed to write to log, can't make directories for new logfile: mkdir /var/logs: permission denied
[33mWARN[0m[2026-08-26T03:17:38.3626+02:00] Not a valid Opa Pdp Message                  
Failed to write to log, can't make directories for new logfile: mkdir /var/logs: permission denied
[33mWARN[0m[2026-08-26T03:17:38.3627+02:00] Ignoring message with unexpected type:       
Failed to write to log, can't make directories for new logfile: mkdir /var/logs: permission denied
[33mWARN[0m[2026-08-26T03:17:38.3628+02:00] Not a valid Opa Pdp Message                  
Failed to write to log, can't make directories for new logfile: mkdir /var/logs: permission denied
[33mWARN[0m[2026-08-26T03:17:38.3630+02:00] Ignoring message with unexpected type:       
Failed to write to log, can't make directories for new logfile: mkdir /var/logs: permission denied
[33mWARN[0m[2026-08-26T03:17:38.3630+02:00] Not a valid Opa Pdp Message                  
Failed to write to log, can't make directories for new logfile: mkdir /var/logs: permission denied
[33mWARN[0m[2026-08-26T03:17:38.3632+02:00] Ignoring message with unexpected type:       
Failed to write to log, can't make directories for new logfile: mkdir /var/logs: permission denied
[33mWARN[0m[2026-08-26T03:17:38.3635+02:00] Not a valid Opa Pdp Message                  
Failed to write to log, can't make directories for new logfile: mkdir /var/logs: permission denied
[33mWARN[0m[2026-08-26T03:17:38.3637+02:00] Ignoring message with unexpected type:       
Failed to write to log, can't make directories for new logfile: mkdir /var/logs: permission denied
[33mWARN[0m[2026-08-26T03:17:38.3641+02:00] Not a valid Opa Pdp Message                  
Failed to write to log, can't make directories for new logfile: mkdir /var/logs: permission denied
[33mWARN[0m[2026-08-26T03:17:38.3643+02:00] Ignoring message with unexpected type:       
Failed to write to log, can't make directories for new logfile: mkdir /var/logs: permission denied
[33mWARN[0m[2026-08-26T03:17:38.3646+02:00] Not a valid Opa Pdp Message                  
Failed to write to log, can't make directories for new logfile: mkdir /var/logs: permission denied
[33mWARN[0m[2026-08-26T03:17:38.3648+02:00] Ignoring message with unexpected type:       
Failed to write to log, can't make directories for new logfile: mkdir /var/logs: permission denied
[33mWARN[0m[2026-08-26T03:17:38.3649+02:00] Not a valid Opa Pdp Message                  
Failed to write to log, can't make directories for new logfile: mkdir /var/logs: permission denied
[33mWARN[0m[2026-08-26T03:17:38.3653+02:00] Ignoring message with unexpected type:       
Failed to write to log, can't make directories for new logfile: mkdir /var/logs: permission denied
[33mWARN[0m[2026-08-26T03:17:38.3654+02:00] Not a valid Opa Pdp Message                  
Failed to write to log, can't make directories for new logfile: mkdir /var/logs: permission denied
[33mWARN[0m[2026-08-26T03:17:38.3660+02:00] Not a valid Opa Pdp Message                  
Failed to write to log, can't make directories for new logfile: mkdir /var/logs: permission denied
[33mWARN[0m[2026-08-26T03:17:38.3662+02:00] Not a valid Opa Pdp Message                  
Failed to write to log, can't make directories for new logfile: mkdir /var/logs: permission denied
[33mWARN[0m[2026-08-26T03:17:38.3664+02:00] Not a valid Opa Pdp Message                  
Failed to write to log, can't make directories for new logfile: mkdir /var/logs: permission denied
[33mWARN[0m[2026-08-26T03:17:38.3665+02:00] Not a valid Opa Pdp Message                  
Failed to write to log, can't make directories for new logfile: mkdir /var/logs: permission denied
[33mWARN[0m[2026-08-26T03:17:38.3667+02:00] Not a valid Opa Pdp Message                  
Failed to write to log, can't make directories for new logfile: mkdir /var/logs: permission denied
[33mWARN[0m[2026-08-26T03:17:38.3670+02:00] Not a valid Opa Pdp Message                  
Failed to write to log, can't make directories for new logfile: mkdir /var/logs: permission denied
[33mWARN[0m[2026-08-26T03:17:38.3671+02:00] Not a valid Opa Pdp Message                  
Failed to write to log, can't make directories for new logfile: mkdir /var/logs: permission denied
[33mWARN[0m[2026-08-26T03:17:38.3657+02:00] Ignoring message with unexpected type:       
Failed to write to log, can't make directories for new logfile: mkdir /var/logs: permission denied
[33mWARN[0m[2026-08-26T03:17:38.3675+02:00] Ignoring message with unexpected type:       
Failed to write to log, can't make directories for new logfile: mkdir /var/logs: permission denied
[33mWARN[0m[2026-08-26T03:17:38.3677+02:00] Ignoring message with unexpected type:       
Failed to write to log, can't make directories for new logfile: mkdir /var/logs: permission denied
[33mWARN[0m[2026-08-26T03:17:38.3680+02:00] Ignoring message with unexpected type:       
Failed to write to log, can't make directories for new logfile: mkdir /var/logs: permission denied
[33mWARN[0m[2026-08-26T03:17:38.3682+02:00] Ignoring message with unexpected type:       
Failed to write to log, can't make directories for new logfile: mkdir /var/logs: permission denied
[33mWARN[0m[2026-08-26T03:17:38.3684+02:00] Ignoring message with unexpected type:       
Failed to write to log, can't make directories for new logfile: mkdir /var/logs: permission denied
[33mWARN[0m[2026-08-26T03:17:38.3687+02:00] Ignoring message with unexpected type:       
Failed to write to log, can't make directories for new logfile: mkdir /var/logs: permission denied
[33mWARN[0m[2026-08-26T03:17:38.3689+02:00] Ignoring message with unexpected type:       
Failed to write to log, can't make directories for new logfile: mkdir /var/logs: permission denied
[33mWARN[0m[2026-08-26T03:17:38.3691+02:00] Ignoring message with unexpected type:       
Failed to write to log, can't make directories for new logfile: mkdir /var/logs: permission denied
[33mWARN[0m[2026-08-26T03:17:38.3694+02:00] Not a valid Opa Pdp Message                  
Failed to write to log, can't make directories for new logfile: mkdir /var/logs: permission denied
[33mWARN[0m[2026-08-26T03:17:38.3697+02:00] Not a valid Opa Pdp Message                  
Failed to write to log, can't make directories for new logfile: mkdir /var/logs: permission denied
[33mWARN[0m[2026-08-26T03:17:38.3700+02:00] Not a valid Opa Pdp Message                  
Failed to write to log, can't make directories for new logfile: mkdir /var/logs: permission denied
[33mWARN[0m[2026-08-26T03:17:38.3702+02:00] Not a valid Opa Pdp Message                  
Failed to write to log, can't make directories for new logfile: mkdir /var/logs: permission denied
[33mWARN[0m[2026-08-26T03:17:38.3704+02:00] Not a valid Opa Pdp Message                  
Failed to write to log, can't make directories for new logfile: mkdir /var/logs: permission denied
[33mWARN[0m[2026-08-26T03:17:38.3706+02:00] Not a valid Opa Pdp Message                  
Failed to write to log, can't make directories for new logfile: mkdir /var/logs: permission denied
[33mWARN[0m[2026-08-26T03:17:38.3708+02:00] Not a valid Opa Pdp Message                  
Failed to write to log, can't make directories for new logfile: mkdir /var/logs: permission denied
[33mWARN[0m[2026-08-26T03:17:38.3710+02:00] Not a valid Opa Pdp Message                  
Failed to write to log, can't make directories for new logfile: mkdir /var/logs: permission denied
[33mWARN[0m[2026-08-26T03:17:38.3714+02:00] Ignoring message with unexpected type:       
Failed to write to log, can't make directories for new logfile: mkdir /var/logs: permission denied
[33mWARN[0m[2026-08-26T03:17:38.3717+02:00] Ignoring message with unexpected type:       
Failed to write to log, can't make directories for new logfile: mkdir /var/logs: permission denied
[33mWARN[0m[2026-08-26T03:17:38.3719+02:00] Ignoring message with unexpected type:       
Failed to write to log, can't make directories for new logfile: mkdir /var/logs: permission denied
[33mWARN[0m[2026-08-26T03:17:38.3721+02:00] Ignoring message with unexpected type:       
Failed to write to log, can't make directories for new logfile: mkdir /var/logs: permission denied
[33mWARN[0m[2026-08-26T03:17:38.3724+02:00] Ignoring message with unexpected type:       
Failed to write to log, can't make directories for new logfile: mkdir /var/logs: permission denied
[33mWARN[0m[2026-08-26T03:17:38.3730+02:00] Not a valid Opa Pdp Message                  
Failed to write to log, can't make directories for new logfile: mkdir /var/logs: permission denied
[33mWARN[0m[2026-08-26T03:17:38.3732+02:00] Not a valid Opa Pdp Message                  
Failed to write to log, can't make directories for new logfile: mkdir /var/logs: permission denied
[33mWARN[0m[2026-08-26T03:17:38.3735+02:00] Not a valid Opa Pdp Message                  
Failed to write to log, can't make directories for new logfile: mkdir /var/logs: permission denied
[33mWARN[0m[2026-08-26T03:17:38.3740+02:00] Not a valid Opa Pdp Message                  
Failed to write to log, can't make directories for new logfile: mkdir /var/logs: permission denied
[33mWARN[0m[2026-08-26T03:17:38.3742+02:00] Not a valid Opa Pdp Message                  
Failed to write to log, can't make directories for new logfile: mkdir /var/logs: permission denied
[33mWARN[0m[2026-08-26T03:17:38.3765+02:00] Not a valid Opa Pdp Message                  
Failed to write to log, can't make directories for new logfile: mkdir /var/logs: permission denied
[33mWARN[0m[2026-08-26T03:17:38.3767+02:00] Not a valid Opa Pdp Message                  
Failed to write to log, can't make directories for new logfile: mkdir /var/logs: permission denied
[33mWARN[0m[2026-08-26T03:17:38.3770+02:00] Not a valid Opa Pdp Message                  
Failed to write to log, can't make directories for new logfile: mkdir /var/logs: permission denied
[33mWARN[0m[2026-08-26T03:17:38.3772+02:00] Not a valid Opa Pdp Message                  
Failed to write to log, can't make directories for new logfile: mkdir /var/logs: permission denied
[33mWARN[0m[2026-08-26T03:17:38.3774+02:00] Not a valid Opa Pdp Message                  
Failed to write to log, can't make directories for new logfile: mkdir /var/logs: permission denied
[33mWARN[0m[2026-08-26T03:17:38.3776+02:00] Not a valid Opa Pdp Message                  
Failed to write to log, can't make directories for new logfile: mkdir /var/logs: permission denied
[33mWARN[0m[2026-08-26T03:17:38.3779+02:00] Not a valid Opa Pdp Message                  
Failed to write to log, can't make directories for new logfile: mkdir /var/logs: permission denied
[33mWARN[0m[2026-08-26T03:17:38.3781+02:00] Not a valid Opa Pdp Message                  
Failed to write to log, can't make directories for new logfile: mkdir /var/logs: permission denied
[33mWARN[0m[2026-08-26T03:17:38.3783+02:00] Not a valid Opa Pdp Message                  
Failed to write to log, can't make directories for new logfile: mkdir /var/logs: permission denied
[33mWARN[0m[2026-08-26T03:17:38.3785+02:00] Not a valid Opa Pdp Message                  
Failed to write to log, can't make directories for new logfile: mkdir /var/logs: permission denied
[33mWARN[0m[2026-08-26T03:17:38.3787+02:00] Not a valid Opa Pdp Message                  
Failed to write to log, can't make directories for new logfile: mkdir /var/logs: permission denied
[33mWARN[0m[2026-08-26T03:17:38.3789+02:00] Not a valid Opa Pdp Message                  
Failed to write to log, can't make directories for new logfile: mkdir /var/logs: permission denied
[33mWARN[0m[2026-08-26T03:17:38.3791+02:00] Not a valid Opa Pdp Message                  
Failed to write to log, can't make directories for new logfile: mkdir /var/logs: permission denied
[33mWARN[0m[2026-08-26T03:17:38.3746+02:00] Ignoring message with unexpected type:       
Failed to write to log, can't make directories for new logfile: mkdir /var/logs: permission denied
[33mWARN[0m[2026-08-26T03:17:38.3813+02:00] Ignoring message with unexpected type:       
Failed to write to log, can't make directories for new logfile: mkdir /var/logs: permission denied
[33mWARN[0m[2026-08-26T03:17:38.3816+02:00] Ignoring message with unexpected type:       
Failed to write to log, can't make directories for new logfile: mkdir /var/logs: permission denied
[33mWARN[0m[2026-08-26T03:17:38.3818+02:00] Ignoring message with unexpected type:       
Failed to write to log, can't make directories for new logfile: mkdir /var/logs: permission denied
[33mWARN[0m[2026-08-26T03:17:38.3822+02:00] Ignoring message with unexpected type:       
Failed to write to log, can't make directories for new logfile: mkdir /var/logs: permission denied
[33mWARN[0m[2026-08-26T03:17:38.3830+02:00] Ignoring message with unexpected type:       
Failed to write to log, can't make directories for new logfile: mkdir /var/logs: permission denied
[33mWARN[0m[2026-08-26T03:17:38.3833+02:00] Ignoring message with unexpected type:       
Failed to write to log, can't make directories for new logfile: mkdir /var/logs: permission denied
[33mWARN[0m[2026-08-26T03:17:38.3836+02:00] Ignoring message with unexpected type:       
Failed to write to log, can't make directories for new logfile: mkdir /var/logs: permission denied
[33mWARN[0m[2026-08-26T03:17:38.3838+02:00] Ignoring message with unexpected type:       
Failed to write to log, can't make directories for new logfile: mkdir /var/logs: permission denied
[33mWARN[0m[2026-08-26T03:17:38.3840+02:00] Ignoring message with unexpected type:       
Failed to write to log, can't make directories for new logfile: mkdir /var/logs: permission denied
[33mWARN[0m[2026-08-26T03:17:38.3841+02:00] Ignoring message with unexpected type:       
Failed to write to log, can't make directories for new logfile: mkdir /var/logs: permission denied
[33mWARN[0m[2026-08-26T03:17:38.3846+02:00] Ignoring message with unexpected type:       
Failed to write to log, can't make directories for new logfile: mkdir /var/logs: permission denied
[33mWARN[0m[2026-08-26T03:17:38.3847+02:00] Not a valid Opa Pdp Message                  
Failed to write to log, can't make directories for new logfile: mkdir /var/logs: permission denied
[33mWARN[0m[2026-08-26T03:17:38.3853+02:00] Not a valid Opa Pdp Message                  
Failed to write to log, can't make directories for new logfile: mkdir /var/logs: permission denied
[33mWARN[0m[2026-08-26T03:17:38.3856+02:00] Ignoring message with unexpected type:       
Failed to write to log, can't make directories for new logfile: mkdir /var/logs: permission denied
[33mWARN[0m[2026-08-26T03:17:38.3856+02:00] Not a valid Opa Pdp Message                  
Failed to write to log, can't make directories for new logfile: mkdir /var/logs: permission denied
[33mWARN[0m[2026-08-26T03:17:38.3860+02:00] Not a valid Opa Pdp Message                  
Failed to write to log, can't make directories for new logfile: mkdir /var/logs: permission denied
[33mWARN[0m[2026-08-26T03:17:38.3862+02:00] Not a valid Opa Pdp Message                  
Failed to write to log, can't make directories for new logfile: mkdir /var/logs: permission denied
[33mWARN[0m[2026-08-26T03:17:38.3865+02:00] Not a valid Opa Pdp Message                  
Failed to write to log, can't make directories for new logfile: mkdir /var/logs: permission denied
[33mWARN[0m[2026-08-26T03:17:38.3867+02:00] Not a valid Opa Pdp Message                  
Failed to write to log, can't make directories for new logfile: mkdir /var/logs: permission denied
[33mWARN[0m[2026-08-26T03:17:38.3869+02:00] Not a valid Opa Pdp Message                  
Failed to write to log, can't make directories for new logfile: mkdir /var/logs: permission denied
[33mWARN[0m[2026-08-26T03:17:38.3865+02:00] Ignoring message with unexpected type:       
Failed to write to log, can't make directories for new logfile: mkdir /var/logs: permission denied
[33mWARN[0m[2026-08-26T03:17:38.3871+02:00] Not a valid Opa Pdp Message                  
Failed to write to log, can't make directories for new logfile: mkdir /var/logs: permission denied
[33mWARN[0m[2026-08-26T03:17:38.3875+02:00] Ignoring message with unexpected type:       
Failed to write to log, can't make directories for new logfile: mkdir /var/logs: permission denied
[33mWARN[0m[2026-08-26T03:17:38.3875+02:00] Not a valid Opa Pdp Message                  
Failed to write to log, can't make directories for new logfile: mkdir /var/logs: permission denied
[33mWARN[0m[2026-08-26T03:17:38.3877+02:00] Ignoring message with unexpected type:       
Failed to write to log, can't make directories for new logfile: mkdir /var/logs: permission denied
[33mWARN[0m[2026-08-26T03:17:38.3877+02:00] Not a valid Opa Pdp Message                  
Failed to write to log, can't make directories for new logfile: mkdir /var/logs: permission denied
[33mWARN[0m[2026-08-26T03:17:38.3879+02:00] Ignoring message with unexpected type:       
Failed to write to log, can't make directories for new logfile: mkdir /var/logs: permission denied
[33mWARN[0m[2026-08-26T03:17:38.3879+02:00] Not a valid Opa Pdp Message                  
Failed to write to log, can't make directories for new logfile: mkdir /var/logs: permission denied
[33mWARN[0m[2026-08-26T03:17:38.3882+02:00] Not a valid Opa Pdp Message                  
Failed to write to log, can't make directories for new logfile: mkdir /var/logs: permission denied
[33mWARN[0m[2026-08-26T03:17:38.3884+02:00] Not a valid Opa Pdp Message                  
Failed to write to log, can't make directories for new logfile: mkdir /var/logs: permission denied
[33mWARN[0m[2026-08-26T03:17:38.3886+02:00] Not a valid Opa Pdp Message                  
Failed to write to log, can't make directories for new logfile: mkdir /var/logs: permission denied
[33mWARN[0m[2026-08-26T03:17:38.3888+02:00] Not a valid Opa Pdp Message                  
Failed to write to log, can't make directories for new logfile: mkdir /var/logs: permission denied
[33mWARN[0m[2026-08-26T03:17:38.3890+02:00] Not a valid Opa Pdp Message                  
Failed to write to log, can't make directories for new logfile: mkdir /var/logs: permission denied
[33mWARN[0m[2026-08-26T03:17:38.3892+02:00] Not a valid Opa Pdp Message                  
Failed to write to log, can't make directories for new logfile: mkdir /var/logs: permission denied
[33mWARN[0m[2026-08-26T03:17:38.3894+02:00] Not a valid Opa Pdp Message                  
Failed to write to log, can't make directories for new logfile: mkdir /var/logs: permission denied
[33mWARN[0m[2026-08-26T03:17:38.3896+02:00] Not a valid Opa Pdp Message                  
Failed to write to log, can't make directories for new logfile: mkdir /var/logs: permission denied
[33mWARN[0m[2026-08-26T03:17:38.3898+02:00] Not a valid Opa Pdp Message                  
Failed to write to log, can't make directories for new logfile: mkdir /var/logs: permission denied
[33mWARN[0m[2026-08-26T03:17:38.3900+02:00] Not a valid Opa Pdp Message                  
Failed to write to log, can't make directories for new logfile: mkdir /var/logs: permission denied
[33mWARN[0m[2026-08-26T03:17:38.3881+02:00] Ignoring message with unexpected type:       
Failed to write to log, can't make directories for new logfile: mkdir /var/logs: permission denied
[33mWARN[0m[2026-08-26T03:17:38.3902+02:00] Not a valid Opa Pdp Message                  
Failed to write to log, can't make directories for new logfile: mkdir /var/logs: permission denied
[33mWARN[0m[2026-08-26T03:17:38.3904+02:00] Not a valid Opa Pdp Message                  
Failed to write to log, can't make directories for new logfile: mkdir /var/logs: permission denied
[33mWARN[0m[2026-08-26T03:17:38.3904+02:00] Ignoring message with unexpected type:       
Failed to write to log, can't make directories for new logfile: mkdir /var/logs: permission denied
[33mWARN[0m[2026-08-26T03:17:38.3906+02:00] Not a valid Opa Pdp Message                  
Failed to write to log, can't make directories for new logfile: mkdir /var/logs: permission denied
[33mWARN[0m[2026-08-26T03:17:38.3910+02:00] Not a valid Opa Pdp Message                  
Failed to write to log, can't make directories for new logfile: mkdir /var/logs: permission denied
[33mWARN[0m[2026-08-26T03:17:38.3912+02:00] Not a valid Opa Pdp Message                  
Failed to write to log, can't make directories for new logfile: mkdir /var/logs: permission denied
[33mWARN[0m[2026-08-26T03:17:38.3914+02:00] Ignoring message with unexpected type:       
Failed to write to log, can't make directories for new logfile: mkdir /var/logs: permission denied
[33mWARN[0m[2026-08-26T03:17:38.3915+02:00] Not a valid Opa Pdp Message                  
Failed to write to log, can't make directories for new logfile: mkdir /var/logs: permission denied
[33mWARN[0m[2026-08-26T03:17:38.3917+02:00] Ignoring message with unexpected type:       
Failed to write to log, can't make directories for new logfile: mkdir /var/logs: permission denied
[33mWARN[0m[2026-08-26T03:17:38.3919+02:00] Not a valid Opa Pdp Message                  
Failed to write to log, can't make directories for new logfile: mkdir /var/logs: permission denied
[33mWARN[0m[2026-08-26T03:17:38.3922+02:00] Ignoring message with unexpected type:       
Failed to write to log, can't make directories for new logfile: mkdir /var/logs: permission denied
[33mWARN[0m[2026-08-26T03:17:38.3923+02:00] Not a valid Opa Pdp Message                  
Failed to write to log, can't make directories for new logfile: mkdir /var/logs: permission denied
[33mWARN[0m[2026-08-26T03:17:38.3924+02:00] Ignoring message with unexpected type:       
Failed to write to log, can't make directories for new logfile: mkdir /var/logs: permission denied
[33mWARN[0m[2026-08-26T03:17:38.3925+02:00] Not a valid Opa Pdp Message                  
Failed to write to log, can't make directories for new logfile: mkdir /var/logs: permission denied
[33mWARN[0m[2026-08-26T03:17:38.3926+02:00] Ignoring message with unexpected type:       
Failed to write to log, can't make directories for new logfile: mkdir /var/logs: permission denied
[33mWARN[0m[2026-08-26T03:17:38.3927+02:00] Not a valid Opa Pdp Message                  
Failed to write to log, can't make directories for new logfile: mkdir /var/logs: permission denied
[33mWARN[0m[2026-08-26T03:17:38.3928+02:00] Ignoring message with unexpected type:       
Failed to write to log, can't make directories for new logfile: mkdir /var/logs: permission denied
[33mWARN[0m[2026-08-26T03:17:38.3928+02:00] Not a valid Opa Pdp Message                  
Failed to write to log, can't make directories for new logfile: mkdir /var/logs: permission denied
[33mWARN[0m[2026-08-26T03:17:38.3932+02:00] Not a valid Opa Pdp Message                  
Failed to write to log, can't make directories for new logfile: mkdir /var/logs: permission denied
[33mWARN[0m[2026-08-26T03:17:38.3934+02:00] Not a valid Opa Pdp Message                  
Failed to write to log, can't make directories for new logfile: mkdir /var/logs: permission denied
[33mWARN[0m[2026-08-26T03:17:38.3935+02:00] Not a valid Opa Pdp Message                  
Failed to write to log, can't make directories for new logfile: mkdir /var/logs: permission denied
[33mWARN[0m[2026-08-26T03:17:38.3937+02:00] Not a valid Opa Pdp Message                  
Failed to write to log, can't make directories for new logfile: mkdir /var/logs: permission denied
[33mWARN[0m[2026-08-26T03:17:38.3939+02:00] Not a valid Opa Pdp Message                  
Failed to write to log, can't make directories for new logfile: mkdir /var/logs: permission denied
[33mWARN[0m[2026-08-26T03:17:38.3941+02:00] Not a valid Opa Pdp Message                  
Failed to write to log, can't make directories for new logfile: mkdir /var/logs: permission denied
[33mWARN[0m[2026-08-26T03:17:38.3931+02:00] Ignoring message with unexpected type:       
Failed to write to log, can't make directories for new logfile: mkdir /var/logs: permission denied
[33mWARN[0m[2026-08-26T03:17:38.3943+02:00] Not a valid Opa Pdp Message                  
Failed to write to log, can't make directories for new logfile: mkdir /var/logs: permission denied
[33mWARN[0m[2026-08-26T03:17:38.3945+02:00] Ignoring message with unexpected type:       
Failed to write to log, can't make directories for new logfile: mkdir /var/logs: permission denied
[33mWARN[0m[2026-08-26T03:17:38.3945+02:00] Not a valid Opa Pdp Message                  
Failed to write to log, can't make directories for new logfile: mkdir /var/logs: permission denied
[33mWARN[0m[2026-08-26T03:17:38.3947+02:00] Ignoring message with unexpected type:       
Failed to write to log, can't make directories for new logfile: mkdir /var/logs: permission denied
[33mWARN[0m[2026-08-26T03:17:38.3948+02:00] Not a valid Opa Pdp Message                  
Failed to write to log, can't make directories for new logfile: mkdir /var/logs: permission denied
[33mWARN[0m[2026-08-26T03:17:38.3949+02:00] Ignoring message with unexpected type:       
Failed to write to log, can't make directories for new logfile: mkdir /var/logs: permission denied
[33mWARN[0m[2026-08-26T03:17:38.3950+02:00] Not a valid Opa Pdp Message                  
Failed to write to log, can't make directories for new logfile: mkdir /var/logs: permission denied
[33mWARN[0m[2026-08-26T03:17:38.3951+02:00] Ignoring message with unexpected type:       
Failed to write to log, can't make directories for new logfile: mkdir /var/logs: permission denied
[33mWARN[0m[2026-08-26T03:17:38.3952+02:00] Not a valid Opa Pdp Message                  
Failed to write to log, can't make directories for new logfile: mkdir /var/logs: permission denied
[33mWARN[0m[2026-08-26T03:17:38.3954+02:00] Ignoring message with unexpected type:       
Failed to write to log, can't make directories for new logfile: mkdir /var/logs: permission denied
[33mWARN[0m[2026-08-26T03:17:38.3954+02:00] Not a valid Opa Pdp Message                  
Failed to write to log, can't make directories for new logfile: mkdir /var/logs: permission denied
[33mWARN[0m[2026-08-26T03:17:38.3957+02:00] Not a valid Opa Pdp Message                  
Failed to write to log, can't make directories for new logfile: mkdir /var/logs: permission denied
[33mWARN[0m[2026-08-26T03:17:38.3956+02:00] Ignoring message with unexpected type:       
Failed to write to log, can't make directories for new logfile: mkdir /var/logs: permission denied
[33mWARN[0m[2026-08-26T03:17:38.3959+02:00] Not a valid Opa Pdp Message                  
Failed to write to log, can't make directories for new logfile: mkdir /var/logs: permission denied
[33mWARN[0m[2026-08-26T03:17:38.3967+02:00] Not a valid Opa Pdp Message                  
Failed to write to log, can't make directories for new logfile: mkdir /var/logs: permission denied
[33mWARN[0m[2026-08-26T03:17:38.3969+02:00] Not a valid Opa Pdp Message                  
Failed to write to log, can't make directories for new logfile: mkdir /var/logs: permission denied
[33mWARN[0m[2026-08-26T03:17:38.3969+02:00] Ignoring message with unexpected type:       
Failed to write to log, can't make directories for new logfile: mkdir /var/logs: permission denied
[33mWARN[0m[2026-08-26T03:17:38.3972+02:00] Not a valid Opa Pdp Message                  
Failed to write to log, can't make directories for new logfile: mkdir /var/logs: permission denied
[33mWARN[0m[2026-08-26T03:17:38.3977+02:00] Not a valid Opa Pdp Message                  
Failed to write to log, can't make directories for new logfile: mkdir /var/logs: permission denied
[33mWARN[0m[2026-08-26T03:17:38.3979+02:00] Not a valid Opa Pdp Message                  
Failed to write to log, can't make directories for new logfile: mkdir /var/logs: permission denied
[33mWARN[0m[2026-08-26T03:17:38.3978+02:00] Ignoring message with unexpected type:       
Failed to write to log, can't make directories for new logfile: mkdir /var/logs: permission denied
[33mWARN[0m[2026-08-26T03:17:38.3981+02:00] Not a valid Opa Pdp Message                  
Failed to write to log, can't make directories for new logfile: mkdir /var/logs: permission denied
[33mWARN[0m[2026-08-26T03:17:38.3985+02:00] Ignoring message with unexpected type:       
Failed to write to log, can't make directories for new logfile: mkdir /var/logs: permission denied
[33mWARN[0m[2026-08-26T03:17:38.3985+02:00] Not a valid Opa Pdp Message                  
Failed to write to log, can't make directories for new logfile: mkdir /var/logs: permission denied
[33mWARN[0m[2026-08-26T03:17:38.3987+02:00] Ignoring message with unexpected type:       
Failed to write to log, can't make directories for new logfile: mkdir /var/logs: permission denied
[33mWARN[0m[2026-08-26T03:17:38.3988+02:00] Not a valid Opa Pdp Message                  
Failed to write to log, can't make directories for new logfile: mkdir /var/logs: permission denied
[33mWARN[0m[2026-08-26T03:17:38.3992+02:00] Not a valid Opa Pdp Message                  
Failed to write to log, can't make directories for new logfile: mkdir /var/logs: permission denied
[33mWARN[0m[2026-08-26T03:17:38.3995+02:00] Not a valid Opa Pdp Message                  
Failed to write to log, can't make directories for new logfile: mkdir /var/logs: permission denied
[33mWARN[0m[2026-08-26T03:17:38.3990+02:00] Ignoring message with unexpected type:       
Failed to write to log, can't make directories for new logfile: mkdir /var/logs: permission denied
[33mWARN[0m[2026-08-26T03:17:38.3996+02:00] Not a valid Opa Pdp Message                  
Failed to write to log, can't make directories for new logfile: mkdir /var/logs: permission denied
[33mWARN[0m[2026-08-26T03:17:38.3999+02:00] Ignoring message with unexpected type:       
Failed to write to log, can't make directories for new logfile: mkdir /var/logs: permission denied
[33mWARN[0m[2026-08-26T03:17:38.4000+02:00] Not a valid Opa Pdp Message                  
Failed to write to log, can't make directories for new logfile: mkdir /var/logs: permission denied
[33mWARN[0m[2026-08-26T03:17:38.4003+02:00] Ignoring message with unexpected type:       
Failed to write to log, can't make directories for new logfile: mkdir /var/logs: permission denied
[33mWARN[0m[2026-08-26T03:17:38.4004+02:00] Not a valid Opa Pdp Message                  
Failed to write to log, can't make directories for new logfile: mkdir /var/logs: permission denied
[33mWARN[0m[2026-08-26T03:17:38.4006+02:00] Not a valid Opa Pdp Message                  
Failed to write to log, can't make directories for new logfile: mkdir /var/logs: permission denied
[33mWARN[0m[2026-08-26T03:17:38.4008+02:00] Not a valid Opa Pdp Message                  
Failed to write to log, can't make directories for new logfile: mkdir /var/logs: permission denied
[33mWARN[0m[2026-08-26T03:17:38.4010+02:00] Not a valid Opa Pdp Message                  
Failed to write to log, can't make directories for new logfile: mkdir /var/logs: permission denied
[33mWARN[0m[2026-08-26T03:17:38.4011+02:00] Not a valid Opa Pdp Message                  
Failed to write to log, can't make directories for new logfile: mkdir /var/logs: permission denied
[33mWARN[0m[2026-08-26T03:17:38.4013+02:00] Not a valid Opa Pdp Message                  
Failed to write to log, can't make directories for new logfile: mkdir /var/logs: permission denied
[33mWARN[0m[2026-08-26T03:17:38.4006+02:00] Ignoring message with unexpected type:       
Failed to write to log, can't make directories for new logfile: mkdir /var/logs: permission denied
[33mWARN[0m[2026-08-26T03:17:38.4016+02:00] Not a valid Opa Pdp Message                  
Failed to write to log, can't make directories for new logfile: mkdir /var/logs: permission denied
[33mWARN[0m[2026-08-26T03:17:38.4018+02:00] Ignoring message with unexpected type:       
Failed to write to log, can't make directories for new logfile: mkdir /var/logs: permission denied
[33mWARN[0m[2026-08-26T03:17:38.4019+02:00] Not a valid Opa Pdp Message                  
Failed to write to log, can't make directories for new logfile: mkdir /var/logs: permission denied
[33mWARN[0m[2026-08-26T03:17:38.4021+02:00] Ignoring message with unexpected type:       
Failed to write to log, can't make directories for new logfile: mkdir /var/logs: permission denied
[33mWARN[0m[2026-08-26T03:17:38.4021+02:00] Not a valid Opa Pdp Message                  
Failed to write to log, can't make directories for new logfile: mkdir /var/logs: permission denied
[33mWARN[0m[2026-08-26T03:17:38.4024+02:00] Not a valid Opa Pdp Message                  
Failed to write to log, can't make directories for new logfile: mkdir /var/logs: permission denied
[33mWARN[0m[2026-08-26T03:17:38.4026+02:00] Not a valid Opa Pdp Message                  
Failed to write to log, can't make directories for new logfile: mkdir /var/logs: permission denied
[33mWARN[0m[2026-08-26T03:17:38.4028+02:00] Not a valid Opa Pdp Message                  
Failed to write to log, can't make directories for new logfile: mkdir /var/logs: permission denied
[33mWARN[0m[2026-08-26T03:17:38.4023+02:00] Ignoring message with unexpected type:       
Failed to write to log, can't make directories for new logfile: mkdir /var/logs: permission denied
[33mWARN[0m[2026-08-26T03:17:38.4030+02:00] Not a valid Opa Pdp Message                  
Failed to write to log, can't make directories for new logfile: mkdir /var/logs: permission denied
[33mWARN[0m[2026-08-26T03:17:38.4036+02:00] Not a valid Opa Pdp Message                  
Failed to write to log, can't make directories for new logfile: mkdir /var/logs: permission denied
[33mWARN[0m[2026-08-26T03:17:38.4039+02:00] Not a valid Opa Pdp Message                  
Failed to write to log, can't make directories for new logfile: mkdir /var/logs: permission denied
[33mWARN[0m[2026-08-26T03:17:38.4040+02:00] Ignoring message with unexpected type:       
Failed to write to log, can't make directories for new logfile: mkdir /var/logs: permission denied
[33mWARN[0m[2026-08-26T03:17:38.4046+02:00] Not a valid Opa Pdp Message                  
Failed to write to log, can't make directories for new logfile: mkdir /var/logs: permission denied
[33mWARN[0m[2026-08-26T03:17:38.4051+02:00] Not a valid Opa Pdp Message                  
Failed to write to log, can't make directories for new logfile: mkdir /var/logs: permission denied
[33mWARN[0m[2026-08-26T03:17:38.4053+02:00] Not a valid Opa Pdp Message                  
Failed to write to log, can't make directories for new logfile: mkdir /var/logs: permission denied
[33mWARN[0m[2026-08-26T03:17:38.4055+02:00] Ignoring message with unexpected type:       
ok  	policy-opa-pdp/cmd/opa-pdp	(cached)
